port_index_number,region_name,port_name,alternate_port_name,un_locode,country_code,water_body,harbor_size,harbor_type,latitude,longitude
7950.0,United States E Coast -- 6585,Maurer, , ,United States,North Atlantic Ocean,Very Small,River (Natural),40.533332999999999,-74.250000000000000
47620.0,Madagascar -- 47350,Iharana, , ,Madagascar,Indian Ocean,Very Small,Coastal (Natural),-13.350000000000000,50.000000000000000
47020.0,Tanzania -- 46965,Chake Chake, , ,Tanzania,Indian Ocean,Small,Coastal (Natural),-5.250000000000000,39.766666999999998
47005.0,Tanzania -- 46965,Mjimwema Terminal, , ,Tanzania,Indian Ocean,Very Small,Open Roadstead,-6.816667000000000,39.366667000000000
44804.0,Turkey Asia -- 44360,Delta Terminal, , ,Turkey,Mediterranean Sea; North Atlantic Ocean,Very Small,Open Roadstead,36.850000000000001,36.166666999999997
50350.0,Indonesia -- 50020,Cinta Oil Terminal, , ,Indonesia,"Indian Ocean, Java Sea; South Pacific Ocean",Very Small,Open Roadstead,-5.500000000000000,106.233333000000002
38330.0,Gibraltar -- 38320,Europa Point, , ,Gibraltar,Strait of Gibraltar; North Atlantic Ocean,Medium,Coastal (Breakwater),36.133333000000000,-5.350000000000000
7010.0,United States E Coast -- 6585,New Harbor, , ,United States,North Atlantic Ocean,Very Small,Coastal (Natural),43.866667000000000,-69.483333000000002
12900.0,Brazil SE Coast -- 12700,Dtse / Gegua Oil Terminal, , ,Brazil,South Atlantic Ocean,Medium,Open Roadstead,-22.816666999999999,-43.149999999999999
48104.0,Saudi Arabia -- 48100,Sharmah,Ash Sharmah, ,Saudi Arabia,Red Sea; Indian Ocean,Very Small,Coastal (Natural),27.933333000000001,35.250000000000000
9210.0,US Gulf Coast -- 8650,Norsworthy, , ,United States,Gulf of Mexico; North Atlantic Ocean,Very Small,River (Natural),29.733332999999998,-95.200000000000003
6750.0,United States E Coast -- 6585,Minturn, , ,United States,North Atlantic Ocean,Very Small,Coastal (Natural),44.149999999999999,-68.450000000000003
6820.0,United States E Coast -- 6585,Criehaven, , ,United States,North Atlantic Ocean,Very Small,Coastal (Breakwater),43.833333000000003,-68.883332999999993
46691.0,Ascension -- 46660,North Point, , ,"Saint Helena, Ascension, and Tristan da Cunha",South Atlantic Ocean,Small,Open Roadstead,-7.883333000000000,-14.366667000000000
57433.0,Thailand -- 57431,Bongkot Terminal, , ,Thailand,Gulf of Thailand; South China Sea; North Pacific Ocean,Very Small,Open Roadstead,8.050000000000001,102.333332999999996
52350.0,Sulawesi -- 51970,Donggala, , ,Indonesia,Makassar Strait; South Pacific Ocean,Very Small,Open Roadstead,-0.650000000000000,119.733333000000002
42415.0,Greece East Coast -- 42010,Larimna,Larmes, ,Greece,Aegean Sea; Mediterranean Sea; North Atlantic Ocean,Very Small,Coastal (Natural),38.566667000000002,23.283332999999999
38420.0,Spain SE Coast -- 38340,Hornillo, , ,Spain,Mediterranean Sea; North Atlantic Ocean,Very Small,Coastal (Natural),37.399999999999999,-1.550000000000000
40245.0,Italy -- 39125,Melilli Oil Terminal, , ,Italy,Mediterranean Sea; North Atlantic Ocean,Very Small,Open Roadstead,37.116667000000000,15.250000000000000
47942.0,Sudan -- 47910,Al Khair Oil Terminal, , ,Sudan,Red Sea; Indian Ocean,Small,Coastal (Natural),19.583333000000000,37.250000000000000
6670.0,United States E Coast -- 6585,Corea, , ,United States,North Atlantic Ocean,Very Small,Coastal (Natural),44.399999999999999,-67.966667000000001
59550.0,Philippine Islands -- 57960,Margosatubig, , ,Philippines,Celebes Sea; North Pacific Ocean,Very Small,Coastal (Natural),7.583333000000000,123.166667000000004
45635.0,Algeria -- 45470,Arzew El Djedid, , ,Algeria,Mediterranean Sea; North Atlantic Ocean,Small,Coastal (Breakwater),35.816667000000002,-0.250000000000000
45822.0,Senegal -- 45817,Karabane,Carabane, ,Senegal,North Atlantic Ocean,Very Small,River (Natural),12.566667000000001,-16.666667000000000
14175.0,Chile -- 14070,Caleta Mina Elena,Mina Elena, ,Chile,South Pacific Ocean,Very Small,Coastal (Natural),-52.683332999999998,-71.900000000000006
6970.0,United States E Coast -- 6585,Monhegan, , ,United States,North Atlantic Ocean,Very Small,Coastal (Natural),43.766666999999998,-69.316666999999995
6710.0,United States E Coast -- 6585,Northeast Harbor, , ,United States,North Atlantic Ocean,Very Small,Coastal (Natural),44.299999999999997,-68.283332999999999
6800.0,United States E Coast -- 6585,Bucks Harbor,South Brooksville, ,United States,North Atlantic Ocean,Very Small,Coastal (Natural),44.333333000000003,-68.733333000000002
6830.0,United States E Coast -- 6585,Matinicus, , ,United States,North Atlantic Ocean,Very Small,Coastal (Breakwater),43.866667000000000,-68.883332999999993
49875.0,Malaysia -- 49820,Malong Marine Terminal, , ,Malaysia,South China Sea; North Pacific Ocean,Very Small,Open Roadstead,4.633333000000000,104.816666999999995
63090.0,Antarctica -- 63060,Admiralty Bay, , ,Antarctica,Bransfield Strait; Drake Passage; South Atlantic Ocean,Very Small,Coastal (Natural),-62.083333000000003,-58.416666999999997
63110.0,Antarctica -- 63060,Melchior Harbor, , ,Antarctica,South Pacific Ocean,Very Small,Coastal (Natural),-64.316666999999995,-63.000000000000000
7900.0,United States E Coast -- 6585,Grasselli, , ,United States,North Atlantic Ocean,Small,River (Natural),40.616667000000000,-74.200000000000003
44807.0,Italy -- 40345,Aksaz Limani, , ,Turkey,Mediterranean Sea; North Atlantic Ocean,Small,Coastal (Natural),36.833333000000003,28.383333000000000
46239.0,Nigeria -- 46120,Egina Oil Terminal, , ,Nigeria,Gulf of Guinea; North Atlantic Ocean,Very Small,Open Roadstead,3.066667000000000,6.700000000000000
47625.0,Madagascar -- 47350,Antsohim Bondrona, , ,Madagascar,Mozambique Channel; Indian Ocean,Very Small,Coastal (Natural),-13.083333000000000,48.833333000000003
42180.0,Greece East Coast -- 42010,Ayios Nikolaos,Arapis, ,Greece,Aegean Sea; Mediterranean Sea; North Atlantic Ocean,Very Small,Coastal (Breakwater),37.983333000000002,23.533332999999999
43384.0,Turkey Europe -- 43325,Borusan Fertilizer Jetty, , ,Turkey,Sea of Marmara; Mediterranean Sea; North Atlantic Ocean,Very Small,Coastal (Natural),40.416666999999997,29.100000000000001
63070.0,Antarctica -- 63060,Ellefsen Harbor, , ,Antarctica,Scotia Sea; South Atlantic Ocean,Very Small,Coastal (Natural),-60.733333000000002,-45.033332999999999
63120.0,Antarctica -- 63060,Andersen Harbor, , ,Antarctica,South Pacific Ocean,Very Small,Coastal (Natural),-64.316666999999995,-62.933332999999998
11360.0,St Martin -- 11355,Baie Du Marigot, , ,France,Caribbean Sea; North Atlantic Ocean,Very Small,Open Roadstead,18.066666999999999,-63.083333000000003
11372.0,St Martin -- 11355,Coles Bay Oil Terminal, , ,Sint Maarten,Caribbean Sea; North Atlantic Ocean,Small,Open Roadstead,18.016667000000002,-63.083333000000003
48057.0,Egypt Red Sea -- 47950,Zafarana Terminal, , ,Egypt,Gulf of Suez; Red Sea; Indian Ocean,Very Small,Open Roadstead,29.166667000000000,32.683332999999998
60205.0,China Continued -- 59850,Suizhang Gang, , ,China,Bo Hai; Yellow Sea; North Pacific Ocean,Very Small,Open Roadstead,40.066667000000002,121.049999999999997
49685.0,Burma (Myanmar) -- 49610,Yetagun Marine Terminal, , ,Burma,Andaman Sea; Indian Ocean,Very Small,Open Roadstead,13.050000000000001,96.849999999999994
47989.0,Egypt Red Sea -- 47950,Zeit Bay Lpg Terminal, , ,Egypt,Gulf of Suez; Red Sea; Indian Ocean,Very Small,Open Roadstead,27.800000000000001,33.566667000000002
51800.0,Indonesia - Borneo -- 51760,Tanjungredeb,Tandjung Redeb, ,Indonesia,Celebes Sea; North Pacific Ocean,Small,River (Natural),2.150000000000000,117.483333000000002
59575.0,Philippine Islands -- 57960,Santa Clara, , ,Philippines,Celebes Sea; North Pacific Ocean,Very Small,Coastal (Natural),7.783333000000000,122.683333000000005
11048.0,Dominican Republic -- 10950,Punta Nizao Oil Terminal, , ,Dominican Republic,Caribbean Sea; North Atlantic Ocean,Small,Open Roadstead,18.199999999999999,-70.200000000000003
57490.0,Cambodia -- 57478,Phsar Ream,Ream, ,Cambodia,Gulf of Thailand; South China Sea; North Pacific Ocean,Very Small,Coastal (Natural),10.500000000000000,103.599999999999994
50932.0,Jawa -- 50920,Tanjung Gerem, , ,Indonesia,"Indian Ocean, Java Sea; South Pacific Ocean",Very Small,Open Roadstead,-5.966667000000000,105.983333000000002
48341.0,Saudi Arabia Continued -- 48330,Ras Al Ghar, , ,Saudi Arabia,Persian Gulf; Indian Ocean,Very Small,Coastal (Breakwater),26.899999999999999,49.866667000000000
7890.0,United States E Coast -- 6585,Port Socony, , ,United States,North Atlantic Ocean,Small,River (Natural),40.549999999999997,-74.250000000000000
11005.0,Dominican Republic -- 10950,Puerto Botado, , ,Dominican Republic,North Atlantic Ocean,Very Small,Coastal (Natural),19.199999999999999,-69.450000000000003
63100.0,Antarctica -- 63060,Port Lockroy, , ,Antarctica,South Pacific Ocean,Very Small,Coastal (Natural),-64.816666999999995,-63.500000000000000
51500.0,Kepulauan Anambas -- 51480,Tarempah, , ,Indonesia,South China Sea; North Pacific Ocean,Very Small,Coastal (Natural),3.216667000000000,106.216667000000001
52440.0,Kepulauan Sangihe -- 52400,Tahuna,Taroena; Tohoena, ,Indonesia,Celebes Sea; North Pacific Ocean,Very Small,Coastal (Natural),3.616667000000000,125.483333000000002
63080.0,Antarctica -- 63060,Scotia Bay, , ,Antarctica,Scotia Sea; South Atlantic Ocean,Very Small,Coastal (Natural),-60.750000000000000,-44.716667000000001
47690.0,Reunion -- 47670,Port Est, , ,Reunion,Indian Ocean,Small,Coastal (Breakwater),-20.933333000000001,55.316667000000002
42790.0,Aegean Islands -- 42640,Vrakhonisis Kallonis,Kalloni, ,Greece,Aegean Sea; Mediterranean Sea; North Atlantic Ocean,Very Small,Coastal (Natural),39.083333000000003,26.083333000000000
45515.0,Algeria -- 45470,Port Methanier, , ,Algeria,Mediterranean Sea; North Atlantic Ocean,Small,Coastal (Breakwater),36.883333000000000,6.950000000000000
9665.0,Honduras East Coast -- 9630,Puerto Este,East Harbor, ,Honduras,Caribbean Sea; North Atlantic Ocean,Very Small,Coastal (Natural),16.083333000000000,-86.900000000000006
35835.0,France NW Coast -- 35720,Port Du Havre-Antifer, , ,France,English Channel; North Atlantic Ocean,Small,Coastal (Breakwater),49.649999999999999,0.150000000000000
7020.0,United States E Coast -- 6585,Pemaquid Beach, , ,United States,North Atlantic Ocean,Very Small,Coastal (Natural),43.866667000000000,-69.533332999999999
40750.0,Italy East Coast -- 40390,Porto Di Malamocco, , ,Italy,Adriatic Sea; Mediterranean Sea; North Atlantic Ocean,Very Small,Canal or Lake,45.333333000000003,12.316667000000001
46544.0,Angola -- 46540,Psvm Terminal, , ,Angola,South Atlantic Ocean,Very Small,Open Roadstead,-6.250000000000000,10.733333000000000
47695.0,Reunion -- 47670,Port Ouest, , ,Reunion,Indian Ocean,Small,Coastal (Breakwater),-20.933333000000001,55.283332999999999
9230.0,US Gulf Coast -- 8650,Sinco, , ,United States,Gulf of Mexico; North Atlantic Ocean,Very Small,River (Natural),29.716667000000001,-95.233333000000002
14020.0,South Georgia -- 14010,Prince Olav Harbor, , ,South Georgia and South Sandwich Islands,South Atlantic Ocean,Very Small,Coastal (Natural),-54.033332999999999,-37.149999999999999
7070.0,United States E Coast -- 6585,Robinhood,Riggsville, ,United States,North Atlantic Ocean,Very Small,River (Natural),43.850000000000001,-69.733333000000002
6980.0,United States E Coast -- 6585,Port Clyde, , ,United States,North Atlantic Ocean,Very Small,Coastal (Natural),43.916666999999997,-69.250000000000000
42440.0,Greece East Coast -- 42010,Stilis, , ,Greece,Aegean Sea; Mediterranean Sea; North Atlantic Ocean,Very Small,Coastal (Natural),38.916666999999997,22.616667000000000
14040.0,South Georgia -- 14010,Stromness Harbor, , ,South Georgia and South Sandwich Islands,South Atlantic Ocean,Very Small,Coastal (Natural),-54.149999999999999,-36.700000000000003
45845.0,Guinea -- 45842,Victoria, , ,Guinea,North Atlantic Ocean,Very Small,River (Natural),10.816667000000001,-14.566667000000001
7000.0,United States E Coast -- 6585,Friendship, ,US FSP,United States,North Atlantic Ocean,Very Small,Coastal (Natural),43.966667000000001,-69.333332999999996
6880.0,United States E Coast -- 6585,Bucksport, ,US BUP,United States,North Atlantic Ocean,Very Small,River (Natural),44.566667000000002,-68.783332999999999
9240.0,US Gulf Coast -- 8650,Houston, ,US HOU,United States,Gulf of Mexico; North Atlantic Ocean,Large,River (Tide Gates),29.750000000000000,-95.283332999999999
12772.0,Brazil SE Coast -- 12700,Aratu, ,BR ARB,Brazil,South Atlantic Ocean,Small,Open Roadstead,-12.783333000000001,-38.500000000000000
10010.0,Bahama Islands -- 9980,Matthew Town, ,BS MAT,The Bahamas,North Atlantic Ocean,Very Small,Open Roadstead,20.949999999999999,-73.683333000000005
7190.0,United States E Coast -- 6585,Newburyport, ,US ZMP,United States,North Atlantic Ocean,Very Small,River (Natural),42.816667000000002,-70.866667000000007
10430.0,Cuba South Coast -- 10310,Ceiba Hueca, ,CU CEI,Cuba,Caribbean Sea; North Atlantic Ocean,Very Small,Open Roadstead,20.216667000000001,-77.316666999999995
60250.0,China Continued -- 59850,Dalian,Dairen; Dalian; Dalian Wan; Ta Cien; Ta Lien,CN DAL,China,Yellow Sea; North Pacific Ocean,Large,Coastal (Breakwater),38.916666999999997,121.666667000000004
48076.0,Israel -- 48075,Elat,Eilat; Elath,IL ETH,Israel,Gulf of Aqaba; Red Sea; Indian Ocean,Small,Coastal (Natural),29.550000000000001,34.950000000000003
47990.0,Egypt Red Sea -- 47950,El Ghardaqa,Hurghada,EG HRG,Egypt,Gulf of Suez; Red Sea; Indian Ocean,Very Small,Coastal (Natural),27.216667000000001,33.850000000000001
47630.0,Madagascar -- 47350,Antsiranana,Antsirana; Diego Suarez; Port De La Nievre; Port Nievre,MG DIE,Madagascar,Indian Ocean,Small,Coastal (Breakwater),-12.266667000000000,49.283332999999999
47130.0,Somalia -- 47120,Kismaayo,Chisimaio; Kisimayu,SO KMU,Somalia,Indian Ocean,Very Small,Coastal (Breakwater),-0.366667000000000,42.549999999999997
47100.0,Kenya -- 47090,Mombasa,Mvita,KE MBA,Kenya,Indian Ocean,Medium,Coastal (Tide Gates),-4.066667000000000,39.666666999999997
45820.0,Senegal -- 45817,Dakar, ,SN DKR,Senegal,North Atlantic Ocean,Medium,Coastal (Breakwater),14.683332999999999,-17.433333000000001
48465.0,Iran -- 48410,Kharg Island Oil Terminal,Jazireh-ye Khark,IR KHK,Iran,Persian Gulf; Indian Ocean,Small,Open Roadstead,29.233332999999998,50.333333000000003
48450.0,Iran -- 48410,Bandar-E Mahshahr, ,IR MRX,Iran,Persian Gulf; Indian Ocean,Small,River (Natural),30.466667000000001,49.183332999999998
41820.0,Greece West Coast -- 41710,Itea,Salona,GR ITA,Greece,Ionian Sea; Mediterranean Sea; North Atlantic Ocean,Very Small,Open Roadstead,38.433332999999998,22.416667000000000
41550.0,Croatia -- 40877,Dubrovnik,Ragusa,HR DBV,Croatia,Adriatic Sea; Mediterranean Sea; North Atlantic Ocean,Small,Coastal (Natural),42.666666999999997,18.083333000000000
39590.0,Italy West Coast -- 39330,Livorno,Leghorn,IT LIV,Italy,Ligurian Sea; Mediterranean Sea; North Atlantic Ocean,Large,Coastal (Breakwater),43.542000000000002,10.289999999999999
39025.0,Monaco -- 39020,Monaco, ,MC MON,Monaco,Mediterranean Sea; North Atlantic Ocean,Very Small,Coastal (Breakwater),43.733333000000002,7.416667000000000
37770.0,Spain N Coast -- 37270,La Coruna, ,ES LCG,Spain,North Atlantic Ocean,Small,Coastal (Natural),43.366667000000000,-8.400000000000000
37120.0,France West Coast -- 36450,Le Verdon, ,FR LVE,France,Bay of Biscay; North Atlantic Ocean,Small,River (Natural),45.549999999999997,-1.050000000000000
42345.0,Greece East Coast -- 42010,Astakos, ,GR AST,Greece,Ionian Sea; Mediterranean Sea; North Atlantic Ocean,Small,Coastal (Natural),38.483333000000002,21.100000000000001
41800.0,Greece West Coast -- 41710,Mesolongion, ,GR MEL,Greece,Ionian Sea; Mediterranean Sea; North Atlantic Ocean,Very Small,Coastal (Breakwater),38.366667000000000,21.416667000000000
45350.0,Libya -- 45200,Abu Khammash, ,LY ABK,Libya,Mediterranean Sea; North Atlantic Ocean,Very Small,Coastal (Natural),33.066667000000002,11.816667000000001
45819.0,Senegal -- 45817,M Bao Oil Terminal, ,SN MBA,Senegal,North Atlantic Ocean,Very Small,Open Roadstead,14.716666999999999,-17.399999999999999
46237.0,Nigeria -- 46120,Agbami Oil Terminal, ,NG ABM,Nigeria,Gulf of Guinea; North Atlantic Ocean,Very Small,Open Roadstead,3.466667000000000,5.566667000000000
42890.0,Kikladhes -- 42870,Andros,Kastron,GR AND,Greece,Aegean Sea; Mediterranean Sea; North Atlantic Ocean,Very Small,Coastal (Natural),37.833333000000003,24.949999999999999
37960.0,Portugal -- 37930,Oporto,Douro,PT DOU,Portugal,North Atlantic Ocean,Very Small,River (Natural),41.149999999999999,-8.666667000000000
60240.0,China Continued -- 59850,Lushun,Port Arthur; Ryojun Ko,CN LSH,China,Yellow Sea; North Pacific Ocean,Very Small,Coastal (Breakwater),38.783332999999999,121.250000000000000
51501.0,Kepulauan Anambas -- 51480,Belanak Field Terminal, ,ID BNT,Indonesia,South China Sea; North Pacific Ocean,Very Small,Open Roadstead,4.150000000000000,106.250000000000000
39820.0,Italy West Coast Cont -- 39730,Fiumicino,Rome,IT FCO,Italy,Tyrrhenian Sea; Mediterranean Sea; North Atlantic Ocean,Small,Canal or Lake,41.771999999999998,12.214000000000000
46900.0,Mozambique -- 46860,Chinde, ,MZ INE,Mozambique,Mozambique Channel; Indian Ocean,Small,River (Natural),-18.566666999999999,36.500000000000000
47420.0,Madagascar -- 47350,Maintirano, ,MG MXT,Madagascar,Mozambique Channel; Indian Ocean,Very Small,Open Roadstead,-18.066666999999999,44.016666999999998
47590.0,Madagascar -- 47350,Maroantsetra, ,MG WMN,Madagascar,Indian Ocean,Very Small,Open Roadstead,-15.449999999999999,49.816667000000002
52240.0,Sulawesi -- 51970,Kendari,Kendari Bay,ID KDI,Indonesia,Banda Sea; South Pacific Ocean,Very Small,Coastal (Natural),-3.966667000000000,122.583332999999996
61360.0,Japan -- 61100,Choshi,Tyosi,JP CHO,Japan,North Pacific Ocean,Very Small,River (Natural),35.733333000000002,140.849999999999994
61555.0,Japan -- 61100,Amagasaki, ,JP AMA,Japan,Sea of Japan; North Pacific Ocean,Small,Coastal (Tide Gates),34.700000000000003,135.383332999999993
44965.0,Cyprus -- 44890,Dhekelia, ,CY DHK,Cyprus,Mediterranean Sea; North Atlantic Ocean,Very Small,Open Roadstead,34.966667000000001,33.716667000000001
45100.0,Israel -- 45060,Ashdod, ,IL ASH,Israel,Mediterranean Sea; North Atlantic Ocean,Small,Coastal (Breakwater),31.816666999999999,34.649999999999999
45620.0,Algeria -- 45470,Mostaganem, ,DZ MOS,Algeria,Mediterranean Sea; North Atlantic Ocean,Very Small,Coastal (Breakwater),35.933332999999998,0.083333000000000
46552.0,Angola -- 46540,Greater Plutonio Terminal, ,AO GPO,Angola,South Atlantic Ocean,Very Small,Open Roadstead,-7.833333000000000,12.100000000000000
49780.0,Thailand -- 49760,Krabi, ,TH KRV,Thailand,Andaman Sea; Indian Ocean,Very Small,River (Natural),8.066667000000001,98.916667000000004
44808.0,Turkey Asia -- 44360,Antalya Offshore Terminal, ,TR UZE,Turkey,Mediterranean Sea; North Atlantic Ocean,Very Small,Open Roadstead,36.816667000000002,30.600000000000001
44820.0,Turkey Asia -- 44360,Antalya,Adalia,TR AYT,Turkey,Mediterranean Sea; North Atlantic Ocean,Small,Coastal (Breakwater),36.833333000000003,30.616667000000000
45630.0,Algeria -- 45470,Arzew, ,DZ AZW,Algeria,Mediterranean Sea; North Atlantic Ocean,Small,Coastal (Breakwater),35.850000000000001,-0.300000000000000
46286.0,Cameroon -- 46250,Moudi Marine Terminal, ,CM MOU,Cameroon,Gulf of Guinea; North Atlantic Ocean,Very Small,Open Roadstead,4.116667000000000,8.483333000000000
57410.0,Malaysia -- 57400,Kuantan New Port, ,MY KUA,Malaysia,South China Sea; North Pacific Ocean,Small,Coastal (Breakwater),3.966667000000000,103.433333000000005
42434.0,Greece East Coast -- 42010,Achladi, ,GR ACL,Greece,Aegean Sea; Mediterranean Sea; North Atlantic Ocean,Very Small,Coastal (Natural),38.899999999999999,22.816666999999999
38083.0,Acores -- 38060,Lajes, ,PT LDP,Portugal,North Atlantic Ocean,Very Small,Coastal (Breakwater),38.399999999999999,-28.266667000000002
38440.0,Spain SE Coast -- 38340,Alicante, ,ES ALC,Spain,Mediterranean Sea; North Atlantic Ocean,Medium,Coastal (Breakwater),38.333333000000003,-0.483333000000000
43130.0,Kriti -- 43080,Iraklion,Candia; Megalo Kastron,GR HER,Greece,Aegean Sea; Mediterranean Sea; North Atlantic Ocean,Medium,Coastal (Breakwater),35.350000000000001,25.149999999999999
12117.0,Venezuela -- 11950,Venterminals, , ,Venezuela,Caribbean Sea; North Atlantic Ocean,Very Small,Open Roadstead,10.483333000000000,-68.033332999999999
8280.0,United States E Coast -- 6585,Norfolk, ,US ORF,United States,North Atlantic Ocean,Large,River (Natural),36.850000000000001,-76.299999999999997
62520.0,Nansei Shoto -- 62470,Ishigaki, ,JP ISG,Japan,East China Sea; North Pacific Ocean,Very Small,Open Roadstead,24.333333000000000,124.166667000000004
7460.0,United States E Coast -- 6585,Greenport, ,US GP4,United States,North Atlantic Ocean,Very Small,Coastal (Breakwater),41.100000000000001,-72.366667000000007
39000.0,France South Coast -- 38710,Villefranche, ,FR VSS,France,Mediterranean Sea; North Atlantic Ocean,Very Small,Coastal (Breakwater),43.700000000000003,7.316667000000000
6910.0,United States E Coast -- 6585,Searsport, ,US SRP,United States,North Atlantic Ocean,Small,River (Natural),44.450000000000003,-68.916667000000004
39261.0,Sardegna -- 39130,Porto Di Oristano, ,IT QOS,Italy,Mediterranean Sea; North Atlantic Ocean,Small,Coastal (Natural),39.866667000000000,8.550000000000001
38870.0,France South Coast -- 38710,Toulon, ,FR TLN,France,Mediterranean Sea; North Atlantic Ocean,Large,Coastal (Breakwater),43.100000000000001,5.916667000000000
15445.0,Panama West Coast -- 15380,Pedregal, ,PA PED,Panama,North Pacific Ocean,Small,River (Natural),8.350000000000000,-82.433333000000005
38095.0,Acores -- 38060,Praia De Vitoria, ,PT PRV,Portugal,North Atlantic Ocean,Very Small,Coastal (Natural),38.716667000000001,-27.050000000000001
40620.0,Italy East Coast -- 40390,Ortona, ,IT OTN,Italy,Adriatic Sea; Mediterranean Sea; North Atlantic Ocean,Small,Coastal (Breakwater),42.350000000000001,14.416667000000000
6950.0,United States E Coast -- 6585,Rockport, ,US RP3,United States,North Atlantic Ocean,Very Small,Coastal (Natural),44.183332999999998,-69.066666999999995
38050.0,Portugal -- 37930,Vila Real De S Antonio, ,PT VNC,Portugal,North Atlantic Ocean,Very Small,River (Natural),37.183332999999998,-7.400000000000000
39215.0,Sardegna -- 39130,Sarroch Oil Terminal,Porto Fox,IT PFX,Italy,Mediterranean Sea; North Atlantic Ocean,Medium,Open Roadstead,39.083333000000003,9.033333000000001
15915.0,Mexico West Coast -- 15700,San Juan De La Costa, ,MX SJC,Mexico,Gulf of California; North Pacific Ocean,Very Small,Open Roadstead,24.399999999999999,-110.700000000000003
39220.0,Sardegna -- 39130,Porto Ponte Romano,Ponte Romano,IT PPF,Italy,Mediterranean Sea; North Atlantic Ocean,Very Small,Open Roadstead,39.049999999999997,8.466666999999999
6680.0,United States E Coast -- 6585,Winter Harbor, ,US WH5,United States,North Atlantic Ocean,Very Small,Coastal (Natural),44.383333000000000,-68.083332999999996
38100.0,Acores -- 38060,Ponta Delgada, ,PT PDL,Portugal,North Atlantic Ocean,Small,Coastal (Breakwater),37.733333000000002,-25.666667000000000
40470.0,Italy East Coast -- 40390,Taranto, ,IT TAR,Italy,Golfo di Taranto; Mediterranean Sea; North Atlantic Ocean,Large,Coastal (Breakwater),40.466667000000001,17.199999999999999
8030.0,United States E Coast -- 6585,New Castle, ,US NSX,United States,North Atlantic Ocean,Very Small,River (Natural),39.649999999999999,-75.566666999999995
45755.0, ,Tanger,Tangier,MA TNG,Morocco,Strait of Gibraltar; North Atlantic Ocean,Medium,Coastal (Breakwater),35.783332999999999,-5.816667000000000
46925.0,Mozambique -- 46860,Pebane, ,MZ PEB,Mozambique,Mozambique Channel; Indian Ocean,Small,River (Natural),-17.266667000000002,38.149999999999999
42570.0,Greece East Coast -- 42010,Stratoni, ,GR STI,Greece,Aegean Sea; Mediterranean Sea; North Atlantic Ocean,Very Small,Coastal (Natural),40.516666999999998,23.833333000000000
42550.0,Greece East Coast -- 42010,Yerakini,Gerakani,GR YER,Greece,Aegean Sea; Mediterranean Sea; North Atlantic Ocean,Very Small,Coastal (Natural),40.266666999999998,23.466667000000001
42780.0,Aegean Islands -- 42640,Plomarion,Potamos,GR PLM,Greece,Aegean Sea; Mediterranean Sea; North Atlantic Ocean,Very Small,Coastal (Breakwater),38.983333000000002,26.366667000000000
41410.0,Croatia -- 40877,Ploce,Kardelievo; Kardeljevo,HR PLE,Croatia,Adriatic Sea; Mediterranean Sea; North Atlantic Ocean,Very Small,Coastal (Natural),43.049999999999997,17.433333000000001
42460.0,Greece East Coast -- 42010,Tsingeli, ,GR TSI,Greece,Aegean Sea; Mediterranean Sea; North Atlantic Ocean,Very Small,Coastal (Natural),39.166666999999997,22.850000000000001
46375.0,Sao Tome and Principe -- 46370,Santo Antonio, ,ST SAA,Sao Tome and Principe,Gulf of Guinea; North Atlantic Ocean,Very Small,Coastal (Natural),1.650000000000000,7.450000000000000
46063.0,Ghana -- 46010,Saltpond, ,GH SPD,Ghana,Gulf of Guinea; North Atlantic Ocean,Very Small,Open Roadstead,5.200000000000000,-1.050000000000000
62175.0,Japan -- 61100,Saiki Ko, ,JP SAE,Japan,East China Sea; North Pacific Ocean,Small,Coastal (Breakwater),32.966667000000001,131.933333000000005
59580.0,Philippine Islands -- 57960,Zamboanga, ,PH ZAM,Philippines,Celebes Sea; North Pacific Ocean,Small,Open Roadstead,6.900000000000000,122.066666999999995
48020.0,Egypt Red Sea -- 47950,Ras Gharib, ,EG RAG,Egypt,Gulf of Suez; Red Sea; Indian Ocean,Very Small,Open Roadstead,28.350000000000001,33.100000000000001
59120.0,Philippine Islands -- 57960,Pulupandan, ,PH PUL,Philippines,Sulu Sea; North Pacific Ocean,Very Small,Open Roadstead,10.516667000000000,122.799999999999997
8290.0,United States E Coast -- 6585,Portsmouth, ,US PTM,United States,North Atlantic Ocean,Small,River (Natural),36.816667000000002,-76.299999999999997
52320.0,Sulawesi -- 51970,Ujung Pandang,Makassar,ID UPG,Indonesia,Makassar Strait; South Pacific Ocean,Medium,Coastal (Breakwater),-5.133333000000000,119.400000000000006
8110.0,United States E Coast -- 6585,Philadelphia, ,US PHL,United States,North Atlantic Ocean,Large,River (Natural),39.950000000000003,-75.133332999999993
50250.0,Indonesia -- 50020,Tanjungpandan,Tandjung Pandan,ID TJQ,Indonesia,Natuna Sea; South China Sea; South Pacific Ocean,Very Small,Open Roadstead,-2.750000000000000,107.633332999999993
62010.0,Japan -- 61100,Uwajima Ko, ,JP UWA,Japan,Sea of Japan; North Pacific Ocean,Very Small,Coastal (Natural),33.216667000000001,132.566666999999995
8025.0,United States E Coast -- 6585,Salem Nj, ,US SEM,United States,North Atlantic Ocean,Very Small,River (Natural),39.666666999999997,-75.483333000000002
16040.0,United States W Coast -- 16000,Isthmus Cove, , ,United States,North Pacific Ocean,Very Small,Coastal (Natural),33.450000000000003,-118.500000000000000
16310.0,United States W Coast -- 16000,Yerbabuena Island, , ,United States,North Pacific Ocean,Very Small,Coastal (Natural),37.816667000000002,-122.366667000000007
16140.0,United States W Coast -- 16000,Ventura, ,US VNT,United States,North Pacific Ocean,Very Small,Open Roadstead,34.283332999999999,-119.283332999999999
16130.0,United States W Coast -- 16000,Prisoners, , ,United States,North Pacific Ocean,Very Small,Open Roadstead,34.016666999999998,-119.683333000000005
9950.0,Bermuda Islands -- 9930,Ireland Island,Freeport,BM FPT,Bermuda,North Atlantic Ocean,Medium,Coastal (Breakwater),32.316667000000002,-64.833332999999996
9995.0,Bahama Islands -- 9980,Clifton Pier, ,BS CLP,The Bahamas,North Atlantic Ocean,Very Small,Open Roadstead,25.000000000000000,-77.549999999999997
46549.0,Angola -- 46540,Girassol Terminal, ,AO GIR,Angola,South Atlantic Ocean,Very Small,Open Roadstead,-7.650000000000000,11.683332999999999
46551.0,Angola -- 46540,Dalia Terminal, ,AO DAL,Angola,South Atlantic Ocean,Very Small,Open Roadstead,-7.683333000000000,11.766667000000000
63095.0,Antarctica -- 63060,Port Foster, ,AQ PFS,Antarctica,Bransfield Strait; Drake Passage; South Atlantic Ocean,Very Small,Coastal (Natural),-62.950000000000003,-60.633333000000000
57830.0,China -- 57815,Guangzhou,Canton; Kuaung Fhou,CN GGZ,China,South China Sea; North Pacific Ocean,Medium,River (Natural),23.116667000000000,113.233333000000002
45670.0,Algeria -- 45470,Ghazaouet,Nemours,DZ GHZ,Algeria,Mediterranean Sea; North Atlantic Ocean,Very Small,Coastal (Breakwater),35.100000000000001,-1.866667000000000
45570.0,Algeria -- 45470,Alger,Algiers,DZ ALG,Algeria,Mediterranean Sea; North Atlantic Ocean,Large,Coastal (Breakwater),36.766666999999998,3.066667000000000
45490.0,Algeria -- 45470,Annaba,Bona; Bone,DZ AAE,Algeria,Mediterranean Sea; North Atlantic Ocean,Medium,Coastal (Breakwater),36.916666999999997,7.766667000000000
44970.0,Cyprus -- 44890,Famagusta, ,CY FMG,Cyprus,Mediterranean Sea; North Atlantic Ocean,Small,Coastal (Breakwater),35.116667000000000,33.933332999999998
44960.0,Cyprus -- 44890,Larnaca, ,CY LCA,Cyprus,Mediterranean Sea; North Atlantic Ocean,Small,Coastal (Breakwater),34.916666999999997,33.649999999999999
15480.0,Costa Rica West Coast -- 15470,Golfito, ,CR GLF,Costa Rica,North Pacific Ocean,Small,Coastal (Natural),8.633333000000000,-83.166667000000004
10500.0,Cuba South Coast -- 10310,Jucaro, ,CU JUC,Cuba,Caribbean Sea; North Atlantic Ocean,Very Small,Open Roadstead,21.616667000000000,-78.849999999999994
45520.0,Algeria -- 45470,Collo, ,DZ COL,Algeria,Mediterranean Sea; North Atlantic Ocean,Very Small,Coastal (Natural),37.000000000000000,6.583333000000000
45525.0,Algeria -- 45470,Djen-Djen, ,DZ DJE,Algeria,Mediterranean Sea; North Atlantic Ocean,Very Small,Coastal (Breakwater),36.816667000000002,5.883333000000000
45530.0,Algeria -- 45470,Jijel,Djidjelli; Jijelli,DZ DJI,Algeria,Mediterranean Sea; North Atlantic Ocean,Very Small,Coastal (Breakwater),36.833333000000003,5.783333000000000
11908.0,Colombia North Coast -- 11860,El Bosque, ,CO EBQ,Colombia,Caribbean Sea; North Atlantic Ocean,Small,Coastal (Natural),10.400000000000000,-75.533332999999999
60170.0,China Continued -- 59850,Longkou Gang,Lungkow,CN LKU,China,Bo Hai; Yellow Sea; North Pacific Ocean,Small,Coastal (Natural),37.633333000000000,120.283332999999999
60215.0,China Continued -- 59850,Jinzhou Wan, ,CN JNZ,China,Bo Hai; Yellow Sea; North Pacific Ocean,Very Small,Open Roadstead,40.750000000000000,121.099999999999994
44900.0,Cyprus -- 44890,Kyrenia, ,CY KYR,Cyprus,Mediterranean Sea; North Atlantic Ocean,Very Small,Coastal (Breakwater),35.350000000000001,33.333333000000003
10420.0,Cuba South Coast -- 10310,Media Luna, ,CU MEL,Cuba,Caribbean Sea; North Atlantic Ocean,Very Small,Open Roadstead,20.149999999999999,-77.433333000000005
11905.0,Colombia North Coast -- 11860,Mamonal, ,CO MAM,Colombia,Caribbean Sea; North Atlantic Ocean,Small,Open Roadstead,10.316667000000001,-75.516666999999998
45560.0,Algeria -- 45470,Dellys, ,DZ DEL,Algeria,Mediterranean Sea; North Atlantic Ocean,Very Small,Coastal (Breakwater),36.916666999999997,3.916667000000000
57822.0,China -- 57815,Huangpu, ,CN HUA,China,South China Sea; North Pacific Ocean,Small,River (Natural),23.083333000000000,113.416667000000004
60210.0,China Continued -- 59850,Huludao Gang, ,CN HUD,China,Bo Hai; Yellow Sea; North Pacific Ocean,Very Small,Coastal (Breakwater),40.700000000000003,120.983333000000002
60230.0,China Continued -- 59850,Bayuquan, ,CN BYQ,China,Bo Hai; Yellow Sea; North Pacific Ocean,Very Small,Open Roadstead,40.299999999999997,122.083332999999996
45510.0,Algeria -- 45470,Skikda,Phillippeville,DZ SKI,Algeria,Mediterranean Sea; North Atlantic Ocean,Small,Coastal (Breakwater),36.883333000000000,6.916667000000000
45610.0,Algeria -- 45470,Tenes, ,DZ TEN,Algeria,Mediterranean Sea; North Atlantic Ocean,Very Small,Open Roadstead,36.533332999999999,1.316667000000000
11821.0,Curacao -- 11785,Sint Michelsbaai, ,CW SMB,Curacao,Caribbean Sea; North Atlantic Ocean,Very Small,Open Roadstead,12.133333000000000,-69.016666999999998
45880.0,Cape Verde -- 45869,Porto Grande,Mindelo,CV GRA,Cabo Verde,North Atlantic Ocean,Very Small,Coastal (Natural),16.883333000000000,-25.000000000000000
48015.0,Egypt Red Sea -- 47950,Ras Shukhier,Aras Shukhayr,EG RSH,Egypt,Gulf of Suez; Red Sea; Indian Ocean,Medium,Open Roadstead,28.133333000000000,33.283332999999999
48025.0,Egypt Red Sea -- 47950,Ras Badran Oil Terminal,Ras Budran,EG RAB,Egypt,Gulf of Suez; Red Sea; Indian Ocean,Very Small,Open Roadstead,28.949999999999999,33.166666999999997
60165.0,China Continued -- 59850,Penglai, ,CN PLI,China,Yellow Sea; North Pacific Ocean,Very Small,Coastal (Natural),37.816667000000002,120.833332999999996
48065.0,Egypt Red Sea -- 47950,Wadi Feiran, ,EG WAF,Egypt,Gulf of Suez; Red Sea; Indian Ocean,Small,Open Roadstead,28.750000000000000,33.200000000000003
47988.0,Egypt Red Sea -- 47950,Sharm El Sheikh, ,EG SSH,Egypt,Red Sea; Indian Ocean,Very Small,Open Roadstead,27.850000000000001,34.283332999999999
60193.0,China Continued -- 59850,Tangshan (Jingtang),Jingtang,CN TGS,China,Bo Hai; Yellow Sea; North Pacific Ocean,Very Small,Coastal (Breakwater),39.200000000000003,119.016666999999998
48053.0,Egypt Red Sea -- 47950,Ras Sudr, ,EG RSU,Egypt,Gulf of Suez; Red Sea; Indian Ocean,Very Small,Open Roadstead,29.583333000000000,32.700000000000003
10520.0,Cuba South Coast -- 10310,Tunas De Zaza, ,CU TDZ,Cuba,Caribbean Sea; North Atlantic Ocean,Very Small,Open Roadstead,21.633333000000000,-79.549999999999997
60150.0,China Continued -- 59850,Weihai, ,CN WEG,China,Yellow Sea; North Pacific Ocean,Medium,Coastal (Natural),37.500000000000000,122.099999999999994
11030.0,Dominican Republic -- 10950,San Pedro De Macoris, ,DO SPM,Dominican Republic,Caribbean Sea; North Atlantic Ocean,Small,River (Natural),18.449999999999999,-69.316666999999995
45730.0, ,Ceuta, ,ES CEU,Spain,Strait of Gibraltar; North Atlantic Ocean,Medium,Coastal (Breakwater),35.899999999999999,-5.316667000000000
38990.0,France South Coast -- 38710,Nice, ,FR NCE,France,Mediterranean Sea; North Atlantic Ocean,Small,Coastal (Breakwater),43.700000000000003,7.283333000000000
38775.0,France South Coast -- 38710,Fos, ,FR FOS,France,Gulf of Lion; Mediterranean Sea; North Atlantic Ocean,Very Small,Coastal (Breakwater),43.416666999999997,4.883333000000000
38290.0,Spain SW Coast -- 38200,Cadiz, ,ES CAD,Spain,North Atlantic Ocean,Medium,Coastal (Breakwater),36.533332999999999,-6.300000000000000
38220.0,Spain SW Coast -- 38200,Huelva, ,ES HUV,Spain,North Atlantic Ocean,Medium,River (Natural),37.250000000000000,-6.950000000000000
37740.0,Spain N Coast -- 37270,Ferrol, ,ES FRO,Spain,North Atlantic Ocean,Medium,River (Natural),43.483333000000002,-8.233333000000000
37560.0,Spain N Coast -- 37270,Gijon, ,ES GIJ,Spain,Bay of Biscay; North Atlantic Ocean,Small,Coastal (Breakwater),43.549999999999997,-5.666667000000000
37230.0,France West Coast -- 36450,Bayonne, ,FR BAY,France,Bay of Biscay; North Atlantic Ocean,Medium,River (Natural),43.500000000000000,-1.466667000000000
36900.0,France West Coast -- 36450,Nantes, ,FR NTE,France,Bay of Biscay; North Atlantic Ocean,Medium,River (Natural),47.200000000000003,-1.566667000000000
36860.0,France West Coast -- 36450,Donges, ,FR DON,France,Bay of Biscay; North Atlantic Ocean,Small,River (Natural),47.299999999999997,-2.066667000000000
35870.0,France NW Coast -- 35720,Deauville, ,FR DOL,France,English Channel; North Atlantic Ocean,Very Small,Canal or Lake,49.366667000000000,0.083333000000000
38310.0,Spain SW Coast -- 38200,Algeciras, ,ES ALG,Spain,Strait of Gibraltar; North Atlantic Ocean,Small,Coastal (Breakwater),36.133333000000000,-5.433333000000000
37600.0,Spain N Coast -- 37270,Aviles, ,ES AVS,Spain,Bay of Biscay; North Atlantic Ocean,Small,Canal or Lake,43.600000000000001,-5.933333000000000
38375.0,Spain SE Coast -- 38340,Motril, ,ES MOT,Spain,Mediterranean Sea; North Atlantic Ocean,Very Small,Coastal (Breakwater),36.750000000000000,-3.516667000000000
38390.0,Spain SE Coast -- 38340,Almeria, ,ES LEI,Spain,Mediterranean Sea; North Atlantic Ocean,Small,Coastal (Breakwater),36.833333000000003,-2.466667000000000
38500.0,Spain SE Coast -- 38340,El Grao,Castellon De La Plana,ES GCS,Spain,Balearic Sea; Mediterranean Sea; North Atlantic Ocean,Very Small,Coastal (Breakwater),39.966667000000001,0.016667000000000
38610.0,Islas Baleares -- 38600,Ibiza,Iziza,ES IBZ,Spain,Mediterranean Sea; North Atlantic Ocean,Very Small,Coastal (Breakwater),38.899999999999999,1.450000000000000
39080.0,Corse -- 39040,Bonifacio, ,FR BON,France,Mediterranean Sea; North Atlantic Ocean,Very Small,Coastal (Natural),41.383333000000000,9.166667000000000
36620.0,France West Coast -- 36450,Concarneau, ,FR COC,France,Bay of Biscay; North Atlantic Ocean,Very Small,Coastal (Breakwater),47.866667000000000,-3.916667000000000
35830.0,France NW Coast -- 35720,Fecamp, ,FR FEC,France,English Channel; North Atlantic Ocean,Small,Canal or Lake,49.766666999999998,0.366667000000000
36855.0,France NW Coast Cont -- 36060,Montoir, ,FR MTX,France,Bay of Biscay; North Atlantic Ocean,Medium,River (Natural),47.299999999999997,-2.133333000000000
37350.0,Spain N Coast -- 37270,Bermeo, ,ES BRM,Spain,Bay of Biscay; North Atlantic Ocean,Very Small,Coastal (Breakwater),43.416666999999997,-2.716667000000000
38380.0,Spain SE Coast -- 38340,Adra, ,ES ADR,Spain,Mediterranean Sea; North Atlantic Ocean,Very Small,Coastal (Breakwater),36.733333000000002,-3.033333000000000
38410.0,Spain SE Coast -- 38340,Aguilas, ,ES AGU,Spain,Mediterranean Sea; North Atlantic Ocean,Very Small,Coastal (Natural),37.399999999999999,-1.566667000000000
38460.0,Spain SE Coast -- 38340,Puerto De Gandia, ,ES GAN,Spain,Balearic Sea; Mediterranean Sea; North Atlantic Ocean,Very Small,Coastal (Breakwater),39.000000000000000,-0.150000000000000
35880.0,France NW Coast -- 35720,Port De Caen,Ouistreham,FR CFR,France,English Channel; North Atlantic Ocean,Small,Canal or Lake,49.183332999999998,-0.350000000000000
37470.0,Spain N Coast -- 37270,Santander, ,ES SDR,Spain,Bay of Biscay; North Atlantic Ocean,Medium,River (Natural),43.466667000000001,-3.783333000000000
38435.0,Spain SE Coast -- 38340,Torrevieja,Puerto De Torrevieja,ES TOR,Spain,Mediterranean Sea; North Atlantic Ocean,Very Small,Coastal (Breakwater),37.966667000000001,-0.683333000000000
38940.0,France South Coast -- 38710,Saint-Raphael, ,FR SRL,France,Mediterranean Sea; North Atlantic Ocean,Very Small,Coastal (Breakwater),43.416666999999997,6.766667000000000
38398.0,Spain SE Coast -- 38340,Puerto De Garrucha, ,ES GAR,Spain,Mediterranean Sea; North Atlantic Ocean,Very Small,Coastal (Breakwater),37.183332999999998,-1.816667000000000
38280.0,Spain SW Coast -- 38200,Rota, ,ES ROT,Spain,North Atlantic Ocean,Very Small,Coastal (Breakwater),36.616667000000000,-6.333333000000000
35885.0,France NW Coast -- 35720,Ouistreham, ,FR OUI,France,English Channel; North Atlantic Ocean,Very Small,Canal or Lake,49.283332999999999,-0.250000000000000
38150.0,Islas Canarias -- 38140,Santa Cruz De La Palma, ,ES SPC,Spain,North Atlantic Ocean,Very Small,Coastal (Breakwater),28.683333000000001,-17.750000000000000
38780.0,France South Coast -- 38710,Port-de-Bouc,Lavera,FR PDB,France,Gulf of Lion; Mediterranean Sea; North Atlantic Ocean,Small,Coastal (Breakwater),43.399999999999999,4.983333000000000
38730.0,France South Coast -- 38710,Port-La-Nouvelle,La Nouvelle,FR NOU,France,Gulf of Lion; Mediterranean Sea; North Atlantic Ocean,Small,Canal or Lake,43.016666999999998,3.066667000000000
61662.0,Japan -- 61100,Iwakuni Ko, ,JP IWK,Japan,Sea of Japan; North Pacific Ocean,Medium,Open Roadstead,34.183332999999998,132.250000000000000
50140.0,Indonesia -- 50020,Muntok, ,ID MUO,Indonesia,Natuna Sea; South China Sea; South Pacific Ocean,Very Small,Coastal (Natural),-2.066667000000000,105.166667000000004
40590.0,Italy East Coast -- 40390,Manfredonia, ,IT MFR,Italy,Adriatic Sea; Mediterranean Sea; North Atlantic Ocean,Small,Coastal (Breakwater),41.616667000000000,15.916667000000000
39810.0,Italy West Coast Cont -- 39730,Civitavecchia, ,IT CVV,Italy,Tyrrhenian Sea; Mediterranean Sea; North Atlantic Ocean,Large,Coastal (Breakwater),42.101999999999997,11.771000000000001
41420.0,Croatia -- 40877,Korcula, ,HR KOR,Croatia,Adriatic Sea; Mediterranean Sea; North Atlantic Ocean,Very Small,Coastal (Natural),42.933332999999998,17.133333000000000
41840.0,Greece West Coast -- 41710,Aigio,Aegion; Ormos Aiyiou; Vostitza,GR GIE,Greece,Ionian Sea; Mediterranean Sea; North Atlantic Ocean,Very Small,Open Roadstead,38.250000000000000,22.083333000000000
39140.0,Sardegna -- 39130,Maddalena,La Maddalena,IT MDA,Italy,Tyrrhenian Sea; Mediterranean Sea; North Atlantic Ocean,Small,Coastal (Natural),41.207999999999998,9.403000000000000
39370.0,Italy West Coast -- 39330,Imperia, ,IT IMP,Italy,Mediterranean Sea; North Atlantic Ocean,Small,Coastal (Breakwater),43.883333000000000,8.033333000000001
40170.0,Sicilia -- 40090,Marsala, ,IT MRA,Italy,Mediterranean Sea; North Atlantic Ocean,Small,Coastal (Breakwater),37.783332999999999,12.433332999999999
40180.0,Sicilia -- 40090,Mazara Del Vallo, ,IT MAZ,Italy,Mediterranean Sea; North Atlantic Ocean,Small,Coastal (Tide Gates),37.643999999999998,12.592000000000001
50925.0,Jawa -- 50920,Banten, ,ID BTN,Indonesia,"Indian Ocean, Java Sea; South Pacific Ocean",Very Small,Open Roadstead,-6.016667000000000,105.966667000000001
51855.0,Indonesia - Borneo -- 51760,North Pulau Laut Coal Terminal, ,ID NPL,Indonesia,Makassar Strait; South Pacific Ocean,Very Small,Open Roadstead,-3.200000000000000,116.283332999999999
51400.0,Lesser Sunda Islands -- 51250,Kupang, ,ID KOE,Indonesia,Savu Sea; Indian Ocean,Small,Coastal (Natural),-10.166667000000000,123.583332999999996
48420.0,Iran -- 48410,Khorramshahr, ,IR KHO,Iran,Persian Gulf; Indian Ocean,Medium,River (Natural),30.433333000000001,48.183332999999998
50930.0,Jawa -- 50920,Anyer Lor, ,ID ANR,Indonesia,Indian Ocean,Very Small,Open Roadstead,-6.050000000000000,105.916667000000004
51280.0,Lesser Sunda Islands -- 51250,Ampenan, ,ID AMP,Indonesia,Bali Sea; Java Sea; South Pacific Ocean,Very Small,Open Roadstead,-8.566667000000001,116.066666999999995
41350.0,Croatia -- 40877,Dugi Rat, ,HR DUR,Croatia,Adriatic Sea; Mediterranean Sea; North Atlantic Ocean,Very Small,Coastal (Natural),43.450000000000003,16.649999999999999
42980.0,Kikladhes -- 42870,Nisos Naxos,Naxia,GR JNX,Greece,Aegean Sea; Mediterranean Sea; North Atlantic Ocean,Very Small,Open Roadstead,37.100000000000001,25.366667000000000
62400.0,Japan -- 61100,Imari, ,JP IMI,Japan,Korea Strait; North Pacific Ocean,Very Small,River (Natural),33.283332999999999,129.883332999999993
62190.0,Japan -- 61100,Hososhima Ko, ,JP HSM,Japan,East China Sea; North Pacific Ocean,Very Small,Coastal (Breakwater),32.433332999999998,131.666666999999990
62340.0,Japan -- 61100,Aokata, ,JP AOK,Japan,Korea Strait; North Pacific Ocean,Very Small,Open Roadstead,32.983333000000002,129.066666999999995
62440.0,Japan -- 61100,Izuhara, ,JP IZH,Japan,Korea Strait; North Pacific Ocean,Very Small,Coastal (Natural),34.200000000000003,129.300000000000011
61960.0,Japan -- 61100,Komatsushima, ,JP KOM,Japan,Sea of Japan; North Pacific Ocean,Small,Coastal (Breakwater),34.016666999999998,134.599999999999994
62333.0,Japan -- 61100,Matsu-Shima, ,JP MTS,Japan,East China Sea; North Pacific Ocean,Very Small,Open Roadstead,32.933332999999998,129.599999999999994
43120.0,Kriti -- 43080,Rethimnon, ,GR RET,Greece,Aegean Sea; Mediterranean Sea; North Atlantic Ocean,Very Small,Coastal (Breakwater),35.366667000000000,24.466667000000001
9680.0,Honduras East Coast -- 9630,Trujillo, ,HN TJI,Honduras,Caribbean Sea; North Atlantic Ocean,Very Small,Open Roadstead,15.916667000000000,-85.950000000000003
43100.0,Kriti -- 43080,Soudha,Azizieh; Suda,GR SDH,Greece,Aegean Sea; Mediterranean Sea; North Atlantic Ocean,Medium,Coastal (Natural),35.483333000000002,24.183333000000001
42230.0,Greece East Coast -- 42010,Piraievs,Athens; Dhrapetsdna,GR PIR,Greece,Aegean Sea; Mediterranean Sea; North Atlantic Ocean,Large,Coastal (Breakwater),37.933332999999998,23.649999999999999
41010.0,Croatia -- 40877,Rijeka Luka,Baross; Branjoica; Brgud; Fiume; Luka Rijeka; Nazar Sauro; Susacka; Susaka,HR RJK,Croatia,Adriatic Sea; Mediterranean Sea; North Atlantic Ocean,Large,River (Basins),45.333333000000003,14.433332999999999
40880.0,Croatia -- 40877,Umag, ,HR UMG,Croatia,Adriatic Sea; Mediterranean Sea; North Atlantic Ocean,Very Small,Coastal (Breakwater),45.433332999999998,13.516667000000000
51130.0,Jawa -- 50920,Surabaya,Tanjung Perak,ID SUB,Indonesia,Bali Sea; Java Sea; South Pacific Ocean,Medium,Coastal (Breakwater),-7.200000000000000,112.733333000000002
61980.0,Japan -- 61100,Susaki Ko, ,JP SUZ,Japan,Sea of Japan; North Pacific Ocean,Very Small,Coastal (Breakwater),33.383333000000000,133.300000000000011
62170.0,Japan -- 61100,Tsukumi Ko, ,JP TMI,Japan,Korea Strait; North Pacific Ocean,Very Small,Coastal (Breakwater),33.083333000000003,131.866667000000007
61965.0,Japan -- 61100,Tachibana,Anan,JP TBN,Japan,Sea of Japan; North Pacific Ocean,Very Small,Coastal (Breakwater),33.866667000000000,134.666666999999990
50210.0,Indonesia -- 50020,Pangkalpinang, ,ID PGK,Indonesia,Natuna Sea; South China Sea; South Pacific Ocean,Very Small,Open Roadstead,-2.116667000000000,106.133332999999993
51502.0,Kepulauan Anambas -- 51480,Udang Oilfield, ,ID UDG,Indonesia,South China Sea; North Pacific Ocean,Very Small,Open Roadstead,4.033333000000000,106.483333000000002
48399.0,Iraq -- 48375,Umm Qasr, ,IQ UQR,Iraq,Persian Gulf; Indian Ocean,Small,River (Natural),30.016667000000002,47.950000000000003
61760.0,Japan -- 61100,Sakaiminato, ,JP SMN,Japan,Sea of Japan; North Pacific Ocean,Very Small,Coastal (Natural),35.533332999999999,133.233332999999988
50935.0,Jawa -- 50920,Tanjung Sekong,Merak Petroleum Base,ID TSE,Indonesia,"Indian Ocean, Java Sea; South Pacific Ocean",Very Small,Coastal (Natural),-5.916667000000000,106.000000000000000
61540.0,Japan -- 61100,Tanabe Ko, ,JP TAE,Japan,Sea of Japan; North Pacific Ocean,Very Small,Coastal (Natural),33.716667000000001,135.366667000000007
62121.0,Japan -- 61100,Yahata,Yawata,JP YWT,Japan,Korea Strait; North Pacific Ocean,Small,River (Basins),33.866667000000000,130.816666999999995
40440.0,Italy East Coast -- 40390,Crotone,Porto Di Crotone,IT CRV,Italy,Ionian Sea; Mediterranean Sea; North Atlantic Ocean,Small,Coastal (Breakwater),39.078000000000003,17.135999999999999
40580.0,Italy East Coast -- 40390,Porto Di Barletta, ,IT BLT,Italy,Adriatic Sea; Mediterranean Sea; North Atlantic Ocean,Very Small,Coastal (Breakwater),41.334000000000003,16.292000000000002
40530.0,Italy East Coast -- 40390,Bari, ,IT BRI,Italy,Adriatic Sea; Mediterranean Sea; North Atlantic Ocean,Medium,Coastal (Breakwater),41.146000000000001,16.846000000000000
40660.0,Italy East Coast -- 40390,Ancona, ,IT AOI,Italy,Adriatic Sea; Mediterranean Sea; North Atlantic Ocean,Small,Coastal (Breakwater),43.628999999999998,13.494000000000000
48460.0,Iran -- 48410,Bandar Khomeyni,Banda-e Iman Khomeyni,IR BKM,Iran,Persian Gulf; Indian Ocean,Small,Open Roadstead,30.433333000000001,49.083333000000003
43165.0,Kriti -- 43080,Kali Limenes, ,GR KLL,Greece,Mediterranean Sea; North Atlantic Ocean,Very Small,Coastal (Natural),34.933332999999998,24.833333000000000
41720.0,Greece West Coast -- 41710,Kerkira,Corfu,GR CFU,Greece,Ionian Sea; Mediterranean Sea; North Atlantic Ocean,Medium,Open Roadstead,39.616667000000000,19.933333000000001
39960.0,Italy West Coast Cont -- 39730,Napoli,Naples,IT NAP,Italy,Tyrrhenian Sea; Mediterranean Sea; North Atlantic Ocean,Large,Coastal (Breakwater),40.832999999999998,14.275000000000000
42905.0,Kikladhes -- 42870,Mikonos,Mykonos,GR JMK,Greece,Aegean Sea; Mediterranean Sea; North Atlantic Ocean,Very Small,Coastal (Natural),37.450000000000003,25.333333000000000
42600.0,Greece East Coast -- 42010,Kavala, ,GR KVA,Greece,Aegean Sea; Mediterranean Sea; North Atlantic Ocean,Small,Coastal (Breakwater),40.933332999999998,24.399999999999999
39830.0,Italy West Coast Cont -- 39730,Anzio - Nettuno, ,IT ANZ,Italy,Tyrrhenian Sea; Mediterranean Sea; North Atlantic Ocean,Very Small,Coastal (Breakwater),41.445999999999998,12.637000000000000
39860.0,Italy West Coast Cont -- 39730,Gaeta, ,IT GAE,Italy,Tyrrhenian Sea; Mediterranean Sea; North Atlantic Ocean,Small,Coastal (Breakwater),41.222999999999999,13.577000000000000
40550.0,Italy East Coast -- 40390,Molfetta, ,IT MOL,Italy,Adriatic Sea; Mediterranean Sea; North Atlantic Ocean,Small,Coastal (Breakwater),41.216667000000001,16.600000000000001
42120.0,Greece East Coast -- 42010,Lavrio, ,GR LAV,Greece,Aegean Sea; Mediterranean Sea; North Atlantic Ocean,Very Small,Coastal (Breakwater),37.700000000000003,24.066666999999999
51120.0,Jawa -- 50920,Gresik, ,ID GRE,Indonesia,Bali Sea; Java Sea; South Pacific Ocean,Small,Open Roadstead,-7.150000000000000,112.650000000000006
50070.0,Indonesia -- 50020,Lalang Marine Terminal, ,ID LAT,Indonesia,Strait of Malacca; Indian Ocean,Very Small,Open Roadstead,1.183333000000000,102.216667000000001
61425.0,Japan -- 61100,Omaezaki Ko, ,JP OMZ,Japan,North Pacific Ocean,Small,Coastal (Breakwater),34.600000000000001,138.233332999999988
61720.0,Japan -- 61100,Hagi Ko, ,JP HAG,Japan,Sea of Japan; North Pacific Ocean,Very Small,Coastal (Natural),34.416666999999997,131.400000000000006
61730.0,Japan -- 61100,Hamada Ko, ,JP HMD,Japan,Sea of Japan; North Pacific Ocean,Very Small,Coastal (Breakwater),34.899999999999999,132.083333000000010
42630.0,Greece East Coast -- 42010,Alexandroupoli, ,GR AXD,Greece,Aegean Sea; Mediterranean Sea; North Atlantic Ocean,Medium,Coastal (Breakwater),40.833333000000003,25.883333000000000
42840.0,Aegean Islands -- 42640,Neon Karlovas,Karlovasion; Neon Karlovasion,GR KAR,Greece,Aegean Sea; Mediterranean Sea; North Atlantic Ocean,Small,Coastal (Breakwater),37.799999999999997,26.683333000000001
42880.0,Kikladhes -- 42870,Gavrio, ,GR GAV,Greece,Aegean Sea; Mediterranean Sea; North Atlantic Ocean,Very Small,Coastal (Natural),37.883333000000000,24.733332999999998
39190.0,Sardegna -- 39130,Arbatax, ,IT ATX,Italy,Tyrrhenian Sea; Mediterranean Sea; North Atlantic Ocean,Very Small,Coastal (Breakwater),39.933332999999998,9.699999999999999
39550.0,Italy West Coast -- 39330,Marina Di Carrara,Apuania; Carrara,IT MDC,Italy,Ligurian Sea; Mediterranean Sea; North Atlantic Ocean,Very Small,Coastal (Breakwater),44.027000000000001,10.047000000000001
41790.0,Greece West Coast -- 41710,Argostolion, ,GR ARM,Greece,Mediterranean Sea; North Atlantic Ocean,Very Small,Coastal (Natural),38.183332999999998,20.516667000000002
41880.0,Greece West Coast -- 41710,Katakolon, ,GR KAK,Greece,Mediterranean Sea; North Atlantic Ocean,Very Small,Coastal (Breakwater),37.649999999999999,21.316666999999999
42050.0,Greece East Coast -- 42010,Navplio,Nauplia,GR NPK,Greece,Aegean Sea; Mediterranean Sea; North Atlantic Ocean,Very Small,Coastal (Breakwater),37.566667000000002,22.800000000000001
42160.0,Greece East Coast -- 42010,Megara Oil Terminal, ,GR MGR,Greece,Aegean Sea; Mediterranean Sea; North Atlantic Ocean,Very Small,Open Roadstead,37.966667000000001,23.399999999999999
61790.0,Japan -- 61100,Miyazu, ,JP MIY,Japan,Sea of Japan; North Pacific Ocean,Medium,Coastal (Natural),35.533332999999999,135.199999999999989
61541.0,Japan -- 61100,Yura, ,JP YUA,Japan,Sea of Japan; North Pacific Ocean, , ,33.950000000000003,135.099999999999994
41290.0,Croatia -- 40877,Sibenik,Sebenico,HR SIB,Croatia,Adriatic Sea; Mediterranean Sea; North Atlantic Ocean,Small,Coastal (Natural),43.733333000000002,15.883333000000000
42340.0,Greece East Coast -- 42010,Ormos Aliveriou, ,GR LVR,Greece,Aegean Sea; Mediterranean Sea; North Atlantic Ocean,Medium,Coastal (Breakwater),38.383333000000000,24.050000000000001
42070.0,Greece East Coast -- 42010,Spetses, , ,Greece,Aegean Sea; Mediterranean Sea; North Atlantic Ocean,Very Small,Open Roadstead,37.266666999999998,23.166667000000000
41850.0,Greece West Coast -- 41710,Patrai,Patari Harbor; Patras; Patron,GR GPA,Greece,Ionian Sea; Mediterranean Sea; North Atlantic Ocean,Small,Coastal (Breakwater),38.250000000000000,21.733332999999998
39610.0,Italy West Coast -- 39330,Vada, ,IT VDA,Italy,Ligurian Sea; Mediterranean Sea; North Atlantic Ocean,Very Small,Open Roadstead,43.350000000000001,10.449999999999999
40240.0,Sicilia -- 40090,Siracusa,Syracuse,IT SIR,Italy,Mediterranean Sea; North Atlantic Ocean,Large,Coastal (Breakwater),37.049999999999997,15.283333000000001
39990.0,Italy West Coast Cont -- 39730,Torre Annunziata, ,IT TOA,Italy,Tyrrhenian Sea; Mediterranean Sea; North Atlantic Ocean,Small,Coastal (Breakwater),40.750000000000000,14.449999999999999
40760.0,Italy East Coast -- 40390,Porto Di Lido-Venezia,Porto Di Lido; Venezia; Venice,IT VCE,Italy,Adriatic Sea; Mediterranean Sea; North Atlantic Ocean,Large,Coastal (Breakwater),45.416666999999997,12.433332999999999
40040.0,Italy West Coast Cont -- 39730,Salerno, ,IT SAL,Italy,Tyrrhenian Sea; Mediterranean Sea; North Atlantic Ocean,Small,Coastal (Breakwater),40.666666999999997,14.750000000000000
50120.0,Indonesia -- 50020,Toboali,Sabang,ID TBL,Indonesia,Java Sea; South Pacific Ocean,Very Small,Open Roadstead,-3.016667000000000,106.450000000000003
61750.0,Japan -- 61100,Sakai Ko, ,JP SAK,Japan,Sea of Japan; North Pacific Ocean,Small,Coastal (Natural),35.549999999999997,133.250000000000000
50380.0,Indonesia -- 50020,Panjang,East Harbor; Oosthaven,ID PNJ,Indonesia,Indian Ocean,Very Small,Coastal (Natural),-5.466667000000000,105.316666999999995
40130.0,Sicilia -- 40090,Porto Di Palermo, ,IT PMO,Italy,Tyrrhenian Sea; Mediterranean Sea; North Atlantic Ocean,Small,Coastal (Breakwater),38.119000000000000,13.380000000000001
39740.0,Italy West Coast Cont -- 39730,Portovecchio Di Piombino,Vecchio Di Piombino,IT PIO,Italy,Tyrrhenian Sea; Mediterranean Sea; North Atlantic Ocean,Very Small,Coastal (Breakwater),42.933000000000000,10.557000000000000
59485.0,Philippine Islands -- 57960,General Santos,Dadiangas; Makar,PH GES,Philippines,Celebes Sea; North Pacific Ocean,Very Small,Coastal (Natural),6.116667000000000,125.183333000000005
59345.0,Philippine Islands -- 57960,Nasipit Port,Masao,PH NAS,Philippines,Bohol Sea; Philippine inland seas; North Pacific Ocean,Very Small,River (Natural),8.983333000000000,125.333332999999996
47105.0,Kenya -- 47090,Kilifi, ,KE KLF,Kenya,Indian Ocean,Very Small,Open Roadstead,-3.633333000000000,39.866667000000000
46935.0,Mozambique -- 46860,Nacala,Nakala,MZ MNC,Mozambique,Mozambique Channel; Indian Ocean,Very Small,Coastal (Natural),-14.533333000000001,40.666666999999997
46930.0,Mozambique -- 46860,Mocambique,Mozambique,MZ MZQ,Mozambique,Mozambique Channel; Indian Ocean,Small,Coastal (Natural),-15.033333000000001,40.733333000000002
45812.0,Mauritania -- 45810,Nouadhibou,Etienne; Port Etienne,MR NDB,Mauritania,North Atlantic Ocean,Medium,Coastal (Natural),20.916667000000000,-17.050000000000001
45793.0, ,Casablanca,Dar El Beida,MA CAS,Morocco,North Atlantic Ocean,Large,Coastal (Breakwater),33.600000000000001,-7.616667000000000
37990.0,Portugal -- 37930,Lisboa,Lisbon,PT LIS,Portugal,North Atlantic Ocean,Large,River (Natural),38.700000000000003,-9.166667000000000
15990.0,Mexico West Coast -- 15700,Ensenada, ,MX ESE,Mexico,North Pacific Ocean,Medium,Coastal (Breakwater),31.866667000000000,-116.633332999999993
11625.0,Saint Lucia -- 11615,Grand Cul De Sac Bay,Cul De Sac,LC CDS,Saint Lucia,Caribbean Sea; North Atlantic Ocean,Small,Coastal (Natural),13.983333000000000,-61.016666999999998
58100.0,Philippine Islands -- 57960,Jose Panganiban,Mambulao,PH JPM,Philippines,Philippine inland seas; North Pacific Ocean,Very Small,Open Roadstead,14.283333000000001,122.683333000000005
59400.0,Philippine Islands -- 57960,Mati, ,PH MXI,Philippines,Celebes Sea; North Pacific Ocean,Very Small,Open Roadstead,6.950000000000000,126.216667000000001
59720.0,Philippine Islands -- 57960,Bugo, ,PH BUG,Philippines,Bohol Sea; Philippine inland seas; North Pacific Ocean,Very Small,Coastal (Natural),8.516667000000000,124.750000000000000
48357.0,Kuwait -- 48350,Mina Ash Shuaybah,Shuaiba,KW SAA,Kuwait,Persian Gulf; Indian Ocean,Medium,Open Roadstead,29.033332999999999,48.166666999999997
48370.0,Kuwait -- 48350,Al Kuwayt,Kuwait; Mina Ash Shuwaykh,KW KWI,Kuwait,Persian Gulf; Indian Ocean,Very Small,Coastal (Natural),29.350000000000001,47.933332999999998
47107.0,Kenya -- 47090,Malindi, ,KE MYD,Kenya,Indian Ocean,Small,Coastal (Natural),-3.216667000000000,40.133333000000000
57970.0,Philippine Islands -- 57960,Basco, ,PH BSO,Philippines,Luzon Strait; North Pacific Ocean,Very Small,Coastal (Natural),20.449999999999999,121.966667000000001
59430.0,Philippine Islands -- 57960,Davao, ,PH DVO,Philippines,Celebes Sea; North Pacific Ocean,Small,Coastal (Natural),7.066667000000000,125.616667000000007
59770.0,Philippine Islands -- 57960,Basilian City (Isabela), ,PH BCT,Philippines,Sulu Sea; North Pacific Ocean,Very Small,Open Roadstead,6.716667000000000,121.966667000000001
45240.0,Libya -- 45200,Darnah,Derna,LY DRX,Libya,Mediterranean Sea; North Atlantic Ocean,Very Small,Coastal (Breakwater),32.766666999999998,22.649999999999999
45335.0,Libya -- 45200,Az Zawiya, ,LY ZAW,Libya,Mediterranean Sea; North Atlantic Ocean,Small,Open Roadstead,32.799999999999997,12.716666999999999
45785.0, ,Kenitra,Port Lyautey,MA NNA,Morocco,North Atlantic Ocean,Small,River (Natural),34.299999999999997,-6.600000000000000
45802.0, ,Agadir, ,MA AGA,Morocco,North Atlantic Ocean,Large,Coastal (Breakwater),30.433333000000001,-9.633333000000000
15427.0,Panama West Coast -- 15380,Charco Azul,Petroterminal De Panama,PA CHA,Panama,North Pacific Ocean,Very Small,Open Roadstead,8.216666999999999,-82.866667000000007
48338.0,Saudi Arabia Continued -- 48330,Al Jubayl,Al Jubayl,SA JBI,Saudi Arabia,Persian Gulf; Indian Ocean,Very Small,Coastal (Breakwater),27.083333000000000,49.666666999999997
48356.0,Kuwait -- 48350,Mina Az Zawr,Mina Saud,KW MIS,Kuwait,Persian Gulf; Indian Ocean,Very Small,Open Roadstead,28.733332999999998,48.399999999999999
49980.0,Malaysia -- 49820,Muar,Bandar Maharani,MY MUA,Malaysia,Strait of Malacca; Indian Ocean,Very Small,River (Natural),2.050000000000000,102.566666999999995
45800.0, ,Essaouira,Mogador; Suira,MA ESS,Morocco,North Atlantic Ocean,Very Small,Coastal (Natural),31.500000000000000,-9.783333000000001
46241.0,Nigeria -- 46120,Akpo Oil Terminal, ,NG AKP,Nigeria,Gulf of Guinea; North Atlantic Ocean,Very Small,Open Roadstead,3.133333000000000,6.816667000000000
57485.0,Cambodia -- 57478,Kampong Saom,Krong Preah Sihanouk; Sihanoukville,KH KOS,Cambodia,Gulf of Thailand; South China Sea; North Pacific Ocean,Medium,Coastal (Breakwater),10.633333000000000,103.500000000000000
46880.0,Mozambique -- 46860,Inhambane,Innamban,MZ INH,Mozambique,Mozambique Channel; Indian Ocean,Small,River (Natural),-23.916667000000000,35.399999999999999
47110.0,Kenya -- 47090,Lamu, ,KE LAU,Kenya,Indian Ocean,Small,Coastal (Natural),-2.266667000000000,40.899999999999999
55330.0,New Zealand S Island -- 55260,Akaroa, ,NZ AKA,New Zealand,South Pacific Ocean,Very Small,Coastal (Natural),-43.799999999999997,172.966667000000001
37980.0,Portugal -- 37930,Figueira Da Foz, ,PT FDF,Portugal,North Atlantic Ocean,Very Small,River (Natural),40.149999999999999,-8.850000000000000
38030.0,Portugal -- 37930,Faro, ,PT FAO,Portugal,North Atlantic Ocean,Very Small,River (Natural),37.033332999999999,-7.933333000000000
59100.0,Philippine Islands -- 57960,Lazi, ,PH LZB,Philippines,Bohol Sea; Philippine inland seas; North Pacific Ocean,Very Small,Coastal (Natural),9.133333000000000,123.633332999999993
37950.0,Portugal -- 37930,Porto De Leixoes,Leixos; Matosinhos,PT LEI,Portugal,North Atlantic Ocean,Very Small,Coastal (Breakwater),41.183332999999998,-8.699999999999999
38110.0,Acores -- 38060,Vila Do Porto, ,PT VDP,Portugal,North Atlantic Ocean,Very Small,Coastal (Natural),36.933332999999998,-25.149999999999999
40330.0,Malta -- 40320,Valletta Harbors, ,MT MLA,Malta,Mediterranean Sea; North Atlantic Ocean,Medium,Coastal (Natural),35.899999999999999,14.516667000000000
15423.0,Panama West Coast -- 15380,Vacamonte, ,PA VAC,Panama,Gulf of Panama; North Pacific Ocean,Very Small,Open Roadstead,8.866667000000000,-79.666667000000004
38000.0,Portugal -- 37930,Setubal, ,PT SET,Portugal,North Atlantic Ocean,Small,River (Natural),38.516666999999998,-8.900000000000000
38005.0,Portugal -- 37930,Sines, ,PT SIE,Portugal,North Atlantic Ocean,Medium,Coastal (Breakwater),37.950000000000003,-8.866667000000000
46920.0,Mozambique -- 46860,Porto Belo, ,MZ PBE,Mozambique,Mozambique Channel; Indian Ocean,Small,Open Roadstead,-17.699999999999999,37.183332999999998
15917.0,Mexico West Coast -- 15700,Pichilingue, ,MX PIC,Mexico,Gulf of California; North Pacific Ocean,Small,Coastal (Breakwater),24.266667000000002,-110.333332999999996
15460.0,Panama West Coast -- 15380,Puerto Armuelles,Armuelles,PA AML,Panama,North Pacific Ocean,Small,Open Roadstead,8.266667000000000,-82.849999999999994
37940.0,Portugal -- 37930,Viana Do Castelo, ,PT VDC,Portugal,North Atlantic Ocean,Small,Coastal (Tide Gates),41.700000000000003,-8.833333000000000
46910.0,Mozambique -- 46860,Quelimane,Kiliman,MZ UEL,Mozambique,Mozambique Channel; Indian Ocean,Very Small,River (Natural),-17.883333000000000,36.883333000000000
57425.0,Malaysia -- 57400,Tapis Marine Terminal A, ,MY TAT,Malaysia,South China Sea; North Pacific Ocean,Large,Open Roadstead,5.516667000000000,105.016666999999998
55180.0,New Zealand N Island -- 54990,Wanganui,Castlecliff,NZ WAG,New Zealand,Tasman Sea; South Pacific Ocean,Very Small,River (Natural),-39.950000000000003,175.033332999999999
59725.0,Philippine Islands -- 57960,Villanueva, ,PH VNV,Philippines,Bohol Sea; Philippine inland seas; North Pacific Ocean,Very Small,Open Roadstead,8.583333000000000,124.766666999999998
59780.0,Philippine Islands -- 57960,Port Holland, ,PH PHD,Philippines,Sulu Sea; North Pacific Ocean,Very Small,Coastal (Natural),6.550000000000000,121.866667000000007
48349.0,Saudi Arabia Continued -- 48330,Ras Al Khafji, ,SA RAR,Saudi Arabia,Persian Gulf; Indian Ocean,Small,Open Roadstead,28.433333000000001,48.583333000000003
59530.0,Philippine Islands -- 57960,Pagadian, ,PH PAG,Philippines,Celebes Sea; North Pacific Ocean,Very Small,Coastal (Natural),7.833333000000000,123.433333000000005
47750.0,Rodrigues -- 47740,Port Mathurin, ,MU PMA,Mauritius,Indian Ocean,Very Small,Coastal (Natural),-19.683333000000001,63.416666999999997
49825.0,Malaysia -- 49820,Port Langkawi, ,MY LGK,Malaysia,Strait of Malacca; Indian Ocean,Very Small,Open Roadstead,6.433333000000000,99.766666999999998
58205.0,Philippine Islands -- 57960,Sorsogon, ,PH SOR,Philippines,Philippine inland seas; North Pacific Ocean,Very Small,Coastal (Natural),12.966666999999999,124.000000000000000
48340.0,Saudi Arabia Continued -- 48330,Ras  Tannurah,Ras Tanura,SA RTA,Saudi Arabia,Persian Gulf; Indian Ocean,Medium,Open Roadstead,26.633333000000000,50.166666999999997
8225.0,United States E Coast -- 6585,Annapolis, ,US ANP,United States,North Atlantic Ocean,Very Small,River (Natural),38.983333000000002,-76.483333000000002
8210.0,United States E Coast -- 6585,Baltimore, ,US BAL,United States,North Atlantic Ocean,Large,River (Natural),39.266666999999998,-76.583332999999996
8130.0,United States E Coast -- 6585,Camden, ,US CDE,United States,North Atlantic Ocean,Medium,River (Natural),39.950000000000003,-75.133332999999993
8080.0,United States E Coast -- 6585,Chester, ,US CHT,United States,North Atlantic Ocean,Large,River (Natural),39.850000000000001,-75.349999999999994
7810.0,United States E Coast -- 6585,Newark, ,US EWR,United States,North Atlantic Ocean,Medium,River (Basins),40.700000000000003,-74.150000000000006
7790.0,United States E Coast -- 6585,Bayonne, ,US BAY,United States,North Atlantic Ocean,Medium,River (Natural),40.683332999999998,-74.099999999999994
7770.0,United States E Coast -- 6585,Hoboken, ,US HBK,United States,North Atlantic Ocean,Medium,River (Natural),40.750000000000000,-74.016666999999998
7610.0,United States E Coast -- 6585,Greenwich, ,US GRH,United States,North Atlantic Ocean,Very Small,Coastal (Natural),41.016666999999998,-73.616667000000007
7570.0,United States E Coast -- 6585,Bridgeport, ,US BDR,United States,North Atlantic Ocean,Medium,Coastal (Breakwater),41.166666999999997,-73.183333000000005
7400.0,United States E Coast -- 6585,Fall River, ,US FAV,United States,North Atlantic Ocean,Very Small,Coastal (Natural),41.700000000000003,-71.166667000000004
7720.0,United States E Coast -- 6585,Albany, ,US ALB,United States,North Atlantic Ocean,Medium,River (Natural),42.649999999999999,-73.750000000000000
45400.0,Tunisia -- 45360,Mahdia, ,TN MAD,Tunisia,Mediterranean Sea; North Atlantic Ocean,Very Small,Coastal (Natural),35.500000000000000,11.066667000000001
44870.0,Turkey Asia -- 44360,Botas, ,TR BOT,Turkey,Mediterranean Sea; North Atlantic Ocean,Very Small,Open Roadstead,36.883333000000000,35.933332999999998
50000.0,Singapore -- 49990,Keppel - (East Singapore),Keppel Harbor,SG KEP,Singapore,Strait of Malacca; Indian Ocean,Large,Coastal (Natural),1.283333000000000,103.849999999999994
40860.0,Slovenia -- 40850,Koper,Capodistria,SI KOP,Slovenia,Adriatic Sea; Mediterranean Sea; North Atlantic Ocean,Small,Coastal (Natural),45.549999999999997,13.733333000000000
45867.0,Sierra Leone -- 45860,Bonthe, ,SL BTE,Sierra Leone,North Atlantic Ocean,Very Small,River (Natural),7.533333000000000,-12.500000000000000
6940.0,United States E Coast -- 6585,Camden, ,US AQQ,United States,North Atlantic Ocean,Very Small,Coastal (Natural),44.216667000000001,-69.066666999999995
16050.0,United States W Coast -- 16000,Avalon, ,US AOU,United States,North Pacific Ocean,Very Small,Coastal (Natural),33.350000000000001,-118.316666999999995
9340.0,US Gulf Coast -- 8650,Brownsville, ,US BRO,United States,Gulf of Mexico; North Atlantic Ocean,Small,Canal or Lake,25.949999999999999,-97.400000000000006
9150.0,US Gulf Coast -- 8650,Galveston, ,US GLS,United States,Gulf of Mexico; North Atlantic Ocean,Large,Coastal (Natural),29.316666999999999,-94.783332999999999
9140.0,US Gulf Coast -- 8650,Beaumont, ,US BPT,United States,Gulf of Mexico; North Atlantic Ocean,Medium,River (Natural),30.083333000000000,-94.083332999999996
8970.0,US Gulf Coast -- 8650,Baton Rouge, ,US BTR,United States,Gulf of Mexico; North Atlantic Ocean,Small,River (Natural),30.449999999999999,-91.183333000000005
8720.0,US Gulf Coast -- 8650,Carrabelle, ,US CRB,United States,Gulf of Mexico; North Atlantic Ocean,Very Small,River (Natural),29.850000000000001,-84.666667000000004
8660.0,US Gulf Coast -- 8650,Key West, ,US EYW,United States,Gulf of Mexico; North Atlantic Ocean,Small,Coastal (Natural),24.550000000000001,-81.816666999999995
8600.0,United States E Coast -- 6585,Fort Pierce, ,US FPR,United States,North Atlantic Ocean,Very Small,Coastal (Natural),27.466667000000001,-80.316666999999995
8570.0,United States E Coast -- 6585,Mayport, ,US NRB,United States,North Atlantic Ocean,Very Small,River (Natural),30.399999999999999,-81.433333000000005
8325.0,United States E Coast -- 6585,Elizabeth City, ,US ECG,United States,North Atlantic Ocean,Very Small,River (Natural),36.299999999999997,-76.216667000000001
44790.0,Turkey Asia -- 44360,Bodrum, ,TR BXN,Turkey,Aegean Sea; Mediterranean Sea; North Atlantic Ocean,Very Small,Coastal (Natural),37.033332999999999,27.433333000000001
47000.0,Tanzania -- 46965,Kilwa Kivinje, ,TZ KIK,Tanzania,Indian Ocean,Very Small,Open Roadstead,-8.733333000000000,39.416666999999997
16280.0,United States W Coast -- 16000,Davenport, ,US DAV,United States,North Pacific Ocean,Very Small,Open Roadstead,37.016666999999998,-122.200000000000003
16145.0,United States W Coast -- 16000,Carpinteria, ,US CPT,United States,North Pacific Ocean,Very Small,Coastal (Natural),34.383333000000000,-119.516666999999998
16440.0,United States W Coast -- 16000,Crockett, ,US CRM,United States,North Pacific Ocean,Very Small,Coastal (Natural),38.049999999999997,-122.216667000000001
57440.0,Thailand -- 57431,Erawan Terminal, ,TH ERA,Thailand,Gulf of Thailand; South China Sea; North Pacific Ocean,Very Small,Open Roadstead,9.100000000000000,101.349999999999994
6700.0,United States E Coast -- 6585,Bar Harbor, ,US BHB,United States,North Atlantic Ocean,Very Small,Coastal (Natural),44.383333000000000,-68.200000000000003
44740.0,Turkey Asia -- 44360,Dikili, ,TR DIK,Turkey,Aegean Sea; Mediterranean Sea; North Atlantic Ocean,Very Small,Open Roadstead,39.016666999999998,26.816666999999999
45368.0,Tunisia -- 45360,Didon Terminal, ,TN DID,Tunisia,Mediterranean Sea; North Atlantic Ocean,Small,Open Roadstead,33.783332999999999,11.900000000000000
45375.0,Tunisia -- 45360,Gabes,Ghannouche; Rhennouch,TN GAE,Tunisia,Mediterranean Sea; North Atlantic Ocean,Small,Coastal (Breakwater),33.899999999999999,10.116667000000000
45420.0,Tunisia -- 45360,La Goulette, ,TN LGN,Tunisia,Mediterranean Sea; North Atlantic Ocean,Medium,Coastal (Breakwater),36.799999999999997,10.300000000000001
44660.0,Turkey Asia -- 44360,Erdek,Artaki,TR ERK,Turkey,Sea of Marmara; Mediterranean Sea; North Atlantic Ocean,Very Small,Coastal (Natural),40.383333000000000,27.800000000000001
44730.0,Turkey Asia -- 44360,Ayvalik,Aivali,TR AYV,Turkey,Aegean Sea; Mediterranean Sea; North Atlantic Ocean,Very Small,Coastal (Natural),39.316667000000002,26.699999999999999
44752.0,Turkey Asia -- 44360,Nemrut Limani Bay, ,TR NEM,Turkey,Aegean Sea; Mediterranean Sea; North Atlantic Ocean,Medium,Coastal (Breakwater),38.766666999999998,26.916667000000000
9235.0,US Gulf Coast -- 8650,Deer Park, ,US DEX,United States,Gulf of Mexico; North Atlantic Ocean,Very Small,River (Natural),29.750000000000000,-95.333332999999996
44810.0,Turkey Asia -- 44360,Fethiye, ,TR FET,Turkey,Mediterranean Sea; North Atlantic Ocean,Very Small,Coastal (Breakwater),36.633333000000000,29.100000000000001
43334.0,Turkey Europe -- 43325,Aliaga, ,TR ALI,Turkey,Aegean Sea; Mediterranean Sea; North Atlantic Ocean,Very Small,Coastal (Breakwater),38.833333000000003,26.933333000000001
45430.0,Tunisia -- 45360,Tunis, ,TN TUN,Tunisia,Mediterranean Sea; North Atlantic Ocean,Medium,Canal or Lake,36.799999999999997,10.250000000000000
40870.0,Slovenia -- 40850,Piran,Pirano,SI PIR,Slovenia,Adriatic Sea; Mediterranean Sea; North Atlantic Ocean,Very Small,Coastal (Breakwater),45.533332999999999,13.566667000000001
45365.0,Tunisia -- 45360,Zarzis, ,TN ZRZ,Tunisia,Mediterranean Sea; North Atlantic Ocean,Very Small,Coastal (Breakwater),33.500000000000000,11.116667000000000
44801.0,Turkey Asia -- 44360,Toros Gubre, ,TR TGT,Turkey,Mediterranean Sea; North Atlantic Ocean,Very Small,Open Roadstead,36.916666999999997,35.966667000000001
45410.0,Tunisia -- 45360,Sousse,Susah,TN SUS,Tunisia,Mediterranean Sea; North Atlantic Ocean,Small,Coastal (Breakwater),35.833333000000003,10.650000000000000
45432.0,Tunisia -- 45360,Rades, ,TN RDS,Tunisia,Mediterranean Sea; North Atlantic Ocean,Very Small,Coastal (Breakwater),36.816667000000002,10.300000000000001
57435.0,Thailand -- 57431,Pattani, ,TH PTN,Thailand,Gulf of Thailand; South China Sea; North Pacific Ocean,Small,Coastal (Natural),6.950000000000000,101.299999999999997
7820.0,United States E Coast -- 6585,Elizabethport, ,US ZIP,United States,North Atlantic Ocean,Small,Coastal (Natural),40.649999999999999,-74.183333000000005
7780.0,United States E Coast -- 6585,Jersey City, ,US JEC,United States,North Atlantic Ocean,Medium,River (Natural),40.716667000000001,-74.033332999999999
7550.0,United States E Coast -- 6585,New Haven, ,US HVN,United States,North Atlantic Ocean,Small,Coastal (Breakwater),41.233333000000002,-72.916667000000004
7500.0,United States E Coast -- 6585,New London, ,US NLO,United States,North Atlantic Ocean,Small,River (Natural),41.350000000000001,-72.083332999999996
8070.0,United States E Coast -- 6585,Marcus Hook, ,US MAH,United States,North Atlantic Ocean,Small,River (Natural),39.816667000000002,-75.416667000000004
8300.0,United States E Coast -- 6585,Newport News, ,US NNS,United States,North Atlantic Ocean,Medium,Coastal (Natural),36.966667000000001,-76.433333000000005
57620.0,Vietnam -- 57510,Nha Trang, ,VN NHA,Vietnam,South China Sea; North Pacific Ocean,Small,Open Roadstead,12.250000000000000,109.233333000000002
7170.0,United States E Coast -- 6585,Kennebunkport, ,US KBP,United States,North Atlantic Ocean,Very Small,River (Natural),43.366667000000000,-70.466667000000001
7040.0,United States E Coast -- 6585,Boothbay Harbor, ,US OYH,United States,North Atlantic Ocean,Very Small,Coastal (Natural),43.866667000000000,-69.583332999999996
11310.0,St Thomas -- 11305,Charlotte Amalie,St Thomas Harbor,VI CHA,U.S. Virgin Islands,Caribbean Sea; North Atlantic Ocean,Small,Open Roadstead,18.350000000000001,-64.933333000000005
16340.0,United States W Coast -- 16000,Oakland, ,US OAK,United States,North Pacific Ocean,Large,Coastal (Natural),37.816667000000002,-122.333332999999996
16240.0,United States W Coast -- 16000,Monterey, ,US MY3,United States,North Pacific Ocean,Small,Coastal (Natural),36.616667000000000,-121.883332999999993
16210.0,United States W Coast -- 16000,Morro Bay, ,US MJK,United States,North Pacific Ocean,Very Small,Coastal (Breakwater),35.366667000000000,-120.849999999999994
8860.0,US Gulf Coast -- 8650,New Orleans, ,US MSY,United States,Gulf of Mexico; North Atlantic Ocean,Large,River (Natural),29.949999999999999,-90.049999999999997
8820.0,US Gulf Coast -- 8650,Madisonville, ,US INV,United States,Gulf of Mexico; North Atlantic Ocean,Very Small,River (Natural),30.399999999999999,-90.150000000000006
8770.0,US Gulf Coast -- 8650,Mobile, ,US MOB,United States,Gulf of Mexico; North Atlantic Ocean,Large,River (Natural),30.683333000000001,-88.116667000000007
8640.0,United States E Coast -- 6585,Miami, ,US MIA,United States,North Atlantic Ocean,Small,Coastal (Natural),25.783332999999999,-80.183333000000005
16330.0,United States W Coast -- 16000,Alameda, ,US NGZ,United States,North Pacific Ocean,Small,Coastal (Natural),37.783332999999999,-122.266666999999998
12280.0,Venezuela -- 11950,Caripito, ,VE CAR,Venezuela,Caribbean Sea; North Atlantic Ocean,Very Small,River (Natural),10.150000000000000,-63.033332999999999
8940.0,US Gulf Coast -- 8650,Destrehan, ,US NEW,United States,Gulf of Mexico; North Atlantic Ocean,Very Small,River (Natural),29.949999999999999,-90.366667000000007
16360.0,United States W Coast -- 16000,Berkeley, ,US JBK,United States,North Pacific Ocean,Very Small,Coastal (Natural),37.866667000000000,-122.299999999999997
11335.0,St Croix -- 11325,Limetree Bay, ,VI LIB,U.S. Virgin Islands,Caribbean Sea; North Atlantic Ocean,Very Small,Open Roadstead,17.699999999999999,-64.750000000000000
7230.0,United States E Coast -- 6585,Marblehead, ,US MH2,United States,North Atlantic Ocean,Very Small,Coastal (Natural),42.500000000000000,-70.849999999999994
11336.0,St Croix -- 11325,Port Alucroix, ,VI PAX,U.S. Virgin Islands,Caribbean Sea; North Atlantic Ocean,Very Small,Open Roadstead,17.699999999999999,-64.766666999999998
6810.0,United States E Coast -- 6585,Stonington, ,US SG4,United States,North Atlantic Ocean,Very Small,Coastal (Natural),44.149999999999999,-68.666667000000004
9330.0,US Gulf Coast -- 8650,Port Isabel, ,US PIS,United States,Gulf of Mexico; North Atlantic Ocean,Very Small,Coastal (Natural),26.083333000000000,-97.200000000000003
8700.0,US Gulf Coast -- 8650,Tarpon Springs, ,US ZKL,United States,Gulf of Mexico; North Atlantic Ocean,Very Small,Coastal (Natural),28.149999999999999,-82.766666999999998
7180.0,United States E Coast -- 6585,Portsmouth, ,US PSM,United States,North Atlantic Ocean,Small,River (Natural),43.083333000000003,-70.750000000000000
16300.0,United States W Coast -- 16000,San Francisco, ,US SFO,United States,North Pacific Ocean,Large,Coastal (Natural),37.816667000000002,-122.416667000000004
9160.0,US Gulf Coast -- 8650,Texas City, ,US TXT,United States,Gulf of Mexico; North Atlantic Ocean,Small,Coastal (Natural),29.383333000000000,-94.916667000000004
7225.0,United States E Coast -- 6585,Salem, ,US SLM,United States,North Atlantic Ocean,Small,Coastal (Natural),42.516666999999998,-70.883332999999993
8760.0,US Gulf Coast -- 8650,Pensacola, ,US PNS,United States,Gulf of Mexico; North Atlantic Ocean,Small,Coastal (Natural),30.399999999999999,-87.216667000000001
16150.0,United States W Coast -- 16000,Santa Barbara, ,US SBA,United States,North Pacific Ocean,Very Small,Coastal (Breakwater),34.416666999999997,-119.683333000000005
6960.0,United States E Coast -- 6585,Rockland, ,US RKD,United States,North Atlantic Ocean,Very Small,Coastal (Breakwater),44.100000000000001,-69.099999999999994
16010.0,United States W Coast -- 16000,San Diego, ,US SAN,United States,North Pacific Ocean,Medium,Coastal (Natural),32.716667000000001,-117.183333000000005
6890.0,United States E Coast -- 6585,Winterport, ,US WIE,United States,North Atlantic Ocean,Very Small,River (Natural),44.633333000000000,-68.849999999999994
9100.0,US Gulf Coast -- 8650,Port Neches, ,US PON,United States,Gulf of Mexico; North Atlantic Ocean,Small,River (Natural),30.000000000000000,-93.950000000000003
9290.0,US Gulf Coast -- 8650,Rockport, ,US RKP,United States,Gulf of Mexico; North Atlantic Ocean,Very Small,Coastal (Natural),28.016667000000002,-97.049999999999997
46780.0,South Africa -- 46725,Simonstown,Simonsbaai,ZA SMN,South Africa,South Atlantic Ocean,Very Small,Coastal (Breakwater),-34.185000000000002,18.436666667000001
7150.0,United States E Coast -- 6585,Portland, ,US PWM,United States,North Atlantic Ocean,Medium,Coastal (Natural),43.666666999999997,-70.250000000000000
16420.0,United States W Coast -- 16000,South Vallejo, ,US VLO,United States,North Pacific Ocean,Small,Coastal (Natural),38.083333000000003,-122.250000000000000
8780.0,US Gulf Coast -- 8650,Pascagoula, ,US PGL,United States,Gulf of Mexico; North Atlantic Ocean,Small,River (Natural),30.350000000000001,-88.566666999999995
8750.0,US Gulf Coast -- 8650,Panama City, ,US PFN,United States,Gulf of Mexico; North Atlantic Ocean,Small,Coastal (Natural),30.133333000000000,-85.650000000000006
6870.0,United States E Coast -- 6585,Sandypoint, ,US SYP,United States,North Atlantic Ocean,Very Small,River (Natural),44.516666999999998,-68.816666999999995
7160.0,United States E Coast -- 6585,Saco, ,US QSK,United States,North Atlantic Ocean,Very Small,River (Natural),43.500000000000000,-70.450000000000003
8260.0,United States E Coast -- 6585,West Point, ,US VI2,United States,North Atlantic Ocean,Very Small,River (Natural),37.533332999999999,-76.799999999999997
7930.0,United States E Coast -- 6585,Port Reading, ,US PRD,United States,North Atlantic Ocean,Small,River (Natural),40.566667000000002,-74.233333000000002
7620.0,United States E Coast -- 6585,Port Chester, ,US UXZ,United States,North Atlantic Ocean,Very Small,River (Natural),41.000000000000000,-73.666667000000004
7420.0,United States E Coast -- 6585,Providence, ,US PVD,United States,North Atlantic Ocean,Medium,River (Natural),41.799999999999997,-71.400000000000006
7970.0,United States E Coast -- 6585,Sayreville, ,US XNA,United States,North Atlantic Ocean,Very Small,Coastal (Natural),40.466667000000001,-74.366667000000007
7960.0,United States E Coast -- 6585,Perth Amboy, ,US PAY,United States,North Atlantic Ocean,Small,River (Natural),40.500000000000000,-74.266666999999998
8250.0,United States E Coast -- 6585,Yorktown, ,US YKW,United States,North Atlantic Ocean,Very Small,River (Natural),37.233333000000002,-76.500000000000000
7750.0,United States E Coast -- 6585,Edgewater, ,US EGW,United States,North Atlantic Ocean,Very Small,River (Natural),40.816667000000002,-73.983333000000002
48325.0,Bahrain -- 48305,Mina Salman,Khor Kaliya,BH MIN,Bahrain,Persian Gulf; Indian Ocean,Medium,Coastal (Natural),26.199999999999999,50.633333000000000
12775.0,Brazil SE Coast -- 12700,Madre De Deus, ,BR MDD,Brazil,South Atlantic Ocean,Very Small,Open Roadstead,-12.750000000000000,-38.616667000000000
6780.0,United States E Coast -- 6585,Ellsworth, ,US ESR,United States,North Atlantic Ocean,Very Small,River (Natural),44.549999999999997,-68.416667000000004
53710.0,Australia -- 53290,Jervis Bay, ,AU JEB,Australia,Tasman Sea; South Pacific Ocean,Very Small,Coastal (Natural),-35.116667000000000,150.800000000000011
6740.0,United States E Coast -- 6585,Frenchboro,Lunt Harbor,US F8O,United States,North Atlantic Ocean,Very Small,Coastal (Natural),44.116667000000000,-68.366667000000007
53750.0,Australia -- 53290,Batemans Bay, ,AU QBW,Australia,Tasman Sea; South Pacific Ocean,Very Small,Coastal (Natural),-35.700000000000003,150.166666999999990
48392.0,Iraq -- 48375,Al-Basra Oil Terminal,Mina Al Bakr Terminal,IQ MAB,Iraq,Persian Gulf; Indian Ocean,Very Small,Open Roadstead,29.683333000000001,48.816667000000002
45660.0,Algeria -- 45470,Beni Saf, ,DZ BSF,Algeria,Mediterranean Sea; North Atlantic Ocean,Very Small,Coastal (Breakwater),35.299999999999997,-1.383333000000000
45910.0,Cape Verde -- 45869,Porto Da Praia, ,CV RAI,Cabo Verde,North Atlantic Ocean,Small,Coastal (Breakwater),14.916667000000000,-23.516667000000002
12770.0,Brazil SE Coast -- 12700,Port De Salvador,Bahia Salvador,BR SSA,Brazil,South Atlantic Ocean,Medium,Coastal (Breakwater),-12.966666999999999,-38.516666999999998
12910.0,Brazil SE Coast -- 12700,Porto Do Forno,Arraial Do Cabo; Arrail Do Caeo,BR FNO,Brazil,South Atlantic Ocean,Very Small,Coastal (Natural),-22.966667000000001,-42.016666999999998
37290.0,Spain N Coast -- 37270,Puerto De Pasajes, ,ES PAS,Spain,Bay of Biscay; North Atlantic Ocean,Medium,River (Natural),43.333333000000003,-1.933333000000000
7910.0,United States E Coast -- 6585,Carteret, ,US CSF,United States,North Atlantic Ocean,Small,River (Natural),40.583333000000003,-74.216667000000001
7640.0,United States E Coast -- 6585,New York City, ,US NYC,United States,North Atlantic Ocean,Large,River (Natural),40.700000000000003,-74.016666999999998
7630.0,United States E Coast -- 6585,Brooklyn, ,US BOY,United States,North Atlantic Ocean,Large,River (Natural),40.666666999999997,-74.016666999999998
7625.0,United States E Coast -- 6585,City Island, ,US IS3,United States,North Atlantic Ocean,Very Small,Coastal (Natural),40.850000000000001,-73.783332999999999
62360.0,Japan -- 61100,Nagasaki, ,JP NGS,Japan,East China Sea; North Pacific Ocean,Large,Coastal (Natural),32.716667000000001,129.849999999999994
62280.0,Japan -- 61100,Misumi Ko,Kumamoto,JP MIS,Japan,East China Sea; North Pacific Ocean,Small,Coastal (Natural),32.600000000000001,130.466667000000001
62220.0,Japan -- 61100,Kagoshima Ko, ,JP KOJ,Japan,East China Sea; North Pacific Ocean,Medium,Coastal (Natural),31.583333000000000,130.566666999999995
62150.0,Japan -- 61100,Beppu, ,JP BPU,Japan,Korea Strait; North Pacific Ocean,Very Small,Coastal (Breakwater),33.316667000000002,131.516667000000012
62145.0,Japan -- 61100,Kanda, ,JP KND,Japan,Korea Strait; North Pacific Ocean,Very Small,Coastal (Natural),33.783332999999999,131.016667000000012
62080.0,Japan -- 61100,Niihama, ,JP IHA,Japan,Sea of Japan; North Pacific Ocean,Small,Coastal (Breakwater),33.983333000000002,133.283332999999999
62065.0,Japan -- 61100,Muturezima Ko, ,JP MTR,Japan,Korea Strait; North Pacific Ocean,Small,Open Roadstead,33.966667000000001,130.866667000000007
61617.0,Japan -- 61100,Habu Ko, ,JP HAB,Japan,Sea of Japan; North Pacific Ocean,Very Small,Coastal (Breakwater),34.283332999999999,133.183333000000005
61590.0,Japan -- 61100,Hibi Ko, ,JP HIB,Japan,Sea of Japan; North Pacific Ocean,Very Small,Coastal (Natural),34.450000000000003,133.933333000000005
61570.0,Japan -- 61100,Aioi, ,JP AIO,Japan,Sea of Japan; North Pacific Ocean,Very Small,Coastal (Natural),34.783332999999999,134.466667000000001
61567.0,Japan -- 61100,Himeji,Himezi,JP HIM,Japan,Sea of Japan; North Pacific Ocean,Medium,Coastal (Breakwater),34.750000000000000,134.633332999999993
61560.0,Japan -- 61100,Kobe, ,JP UKB,Japan,Sea of Japan; North Pacific Ocean,Large,Open Roadstead,34.649999999999999,135.183333000000005
59190.0,Philippine Islands -- 57960,Iloilo, ,PH ILO,Philippines,Philippine inland seas; North Pacific Ocean,Very Small,Open Roadstead,10.699999999999999,122.583332999999996
58960.0,Philippine Islands -- 57960,Cebu, ,PH CEB,Philippines,Philippine inland seas; North Pacific Ocean,Large,Coastal (Breakwater),10.300000000000001,123.900000000000006
61372.0,Japan -- 61100,Kisarazu Ko, ,JP KZU,Japan,North Pacific Ocean,Very Small,Coastal (Breakwater),35.366667000000000,139.883332999999993
51845.0,Indonesia - Borneo -- 51760,Lawi Lawi Oil Terminal, ,ID LLA,Indonesia,Makassar Strait; South Pacific Ocean,Small,Open Roadstead,-1.450000000000000,116.766666999999998
51600.0,Sarawak -- 51550,Lutong, ,MY LUT,Malaysia,South China Sea; North Pacific Ocean,Small,Open Roadstead,4.466667000000000,114.000000000000000
48300.0,Qatar -- 48285,Al Rayyan Terminal, ,QA RYN,Qatar,Persian Gulf; Indian Ocean,Very Small,Open Roadstead,26.649999999999999,51.549999999999997
48040.0,Egypt Red Sea -- 47950,As Suways,Port Suez,EG SUZ,Egypt,Gulf of Suez; Red Sea; Indian Ocean,Large,Coastal (Breakwater),29.966667000000001,32.549999999999997
47010.0,Tanzania -- 46965,Dar Es Salaam, ,TZ DAR,Tanzania,Indian Ocean,Medium,Coastal (Natural),-6.816667000000000,39.299999999999997
46975.0,Tanzania -- 46965,Mtwara, ,TZ MYW,Tanzania,Indian Ocean,Very Small,Coastal (Breakwater),-10.266667000000000,40.200000000000003
46890.0,Mozambique -- 46860,Beira, ,MZ BEW,Mozambique,Mozambique Channel; Indian Ocean,Medium,Coastal (Natural),-19.833333000000000,34.833333000000003
46870.0,Mozambique -- 46860,Maputo,Lourenco Marques,MZ MPM,Mozambique,Indian Ocean,Medium,Canal or Lake,-25.962777778000000,32.544722221999997
46850.0,South Africa -- 46725,Durban,Port Natal,ZA DUR,South Africa,Indian Ocean,Large,Coastal (Breakwater),-29.866667000000000,31.066666999999999
46830.0,South Africa -- 46725,East London, ,ZA ELS,South Africa,Indian Ocean,Small,River (Natural),-33.033332999999999,27.916667000000000
45640.0,Algeria -- 45470,Oran, ,DZ ORN,Algeria,Mediterranean Sea; North Atlantic Ocean,Large,Coastal (Breakwater),35.700000000000003,-0.633333000000000
45550.0,Algeria -- 45470,Bejaia,Bougie,DZ BJA,Algeria,Mediterranean Sea; North Atlantic Ocean,Small,Coastal (Breakwater),36.750000000000000,5.083333000000000
44750.0,Turkey Asia -- 44360,Izmir,Smyrna,TR IZM,Turkey,Aegean Sea; Mediterranean Sea; North Atlantic Ocean,Large,Coastal (Natural),38.433332999999998,27.133333000000000
50970.0,Jawa -- 50920,Jakarta,Batavia; Djakarta; Jakarta; Tandjoenpriok,ID JKT,Indonesia,Java Sea; South Pacific Ocean,Large,Coastal (Breakwater),-6.100000000000000,106.883332999999993
50730.0,Sumatera -- 50515,Belawan, ,ID BLW,Indonesia,Strait of Malacca; Indian Ocean,Medium,River (Natural),3.783333000000000,98.683333000000005
41670.0,Albania -- 41650,Durres,Durazzo,AL DRZ,Albania,Adriatic Sea; Mediterranean Sea; North Atlantic Ocean,Small,Coastal (Breakwater),41.316667000000002,19.449999999999999
41640.0,Serbia and Montenegro -- 41560,Bar, ,ME BAR,Montenegro,Adriatic Sea; Mediterranean Sea; North Atlantic Ocean,Small,Coastal (Breakwater),42.083333000000003,19.083333000000000
41610.0,Serbia and Montenegro -- 41560,Kotor, ,ME KOT,Montenegro,Adriatic Sea; Mediterranean Sea; North Atlantic Ocean,Very Small,Coastal (Natural),42.416666999999997,18.766667000000002
41030.0,Croatia -- 40877,Bakar,Buccari,HR BAK,Croatia,Adriatic Sea; Mediterranean Sea; North Atlantic Ocean,Small,Coastal (Natural),45.299999999999997,14.533333000000001
40500.0,Italy East Coast -- 40390,Brindisi, ,IT BDS,Italy,Adriatic Sea; Mediterranean Sea; North Atlantic Ocean,Large,Coastal (Breakwater),40.649999999999999,17.983332999999998
40480.0,Italy East Coast -- 40390,Gallipoli, ,IT GAL,Italy,Golfo di Taranto; Mediterranean Sea; North Atlantic Ocean,Medium,Coastal (Breakwater),40.060000000000002,17.984000000000002
40110.0,Sicilia -- 40090,Milazzo, ,IT MLZ,Italy,Tyrrhenian Sea; Mediterranean Sea; North Atlantic Ocean,Medium,Open Roadstead,38.216667000000001,15.250000000000000
39950.0,Italy West Coast Cont -- 39730,Bagnoli, ,IT BLN,Italy,Tyrrhenian Sea; Mediterranean Sea; North Atlantic Ocean,Small,Open Roadstead,40.810000000000002,14.157999999999999
39520.0,Italy West Coast -- 39330,La Spezia,Spezia,IT SPE,Italy,Ligurian Sea; Mediterranean Sea; North Atlantic Ocean,Large,Coastal (Breakwater),44.100000000000001,9.833333000000000
39470.0,Italy West Coast -- 39330,Genova, ,IT GOA,Italy,Ligurian Sea; Mediterranean Sea; North Atlantic Ocean,Large,Coastal (Breakwater),44.398000000000003,8.922000000000001
39120.0,Corse -- 39040,L'ile Rousse, ,FR ILR,France,Ligurian Sea; Mediterranean Sea; North Atlantic Ocean,Very Small,Coastal (Breakwater),42.633333000000000,8.933332999999999
38810.0,France South Coast -- 38710,Marseille, ,FR MRS,France,Gulf of Lion; Mediterranean Sea; North Atlantic Ocean,Small,Coastal (Breakwater),43.316667000000002,5.366667000000000
38550.0,Spain SE Coast -- 38340,Barcelona, ,ES BCN,Spain,Mediterranean Sea; North Atlantic Ocean,Large,Coastal (Breakwater),41.350000000000001,2.166667000000000
38430.0,Spain SE Coast -- 38340,Cartagena, ,ES CAR,Spain,Mediterranean Sea; North Atlantic Ocean,Small,Coastal (Breakwater),37.583333000000003,-0.983333000000000
38090.0,Acores -- 38060,Angra Do Heroismo, ,PT ADH,Portugal,North Atlantic Ocean,Very Small,Coastal (Natural),38.649999999999999,-27.216667000000001
38080.0,Acores -- 38060,Horta, ,PT HOR,Portugal,North Atlantic Ocean,Small,Coastal (Breakwater),38.533332999999999,-28.633333000000000
37970.0,Portugal -- 37930,Aveiro, ,PT AVE,Portugal,North Atlantic Ocean,Medium,River (Natural),40.649999999999999,-8.650000000000000
37860.0,Spain N Coast -- 37270,Marin, ,ES MPG,Spain,North Atlantic Ocean,Small,Coastal (Breakwater),42.399999999999999,-8.699999999999999
7250.0,United States E Coast -- 6585,Boston, ,US BOS,United States,North Atlantic Ocean,Large,Coastal (Natural),42.350000000000001,-71.049999999999997
7210.0,United States E Coast -- 6585,Gloucester, ,US GLC,United States,North Atlantic Ocean,Small,Coastal (Natural),39.899999999999999,-75.133332999999993
7080.0,United States E Coast -- 6585,Bath, ,US BTH,United States,North Atlantic Ocean,Small,River (Natural),43.916666999999997,-69.816666999999995
37010.0,France West Coast -- 36450,La Rochelle, ,FR LRH,France,Bay of Biscay; North Atlantic Ocean,Medium,Coastal (Tide Gates),46.149999999999999,-1.150000000000000
37000.0,France West Coast -- 36450,La Pallice, ,FR LPE,France,Bay of Biscay; North Atlantic Ocean,Medium,Coastal (Tide Gates),46.166666999999997,-1.216667000000000
9300.0,US Gulf Coast -- 8650,Corpus Christi, ,US CRP,United States,Gulf of Mexico; North Atlantic Ocean,Medium,Coastal (Natural),27.816666999999999,-97.400000000000006
9070.0,US Gulf Coast -- 8650,Orange, ,US ORG,United States,Gulf of Mexico; North Atlantic Ocean,Very Small,River (Natural),30.083333000000000,-93.733333000000002
9040.0,US Gulf Coast -- 8650,Lake Charles, ,US LCH,United States,Gulf of Mexico; North Atlantic Ocean,Small,River (Natural),30.216667000000001,-93.250000000000000
9000.0,US Gulf Coast -- 8650,Morgan City, ,US LMO,United States,Gulf of Mexico; North Atlantic Ocean,Very Small,River (Natural),29.699999999999999,-91.216667000000001
8980.0,US Gulf Coast -- 8650,Loop Terminal, ,US LO9,United States,Gulf of Mexico; North Atlantic Ocean,Large,Open Roadstead,28.883333000000000,-90.016666999999998
8800.0,US Gulf Coast -- 8650,Gulfport, ,US GPT,United States,Gulf of Mexico; North Atlantic Ocean,Small,Coastal (Natural),30.350000000000001,-89.083332999999996
8730.0,US Gulf Coast -- 8650,Apalachicola, ,US AAF,United States,Gulf of Mexico; North Atlantic Ocean,Very Small,River (Natural),29.716667000000001,-84.983333000000002
8665.0,US Gulf Coast -- 8650,Boca Grande,Charlotte Harbor,US BCG,United States,Gulf of Mexico; North Atlantic Ocean,Very Small,Coastal (Natural),26.699999999999999,-82.333332999999996
2800.0,US St Lawrence R -- 2750,Clayton, ,US CLY,United States,Lake Ontario; Great Lakes,Very Small,River (Natural),44.233333000000002,-76.049999999999997
2770.0,US St Lawrence R -- 2750,Ogdensburg, ,US OGS,United States,Lake Ontario; Great Lakes,Small,River (Natural),44.700000000000003,-75.500000000000000
2235.0,Canada St Lawrence R -- 1930,Montreal, ,CA MTR,Canada,Lake Ontario; Great Lakes,Large,River (Natural),45.516666999999998,-73.549999999999997
6730.0,United States E Coast -- 6585,Mount Desert,Somesville,US DZT,United States,North Atlantic Ocean,Very Small,Coastal (Natural),44.366667000000000,-68.333332999999996
38433.0,Spain SE Coast -- 38340,Islas Hormigas, , ,Spain,Mediterranean Sea; North Atlantic Ocean, , ,37.649999999999999,-0.650000000000000
38585.0,Spain SE Coast -- 38340,Las Hormigas, , ,Spain,Mediterranean Sea; North Atlantic Ocean, , ,41.866667000000000,3.183333000000000
40000.0,Italy West Coast Cont -- 39730,Castellammare Di Stabia, ,IT CAS,Italy,Tyrrhenian Sea; Mediterranean Sea; North Atlantic Ocean,Very Small,Coastal (Breakwater),40.700000000000003,14.476000000000001
40210.0,Sicilia -- 40090,Licata, ,IT LIC,Italy,Mediterranean Sea; North Atlantic Ocean,Small,Coastal (Breakwater),37.091999999999999,13.936000000000000
40340.0,Malta -- 40320,Marsaxlokk,Marsa Scirocco,MT MAR,Malta,Mediterranean Sea; North Atlantic Ocean,Small,Coastal (Natural),35.816667000000002,14.550000000000001
43340.0,Turkey Europe -- 43325,Gemlik, ,TR GEM,Turkey,Sea of Marmara; Mediterranean Sea; North Atlantic Ocean,Very Small,Open Roadstead,40.416666999999997,29.116667000000000
50650.0,Sumatera -- 50515,Lhokseumawe,Lhokseumawe; Semawe Town,ID LSW,Indonesia,Andaman Sea; Indian Ocean,Very Small,Open Roadstead,5.250000000000000,97.116667000000007
51484.0,Kepulauan Anambas -- 51480,Belida Marine Terminal, ,ID BET,Indonesia,South China Sea; North Pacific Ocean,Very Small,Open Roadstead,4.133333000000000,105.133332999999993
44690.0,Turkey Asia -- 44360,Canakkale,Chanak; Dardan,TR CKZ,Turkey,Sea of Marmara; Mediterranean Sea; North Atlantic Ocean,Small,Canal or Lake,40.149999999999999,26.399999999999999
44880.0,Turkey Asia -- 44360,Iskenderun, ,TR ISK,Turkey,Mediterranean Sea; North Atlantic Ocean,Very Small,Coastal (Breakwater),36.600000000000001,36.166666999999997
45084.0,Israel -- 45060,Hadera, ,IL HAD,Israel,Mediterranean Sea; North Atlantic Ocean,Very Small,Open Roadstead,32.466667000000001,34.899999999999999
48108.0,Saudi Arabia -- 48100,Duba Bulk Plant Tanker Terminal, , ,Saudi Arabia,Red Sea; Indian Ocean,Very Small,Open Roadstead,27.316666999999999,35.899999999999999
61357.0,Japan -- 61100,Kashima Ko, ,JP KSM,Japan,North Pacific Ocean,Small,Coastal (Breakwater),35.933332999999998,140.699999999999989
62085.0,Japan -- 61100,Mishima-Kawanoe Ko, ,JP MKX,Japan,Sea of Japan; North Pacific Ocean,Small,Coastal (Natural),34.000000000000000,133.550000000000011
7590.0,United States E Coast -- 6585,Norwalk, ,US ORQ,United States,North Atlantic Ocean,Very Small,River (Natural),41.100000000000001,-73.416667000000004
2670.0,Canada St Lawrence R -- 2545,Cardinal, ,CA CDN,Canada,Lake Ontario; Great Lakes,Very Small,Canal or Lake,44.783332999999999,-75.383332999999993
9030.0,US Gulf Coast -- 8650,Haymark Terminal, , ,United States,Gulf of Mexico; North Atlantic Ocean,Very Small,River (Natural),30.133333000000000,-93.316666999999995
8990.0,US Gulf Coast -- 8650,Grand Isle, ,US GIJ,United States,Gulf of Mexico; North Atlantic Ocean,Very Small,Coastal (Natural),29.233332999999998,-90.000000000000000
42420.0,Greece East Coast -- 42010,Kymassi, ,GR KYM,Greece,Aegean Sea; Mediterranean Sea; North Atlantic Ocean,Very Small,Coastal (Natural),38.833333000000003,23.466667000000001
38370.0,Spain SE Coast -- 38340,Malaga, ,ES AGP,Spain,Mediterranean Sea; North Atlantic Ocean,Medium,Coastal (Breakwater),36.716667000000001,-4.416667000000000
59475.0,Philippine Islands -- 57960,Gingoog, ,PH GIN,Philippines,Bohol Sea; Philippine inland seas; North Pacific Ocean,Very Small,Coastal (Natural),8.833333000000000,125.099999999999994
38980.0,France South Coast -- 38710,Antibes, ,FR ANT,France,Mediterranean Sea; North Atlantic Ocean,Very Small,Coastal (Breakwater),43.583333000000003,7.133333000000000
39060.0,Corse -- 39040,Bastia, ,FR BIA,France,Ligurian Sea; Mediterranean Sea; North Atlantic Ocean,Very Small,Coastal (Breakwater),42.700000000000003,9.449999999999999
39110.0,Corse -- 39040,Calvi, ,FR CLY,France,Ligurian Sea; Mediterranean Sea; North Atlantic Ocean,Very Small,Coastal (Natural),42.566667000000002,8.750000000000000
39250.0,Sardegna -- 39130,Carloforte, ,IT CLF,Italy,Mediterranean Sea; North Atlantic Ocean,Very Small,Coastal (Breakwater),39.146999999999998,8.317000000000000
40115.0,Sicilia -- 40090,Gioia Tauro, ,IT GIT,Italy,Tyrrhenian Sea; Mediterranean Sea; North Atlantic Ocean,Large,Canal or Lake,38.444000000000003,15.890000000000001
40220.0,Sicilia -- 40090,Gela,Terranova,IT GEA,Italy,Mediterranean Sea; North Atlantic Ocean,Very Small,Coastal (Breakwater),37.066667000000002,14.250000000000000
40270.0,Sicilia -- 40090,Catania, ,IT CTA,Italy,Mediterranean Sea; North Atlantic Ocean,Medium,Coastal (Breakwater),37.500000000000000,15.100000000000000
40985.0,Croatia -- 40877,Brsica,Arsa; Luka Rasa; Rasa; Valdivagna; Zaliv Rasa, ,Croatia,Adriatic Sea; Mediterranean Sea; North Atlantic Ocean,Very Small,Coastal (Natural),45.033332999999999,14.050000000000001
48327.0,Bahrain -- 48305,Khalifa Bin Salman, ,BH KBS,Bahrain,Persian Gulf; Indian Ocean,Medium,Coastal (Breakwater),26.250000000000000,50.750000000000000
49890.0,Malaysia -- 49820,Lumut, ,MY LUM,Malaysia,Strait of Malacca; Indian Ocean,Very Small,River (Natural),4.233333000000000,100.633332999999993
51205.0,Jawa -- 50920,Celukan Bawang, ,ID CEB,Indonesia,Bali Sea; Java Sea; South Pacific Ocean,Small,Coastal (Natural),-8.183332999999999,114.833332999999996
51260.0,Lesser Sunda Islands -- 51250,Benoa,Benoa Udjung,ID BOA,Indonesia,Indian Ocean,Very Small,Coastal (Natural),-8.750000000000000,115.216667000000001
57411.0,Malaysia -- 57400,Kemaman Harbor, ,MY KEM,Malaysia,South China Sea; North Pacific Ocean,Very Small,Coastal (Natural),4.250000000000000,103.466667000000001
57420.0,Malaysia -- 57400,Kuala Trengganu,Trengganu,MY TGG,Malaysia,South China Sea; North Pacific Ocean,Very Small,River (Basins),5.350000000000000,103.133332999999993
46970.0,Tanzania -- 46965,Mikindani,Pimlea,TZ MIK,Tanzania,Indian Ocean,Very Small,Coastal (Natural),-10.266667000000000,40.133333000000000
47140.0,Somalia -- 47120,Baraawe,Brawa, ,Somalia,Indian Ocean,Very Small,Open Roadstead,1.100000000000000,44.049999999999997
47300.0,Comoros -- 47295,Moroni, ,KM YVA,Comoros,Mozambique Channel; Indian Ocean,Very Small,Open Roadstead,-11.699999999999999,43.250000000000000
51733.0,Malaysia -- 51647,Bakapit, ,MY BKP,Malaysia,Celebes Sea; North Pacific Ocean,Very Small,Coastal (Natural),4.950000000000000,118.583332999999996
61375.0,Japan -- 61100,Chiba Ko,Samukawa; Tiba,JP CHB,Japan,North Pacific Ocean,Small,Coastal (Breakwater),35.583333000000003,140.066666999999995
61416.0,Japan -- 61100,Atsumi, ,JP ATM,Japan,Sea of Japan; North Pacific Ocean,Very Small,Coastal (Natural),34.666666999999997,137.066666999999995
61470.0,Japan -- 61100,Kinuura Ko, ,JP KNU,Japan,Sea of Japan; North Pacific Ocean,Small,River (Natural),34.850000000000001,136.949999999999989
36360.0,France NW Coast Cont -- 36060,Morlaix, ,FR MXN,France,English Channel; North Atlantic Ocean,Small,River (Tide Gates),48.583333000000003,-3.833333000000000
7100.0,United States E Coast -- 6585,Gardiner, ,US GDN,United States,North Atlantic Ocean,Very Small,River (Natural),44.233333000000002,-69.766666999999998
7130.0,United States E Coast -- 6585,Cundy Harbor, , ,United States,North Atlantic Ocean,Very Small,Coastal (Natural),43.783332999999999,-69.900000000000006
61475.0,Japan -- 61100,Gamagori Ko, ,JP GAM,Japan,Sea of Japan; North Pacific Ocean,Small,Open Roadstead,34.816667000000002,137.216667000000001
61495.0,Japan -- 61100,Matsusaka,Matsusaki; Tsumatsusaka,JP MSA,Japan,Sea of Japan; North Pacific Ocean,Small,Coastal (Natural),34.600000000000001,136.566666999999995
55130.0,New Zealand N Island -- 54990,Napier, ,NZ NPE,New Zealand,South Pacific Ocean,Small,Coastal (Breakwater),-39.483333000000002,176.916666999999990
59090.0,Philippine Islands -- 57960,Dumaguete, ,PH DGT,Philippines,Bohol Sea; Philippine inland seas; North Pacific Ocean,Very Small,Open Roadstead,9.316667000000001,123.299999999999997
59180.0,Philippine Islands -- 57960,Jordan, , ,Philippines,Philippine inland seas; North Pacific Ocean,Very Small,Open Roadstead,10.666667000000000,122.583332999999996
59700.0,Philippine Islands -- 57960,Iligan, ,PH IGN,Philippines,Bohol Sea; Philippine inland seas; North Pacific Ocean,Very Small,Open Roadstead,8.233333000000000,124.233333000000002
59760.0,Philippine Islands -- 57960,Butuan City, ,PH BXU,Philippines,Bohol Sea; Philippine inland seas; North Pacific Ocean,Very Small,River (Natural),8.949999999999999,125.533332999999999
60180.0,China Continued -- 59850,Dagu Tanggu,Asin Kang; Hsin Kang; Tang Ku, ,China,Bo Hai; Yellow Sea; North Pacific Ocean,Very Small,River (Natural),38.966667000000001,117.666667000000004
44640.0,Turkey Asia -- 44360,Mudanya, ,TR MUD,Turkey,Sea of Marmara; Mediterranean Sea; North Atlantic Ocean,Very Small,Open Roadstead,40.383333000000000,28.883333000000000
44650.0,Turkey Asia -- 44360,Bandirma,Panderma,TR BDM,Turkey,Sea of Marmara; Mediterranean Sea; North Atlantic Ocean,Very Small,Coastal (Breakwater),40.350000000000001,27.966667000000001
44670.0,Turkey Asia -- 44360,Karabiga, ,TR KRB,Turkey,Sea of Marmara; Mediterranean Sea; North Atlantic Ocean,Very Small,Coastal (Natural),40.399999999999999,27.316666999999999
44950.0,Cyprus -- 44890,Limassol, ,CY LMS,Cyprus,Mediterranean Sea; North Atlantic Ocean,Small,Coastal (Breakwater),34.666666999999997,33.049999999999997
45080.0,Israel -- 45060,Haifa,Hefa; Khaifa,IL HFA,Israel,Mediterranean Sea; North Atlantic Ocean,Medium,Coastal (Breakwater),32.816667000000002,35.000000000000000
45180.0,Egypt Mediterranean -- 45120,Mersa Matruh, ,EG MMU,Egypt,Mediterranean Sea; North Atlantic Ocean,Very Small,Coastal (Breakwater),31.350000000000001,27.233332999999998
45340.0,Libya -- 45200,Marsa Sabratah,Sabrata, ,Libya,Mediterranean Sea; North Atlantic Ocean,Very Small,Open Roadstead,32.816667000000002,12.500000000000000
46541.0,Angola -- 46540,Kizomba A Terminal, , ,Angola,South Atlantic Ocean,Very Small,Open Roadstead,-6.316667000000000,11.050000000000001
48400.0,Iraq -- 48375,Al Basrah, ,IQ BSR,Iraq,Persian Gulf; Indian Ocean,Medium,River (Natural),30.516667000000002,47.833333000000003
48404.0,Iraq -- 48375,Khawr Al Zubair,Khor Al Zubair,IQ KAZ,Iraq,Persian Gulf; Indian Ocean,Very Small,River (Natural),30.183333000000001,47.899999999999999
48430.0,Iran -- 48410,Abadan, ,IR ABD,Iran,Persian Gulf; Indian Ocean,Medium,River (Natural),30.333333000000000,48.283332999999999
48440.0,Iran -- 48410,Khosrowabad, , ,Iran,Persian Gulf; Indian Ocean,Very Small,River (Natural),30.166667000000000,48.416666999999997
49690.0,Burma (Myanmar) -- 49610,Mergui, ,MM MER,Burma,Andaman Sea; Indian Ocean,Small,River (Natural),12.433332999999999,98.599999999999994
49790.0,Thailand -- 49760,Kantang Harbor, ,TH KAN,Thailand,Andaman Sea; Indian Ocean,Very Small,River (Natural),7.400000000000000,99.516666999999998
50652.0,Indonesia -- 50020,Blanglancang, ,ID BLL,Indonesia,Andaman Sea; Indian Ocean,Small,Typhoon Harbor,5.233333000000000,97.099999999999994
50790.0,Sumatera -- 50515,Bengkalis, ,ID BKI,Indonesia,Strait of Malacca; Indian Ocean,Very Small,Coastal (Natural),1.466667000000000,102.099999999999994
44751.0,Turkey Asia -- 44360,Gulluk, ,TR GUL,Turkey,Aegean Sea; Mediterranean Sea; North Atlantic Ocean,Very Small,Coastal (Breakwater),37.250000000000000,27.616667000000000
44770.0,Turkey Asia -- 44360,Kusadasi, ,TR KUS,Turkey,Aegean Sea; Mediterranean Sea; North Atlantic Ocean,Very Small,Coastal (Natural),37.866667000000000,27.250000000000000
44805.0,Turkey Asia -- 44360,Marmaris, ,TR MRM,Turkey,Mediterranean Sea; North Atlantic Ocean,Very Small,Coastal (Breakwater),36.850000000000001,28.283332999999999
7990.0,United States E Coast -- 6585,Leonardo, ,US DOJ,United States,North Atlantic Ocean,Small,Coastal (Natural),40.433332999999998,-74.066666999999995
2560.0,Canada St Lawrence R -- 2545,Coteau Landing,Coteau Du Lac,CA CQA,Canada,Lake Ontario; Great Lakes,Very Small,Canal or Lake,45.250000000000000,-74.200000000000003
2620.0,Canada St Lawrence R -- 2545,Cornwall, ,CA CWL,Canada,Lake Ontario; Great Lakes,Very Small,Canal or Lake,45.016666999999998,-74.733333000000002
2680.0,Canada St Lawrence R -- 2545,Lower Lakes Terminal,Johnstown,CA JOH,Canada,Lake Ontario; Great Lakes,Small,River (Natural),44.733333000000002,-75.466667000000001
11170.0,Puerto Rico -- 11080,Ensenada Honda, , ,Puerto Rico,Caribbean Sea; North Atlantic Ocean,Medium,Coastal (Breakwater),18.233332999999998,-65.633332999999993
45377.0,Tunisia -- 45360,Ashtart Oil Terminal, ,TN ASH,Tunisia,Mediterranean Sea; North Atlantic Ocean,Small,Open Roadstead,34.283332999999999,11.383333000000000
45444.0,Tunisia -- 45360,Menzel Bourguiba, ,TN MBA,Tunisia,Mediterranean Sea; North Atlantic Ocean,Small,Canal or Lake,37.149999999999999,9.800000000000001
45650.0,Algeria -- 45470,Mers El Kebir, , ,Algeria,Mediterranean Sea; North Atlantic Ocean,Small,Coastal (Breakwater),35.733333000000002,-0.700000000000000
45796.0, ,El Jorf Lasfar, ,MA JFL,Morocco,North Atlantic Ocean,Small,Coastal (Breakwater),33.116667000000000,-8.616667000000000
46542.0,Angola -- 46540,Kizomba B Terminal, , ,Angola,South Atlantic Ocean,Very Small,Open Roadstead,-6.350000000000000,11.150000000000000
46553.0,Angola -- 46540,Estrela Oil Field, , ,Angola,South Atlantic Ocean,Small,Open Roadstead,-6.450000000000000,12.400000000000000
46950.0,Mozambique -- 46860,Ibo, ,MZ IBO,Mozambique,Mozambique Channel; Indian Ocean,Very Small,Coastal (Natural),-12.333333000000000,40.616667000000000
47400.0,Madagascar -- 47350,Mahajanga, ,MG MJN,Madagascar,Mozambique Channel; Indian Ocean,Very Small,Coastal (Natural),-15.716666999999999,46.299999999999997
47944.0,Sudan -- 47910,Beshayer Oil Terminal, , ,Sudan,Red Sea; Indian Ocean,Medium,Open Roadstead,19.399999999999999,37.316667000000002
48050.0,Egypt Red Sea -- 47950,El Ismailiya,Ismailia,EG ISM,Egypt,Suez Canal; Red Sea; Indian Ocean,Small,Canal or Lake,30.583333000000000,32.283332999999999
51630.0,Brunei -- 51610,Bandar Seri Begawan, ,BN BWN,Brunei,South China Sea; North Pacific Ocean,Small,River (Natural),4.883333000000000,114.883332999999993
61378.0,Japan -- 61100,Katsunan Ko, , ,Japan,North Pacific Ocean,Small,Coastal (Breakwater),35.666666999999997,139.983332999999988
61379.0,Japan -- 61100,Funabashi, ,JP FNB,Japan,North Pacific Ocean,Very Small,Coastal (Breakwater),35.666666999999997,139.949999999999989
61465.0,Japan -- 61100,Mikawa,Makawi,JP MKW,Japan,North Pacific Ocean,Large,Coastal (Breakwater),34.716667000000001,137.300000000000011
55110.0,New Zealand N Island -- 54990,Gisborne, ,NZ GIS,New Zealand,South Pacific Ocean,Small,River (Basins),-38.666666999999997,178.033332999999999
57818.0,China -- 57815,Chiwan,Mawan,CN CWN,China,Gulf of Tonkin; South China Sea; North Pacific Ocean,Very Small,Coastal (Breakwater),19.966667000000001,110.033332999999999
58070.0,Philippine Islands -- 57960,Hondagua, ,PH HON,Philippines,Philippine inland seas; North Pacific Ocean,Very Small,Open Roadstead,13.949999999999999,122.233333000000002
61571.0,Japan -- 61100,O0kihama,Aboshi, ,Japan,Sea of Japan; North Pacific Ocean,Very Small,Coastal (Natural),34.750000000000000,134.566666999999995
61595.0,Japan -- 61100,Mizushima Ko,Mizusima,JP MIZ,Japan,Sea of Japan; North Pacific Ocean,Medium,Coastal (Natural),34.500000000000000,133.750000000000000
61650.0,Japan -- 61100,Hiroshima, ,JP HIJ,Japan,Sea of Japan; North Pacific Ocean,Medium,Open Roadstead,34.350000000000001,132.466667000000001
61675.0,Japan -- 61100,Kudamatsu, ,JP KUD,Japan,Sea of Japan; North Pacific Ocean,Small,Coastal (Natural),34.000000000000000,131.866667000000007
61695.0,Japan -- 61100,Hikari, ,JP HKR,Japan,Sea of Japan; North Pacific Ocean,Small,Coastal (Natural),33.950000000000003,131.933333000000005
61805.0,Japan -- 61100,Fukui, ,JP FKJ,Japan,Sea of Japan; North Pacific Ocean,Very Small,Open Roadstead,36.066667000000002,136.199999999999989
61932.0,Japan -- 61100,Mega, , ,Japan,Sea of Japan; North Pacific Ocean,Very Small,Coastal (Breakwater),34.783332999999999,134.699999999999989
61935.0,Japan -- 61100,Hannan Ko, ,JP HAN,Japan,Sea of Japan; North Pacific Ocean,Small,Coastal (Natural),34.466667000000001,135.349999999999994
61970.0,Japan -- 61100,Kochi Ko,Koti,JP KCZ,Japan,Sea of Japan; North Pacific Ocean,Medium,Coastal (Natural),33.500000000000000,133.566666999999995
62100.0,Japan -- 61100,Marugame Ko, ,JP MAR,Japan,Sea of Japan; North Pacific Ocean,Very Small,Coastal (Breakwater),34.299999999999997,133.783332999999999
62430.0,Japan -- 61100,Hakata, ,JP HKT,Japan,Korea Strait; North Pacific Ocean,Medium,Coastal (Breakwater),33.600000000000001,130.400000000000006
62500.0,Nansei Shoto -- 62470,Naha Ko, ,JP NAH,Japan,East China Sea; North Pacific Ocean,Small,Coastal (Breakwater),26.216667000000001,127.683333000000005
35860.0,France NW Coast -- 35720,Honfleur, ,FR HON,France,English Channel; North Atlantic Ocean,Very Small,River (Tide Gates),49.416666999999997,0.216667000000000
36110.0,France NW Coast Cont -- 36060,Granville, ,FR GFR,France,English Channel; North Atlantic Ocean,Very Small,Coastal (Tide Gates),48.833333000000003,-1.600000000000000
36960.0,France West Coast -- 36450,Les Sables D' Olonne, ,FR LSO,France,Bay of Biscay; North Atlantic Ocean,Medium,River (Basins),46.500000000000000,-1.800000000000000
42490.0,Greece East Coast -- 42010,Miliana,Melina, ,Greece,Aegean Sea; Mediterranean Sea; North Atlantic Ocean,Very Small,Coastal (Natural),39.166666999999997,23.216667000000001
38690.0,Islas Baleares -- 38600,Mahon, ,ES MAH,Spain,Mediterranean Sea; North Atlantic Ocean,Very Small,River (Basins),39.883333000000000,4.266667000000000
38960.0,France South Coast -- 38710,Cannes, ,FR CEQ,France,Mediterranean Sea; North Atlantic Ocean,Small,Coastal (Natural),43.549999999999997,7.016667000000000
39180.0,Sardegna -- 39130,Olbia,Terranova Pausania,IT OLB,Italy,Tyrrhenian Sea; Mediterranean Sea; North Atlantic Ocean,Small,Coastal (Natural),40.924999999999997,9.528000000000000
41415.0,Croatia -- 40877,Neum, ,BA NEM,Bosnia and Herzegovina,Adriatic Sea; Mediterranean Sea; North Atlantic Ocean,Small, ,42.916666999999997,17.600000000000001
43260.0,Dhodhekanisos -- 43180,Kalimnos,Calino,GR KMI,Greece,Aegean Sea; Mediterranean Sea; North Atlantic Ocean,Very Small,Coastal (Natural),36.950000000000003,26.983332999999998
43380.0,Turkey Europe -- 43325,Gelibolu, ,TR GEL,Turkey,Sea of Marmara; Mediterranean Sea; North Atlantic Ocean,Very Small,Canal or Lake,40.399999999999999,26.666667000000000
59080.0,Philippine Islands -- 57960,Bais, ,PH BAI,Philippines,Philippine inland seas; North Pacific Ocean,Very Small,Open Roadstead,9.600000000000000,123.116667000000007
59343.0,Philippine Islands -- 57960,Masao,Tortosa,PH MAS,Philippines,Bohol Sea; Philippine inland seas; North Pacific Ocean,Very Small,Coastal (Natural),9.000000000000000,125.416667000000004
59710.0,Philippine Islands -- 57960,Cagayan De Oro, ,PH CGY,Philippines,Bohol Sea; Philippine inland seas; North Pacific Ocean,Medium,Coastal (Natural),8.500000000000000,124.666667000000004
61564.0,Japan -- 61100,Hirohata, ,JP HRH,Japan,Sea of Japan; North Pacific Ocean,Very Small,Coastal (Breakwater),34.766666999999998,134.633332999999993
61568.0,Japan -- 61100,Higashi-Harima, ,JP HHR,Japan,Sea of Japan; North Pacific Ocean,Medium,Coastal (Breakwater),34.700000000000003,134.833333000000010
61573.0,Japan -- 61100,Kakogawa, ,JP KGA,Japan,Sea of Japan; North Pacific Ocean,Very Small,Coastal (Breakwater),34.700000000000003,134.833333000000010
61605.0,Japan -- 61100,Fukuyama, ,JP FYM,Japan,Sea of Japan; North Pacific Ocean,Medium,Coastal (Natural),34.433332999999998,133.433333000000005
61630.0,Japan -- 61100,Onomichi-Itozaki, ,JP ONX,Japan,Sea of Japan; North Pacific Ocean,Large,Coastal (Natural),34.383333000000000,133.166666999999990
61655.0,Japan -- 61100,Kanokawa Ko, ,JP KKW,Japan,Sea of Japan; North Pacific Ocean,Very Small,Coastal (Natural),34.183332999999998,132.433333000000005
62079.0,Japan -- 61100,Onoda, ,JP OND,Japan,Korea Strait; North Pacific Ocean,Small,Open Roadstead,34.000000000000000,131.183333000000005
62160.0,Japan -- 61100,Oita Ko, ,JP OIT,Japan,Korea Strait; North Pacific Ocean,Very Small,Coastal (Breakwater),33.250000000000000,131.666666999999990
62250.0,Japan -- 61100,Minamata Ko,Minamata,JP MIN,Japan,East China Sea; North Pacific Ocean,Very Small,Coastal (Breakwater),32.200000000000003,130.383332999999993
62290.0,Japan -- 61100,Miike Ko, ,JP MII,Japan,East China Sea; North Pacific Ocean,Small,Coastal (Breakwater),33.000000000000000,130.416666999999990
62420.0,Japan -- 61100,Karatsu, ,JP KAR,Japan,Korea Strait; North Pacific Ocean,Small,Coastal (Natural),33.483333000000002,129.966667000000001
62510.0,Nansei Shoto -- 62470,Hirara Ko, ,JP HRR,Japan,East China Sea; North Pacific Ocean,Very Small,Coastal (Natural),24.800000000000001,125.283332999999999
16400.0,United States W Coast -- 16000,Oleum, ,US OL2,United States,North Pacific Ocean,Very Small,Coastal (Natural),38.049999999999997,-122.266666999999998
46800.0,South Africa -- 46725,Mossel Bay,Aliwal,ZA MZY,South Africa,Indian Ocean,Medium,Coastal (Breakwater),-34.174722222000000,22.146111111000000
16385.0,United States W Coast -- 16000,Sausalito, ,US JMC,United States,North Pacific Ocean,Very Small,Coastal (Natural),37.850000000000001,-122.483333000000002
3250.0,Canada Lake Erie -- 3240,Port Colborne, ,CA PCO,Canada,Lake Erie; Great Lakes,Small,Canal or Lake,42.883333000000000,-79.250000000000000
15995.0,Mexico West Coast -- 15700,Rosarito, ,MX RST,Mexico,North Pacific Ocean,Very Small,Open Roadstead,32.366667000000000,-117.099999999999994
9220.0,US Gulf Coast -- 8650,Pasadena, ,US PAS,United States,Gulf of Mexico; North Atlantic Ocean,Very Small,River (Natural),29.716667000000001,-95.216667000000001
8667.0,US Gulf Coast -- 8650,Port Manatee, ,US PME,United States,Gulf of Mexico; North Atlantic Ocean,Small,Coastal (Tide Gates),27.633333000000000,-82.566666999999995
16590.0,United States W Coast -- 16000,Sacramento, ,US SAC,United States,North Pacific Ocean,Small,River (Natural),38.583333000000003,-121.500000000000000
8670.0,US Gulf Coast -- 8650,Tampa, ,US TPA,United States,Gulf of Mexico; North Atlantic Ocean,Medium,Coastal (Natural),27.916667000000000,-82.450000000000003
9280.0,US Gulf Coast -- 8650,Port Oconnor, , ,United States,Gulf of Mexico; North Atlantic Ocean,Very Small,Coastal (Natural),28.449999999999999,-96.400000000000006
16560.0,United States W Coast -- 16000,Walnut Grove, ,US YXG,United States,North Pacific Ocean,Very Small,River (Natural),38.233333000000002,-121.516666999999998
8630.0,United States E Coast -- 6585,Port Everglades, ,US PEF,United States,North Atlantic Ocean,Medium,Coastal (Natural),26.100000000000001,-80.116667000000007
3070.0,Canada Lake Ontario -- 2820,Port Weller, ,CA PWE,Canada,Lake Ontario; Great Lakes,Small,River (Tide Gates),43.233333000000002,-79.216667000000001
16120.0,United States W Coast -- 16000,Port Hueneme, ,US NTD,United States,North Pacific Ocean,Very Small,Coastal (Breakwater),34.149999999999999,-119.200000000000003
3090.0,Canada Lake Ontario -- 2820,Welland, ,CA WEL,Canada,Lake Erie; Great Lakes,Small,Canal or Lake,43.000000000000000,-79.250000000000000
8530.0,United States E Coast -- 6585,Savannah, ,US SAV,United States,North Atlantic Ocean,Medium,River (Natural),32.083333000000003,-81.083332999999996
2220.0,Canada St Lawrence R -- 1930,Sorel, ,CA SOR,Canada,Gulf of Saint Lawrence; North Atlantic Ocean,Small,River (Natural),46.049999999999997,-73.116667000000007
14130.0,Chile -- 14070,Port San Juan De La Juan,Port Famine; Puerto Famine, ,Chile,South Pacific Ocean,Very Small,Coastal (Natural),-53.633333000000000,-70.916667000000004
46855.0,South Africa -- 46725,Richards Bay, ,ZA RCB,South Africa,Indian Ocean,Medium,Coastal (Breakwater),-28.809999999999999,32.098333332999999
62130.0,Japan -- 61100,Kokura Ko, ,JP KOK,Japan,Korea Strait; North Pacific Ocean,Small,Coastal (Breakwater),33.883333000000000,130.883332999999993
41045.0,Croatia -- 40877,Omisalj, ,HR OMI,Croatia,Adriatic Sea; Mediterranean Sea; North Atlantic Ocean,Small,Coastal (Natural),45.216667000000001,14.550000000000001
40100.0,Sicilia -- 40090,Messina, ,IT MSN,Italy,Mediterranean Sea; North Atlantic Ocean,Large,Coastal (Breakwater),38.200000000000003,15.566667000000001
2975.0,Canada Lake Ontario -- 2820,Contrecour, ,CA COC,Canada,Gulf of Saint Lawrence; North Atlantic Ocean,Very Small,River (Natural),45.883333000000000,-73.200000000000003
36220.0,France NW Coast Cont -- 36060,Le Legue,St Brieuc,FR LLG,France,English Channel; North Atlantic Ocean,Very Small,River (Tide Gates),48.533332999999999,-2.750000000000000
45165.0,Egypt Mediterranean -- 45120,Al Iskandariyh (Alexandria), ,EG ALY,Egypt,Mediterranean Sea; North Atlantic Ocean,Large,Coastal (Breakwater),31.166667000000000,29.833333000000000
2740.0,Canada St Lawrence R -- 2545,Kingston, ,CA KIN,Canada,Lake Ontario; Great Lakes,Very Small,Coastal (Natural),44.233333000000002,-76.500000000000000
42820.0,Aegean Islands -- 42640,Khios,Khiou,GR JKH,Greece,Aegean Sea; Mediterranean Sea; North Atlantic Ocean,Very Small,Coastal (Breakwater),38.366667000000000,26.133333000000000
43155.0,Kriti -- 43080,Ayios Nikolaos, ,GR ANI,Greece,Aegean Sea; Mediterranean Sea; North Atlantic Ocean,Very Small,Coastal (Natural),35.200000000000003,25.716667000000001
43250.0,Dhodhekanisos -- 43180,Limin Kos,Coo; Stanko,GR KGS,Greece,Aegean Sea; Mediterranean Sea; North Atlantic Ocean,Very Small,Open Roadstead,36.899999999999999,27.283332999999999
47310.0,Comoros -- 47295,Fomboni,Fumboni,KM FOU,Comoros,Mozambique Channel; Indian Ocean,Very Small,Open Roadstead,-12.266667000000000,43.750000000000000
57825.0,China -- 57815,Huangpuxingang, ,CN HUN,China,South China Sea; North Pacific Ocean,Small,River (Natural),23.050000000000001,113.500000000000000
15645.0,El Salvador -- 15590,Acajutla Offshore Terminal,El Paso Terminal,SV AQJ,El Salvador,North Pacific Ocean,Very Small,Open Roadstead,13.583333000000000,-89.866667000000007
2550.0,Canada St Lawrence R -- 2545,Beauharnois, ,CA BHA,Canada,Lake Ontario; Great Lakes,Very Small,Canal or Lake,45.316667000000002,-73.883332999999993
45151.0,Egypt Mediterranean -- 45120,Damietta, ,EG DAM,Egypt,Mediterranean Sea; North Atlantic Ocean,Large,Coastal (Breakwater),31.483332999999998,31.750000000000000
47320.0,Comoros -- 47295,Moutsamoudu,Matsamudu,KM MUT,Comoros,Indian Ocean,Very Small,Open Roadstead,-12.150000000000000,44.399999999999999
47340.0,Comoros -- 47295,Dzaoudzi, ,KM DZA,Comoros,Mozambique Channel; Indian Ocean,Very Small,Open Roadstead,-12.783333000000001,45.250000000000000
41910.0,Greece West Coast -- 41710,Pilos,Navarin; Navarinou; Neo Kastro; Pilos,GR NAV,Greece,Mediterranean Sea; North Atlantic Ocean,Very Small,Coastal (Natural),36.899999999999999,21.666667000000000
44910.0,Cyprus -- 44890,Xeros,Kara Vostasi; New Soli,CY KAR,Cyprus,Mediterranean Sea; North Atlantic Ocean,Very Small,Open Roadstead,35.133333000000000,32.833333000000003
36850.0,France West Coast -- 36450,St Nazaire, ,FR SNR,France,Bay of Biscay; North Atlantic Ocean,Medium,River (Tide Gates),47.283332999999999,-2.200000000000000
40980.0,Croatia -- 40877,Zaliv Rasa, ,HR RAS,Croatia,Adriatic Sea; Mediterranean Sea; North Atlantic Ocean,Very Small,Coastal (Natural),45.049999999999997,14.066667000000001
38770.0,France South Coast -- 38710,Port Saint Louis Du Rhone,St Louis Du Rhone,FR PSL,France,Gulf of Lion; Mediterranean Sea; North Atlantic Ocean,Small,Canal or Lake,43.383333000000000,4.816667000000000
42860.0,Aegean Islands -- 42640,Pithagorion,Pothagoriou; Tigani,GR PYT,Greece,Aegean Sea; Mediterranean Sea; North Atlantic Ocean,Very Small,Coastal (Breakwater),37.683332999999998,26.949999999999999
14800.0,Chile -- 14070,Rada De Arica, ,CL ARI,Chile,South Pacific Ocean,Small,Open Roadstead,-18.466667000000001,-70.333332999999996
39100.0,Corse -- 39040,Port D' Ajaccio, ,FR AJA,France,Mediterranean Sea; North Atlantic Ocean,Small,Coastal (Breakwater),41.916666999999997,8.750000000000000
2590.0,Canada St Lawrence R -- 2545,St Anicet, ,CA AIT,Canada,Lake Ontario; Great Lakes,Very Small,River (Natural),45.133333000000000,-74.366667000000007
35840.0,France NW Coast -- 35720,Port Of Le Havre, ,FR LEH,France,English Channel; North Atlantic Ocean,Large,River (Tide Gates),49.483333000000002,0.116667000000000
39090.0,Corse -- 39040,Port De Propriano, ,FR PRP,France,Mediterranean Sea; North Atlantic Ocean,Very Small,Coastal (Breakwater),41.683332999999998,8.900000000000000
2570.0,Canada St Lawrence R -- 2545,St Zotique, ,CA SZT,Canada,Lake Ontario; Great Lakes,Very Small,Canal or Lake,45.250000000000000,-74.250000000000000
2730.0,Canada St Lawrence R -- 2545,Wolfe Island, ,CA WFI,Canada,Lake Ontario; Great Lakes,Very Small,River (Natural),44.200000000000003,-76.433333000000005
2600.0,Canada St Lawrence R -- 2545,South Lancaster,East Lancaster,CA LCS,Canada,Lake Ontario; Great Lakes,Very Small,River (Natural),45.133333000000000,-74.500000000000000
47985.0,Egypt Red Sea -- 47950,Zeit Bay Terminal, ,EG ZTB,Egypt,Gulf of Suez; Red Sea; Indian Ocean,Small,Open Roadstead,27.833333000000000,33.600000000000001
48060.0,Egypt Red Sea -- 47950,Ras Abu Zanimah,Abu Zenima,EG AZA,Egypt,Gulf of Suez; Red Sea; Indian Ocean,Small,Coastal (Natural),29.033332999999999,33.116667000000000
62118.0,Japan -- 61100,Hibikinada, ,JB HBI,Japan,Korea Strait; North Pacific Ocean,Very Small,Coastal (Natural),33.933332999999998,130.833333000000010
61480.0,Japan -- 61100,Nagoya Ko, ,JP NGO,Japan,Sea of Japan; North Pacific Ocean,Large,Coastal (Breakwater),35.066667000000002,136.866667000000007
45280.0,Libya -- 45200,Banghazi,Bengasi,LY BEN,Libya,Mediterranean Sea; North Atlantic Ocean,Medium,Coastal (Breakwater),32.116667000000000,20.050000000000001
48390.0,Iraq -- 48375,Khawr Al Amaya, ,IQ KHA,Iraq,Persian Gulf; Indian Ocean,Very Small,Open Roadstead,29.783332999999999,48.799999999999997
48360.0,Kuwait -- 48350,Mina Abd Allah,Mina Al Abdulla,KW MIB,Kuwait,Persian Gulf; Indian Ocean,Small,Open Roadstead,29.016667000000002,48.166666999999997
40250.0,Sicilia -- 40090,Augusta,Megarese; Priolo Gargallo,IT AUG,Italy,Mediterranean Sea; North Atlantic Ocean,Medium,Coastal (Breakwater),37.216667000000001,15.233333000000000
45337.0,Libya -- 45200,Bouri Oil Field, ,LY BOU,Libya,Mediterranean Sea; North Atlantic Ocean,Very Small,Open Roadstead,33.899999999999999,12.650000000000000
45850.0,Guinea -- 45842,Kamsar,Kakande,GN KMC,Guinea,North Atlantic Ocean,Very Small,River (Natural),10.633333000000000,-14.616667000000000
45857.0,Guinea -- 45842,Benti, ,GN BTY,Guinea,North Atlantic Ocean,Very Small,River (Natural),9.166667000000000,-13.199999999999999
48361.0,Kuwait -- 48350,Mina Al Ahmadi,Al Fuhayhil,KW MEA,Kuwait,Persian Gulf; Indian Ocean,Medium,Open Roadstead,29.066666999999999,48.166666999999997
48540.0,Iran -- 48410,Jask, ,IR JAK,Iran,Gulf of Oman; Indian Ocean,Very Small,Coastal (Natural),25.633333000000000,57.766666999999998
51330.0,Lesser Sunda Islands -- 51250,Larantuka, ,ID LKA,Indonesia,Savu Sea; Indian Ocean,Very Small,Open Roadstead,-8.350000000000000,122.983333000000002
45110.0,Israel -- 45060,Ashqelon, ,IL AKL,Israel,Mediterranean Sea; North Atlantic Ocean,Very Small,Open Roadstead,31.666667000000000,34.500000000000000
45220.0,Libya -- 45200,Mersa Tobruq,Marsa Al Hariga; Marsa Tobruk; Tobruk,LY TOB,Libya,Mediterranean Sea; North Atlantic Ocean,Small,Coastal (Breakwater),32.083333000000003,23.983332999999998
45330.0,Libya -- 45200,Mina Tarabulus (Tripoli),Tripoli,LY TIP,Libya,Mediterranean Sea; North Atlantic Ocean,Medium,Coastal (Breakwater),32.899999999999999,13.183332999999999
48406.0,Iraq -- 48375,Khawr Al Zubair Lng Terminal, ,IQ KAZ,Iraq,Persian Gulf; Indian Ocean,Very Small,River (Natural),30.133333000000000,47.916666999999997
48530.0,Iran -- 48410,Jazireh-Ye Hormoz, ,IR HOR,Iran,Strait of Hormuz; Indian Ocean,Very Small,Open Roadstead,27.100000000000001,56.450000000000003
48535.0,Iran -- 48410,Jazireh-Ye Sirri, ,IR SXI,Iran,Persian Gulf; Indian Ocean,Small,Open Roadstead,25.899999999999999,54.549999999999997
50518.0,Sumatera -- 50515,Kuala Tanjung,Tanjung Tanjung,ID KTJ,Indonesia,Strait of Malacca; Indian Ocean,Very Small,Open Roadstead,3.366667000000000,99.483333000000002
52260.0,Sulawesi -- 51970,Baubau,Buton,ID BUW,Indonesia,Banda Sea; South Pacific Ocean,Very Small,Coastal (Natural),-5.466667000000000,122.616667000000007
61642.0,Japan -- 61100,Mitsukojima, ,JP MKS,Japan,Sea of Japan; North Pacific Ocean,Very Small,Coastal (Natural),34.183332999999998,132.516667000000012
50805.0,Sumatera -- 50515,Sungaipakning,Songaipaking,ID SEQ,Indonesia,Strait of Malacca; Indian Ocean,Small,Coastal (Natural),1.350000000000000,102.166667000000004
51584.0,Malaysia -- 51548,Tg. Mani, ,MY TMP,Malaysia,South China Sea; North Pacific Ocean,Very Small,River (Natural),2.150000000000000,111.349999999999994
51803.0,Indonesia - Borneo -- 51760,Tanjung Sangata, ,ID SGQ,Indonesia,Makassar Strait; South Pacific Ocean,Very Small,Open Roadstead,0.366667000000000,117.566666999999995
51504.0,Kepulauan Anambas -- 51480,Widuri Marine Terminal, ,ID WID,Indonesia,Java Sea; South Pacific Ocean,Very Small,Coastal (Natural),-4.666667000000000,106.650000000000006
47160.0,Somalia -- 47120,Muqdisho,Mogadiscio; Mogadishu; Muqdisho,SO MGQ,Somalia,Indian Ocean,Large,Coastal (Breakwater),2.033333000000000,45.350000000000001
47150.0,Somalia -- 47120,Marka,Merka,SO MER,Somalia,Indian Ocean,Very Small,Open Roadstead,1.716667000000000,44.783332999999999
46161.0,Nigeria -- 46120,Forcados Oil Terminal, ,NG FOR,Nigeria,Bight of Benin; Gulf of Guinea; North Atlantic Ocean,Very Small,Open Roadstead,5.166667000000000,5.183333000000000
59670.0,Philippine Islands -- 57960,Jimenez, ,PH JNZ,Philippines,Bohol Sea; Philippine inland seas; North Pacific Ocean,Very Small,Coastal (Natural),8.333333000000000,123.866667000000007
57437.0,Thailand -- 57431,Map Ta Phut, ,TH MAT,Thailand,Gulf of Thailand; South China Sea; North Pacific Ocean,Very Small,Coastal (Breakwater),12.666667000000000,101.166667000000004
55230.0,New Zealand N Island -- 54990,Manukau Harbor, ,NZ MCY,New Zealand,Tasman Sea; South Pacific Ocean,Medium,Coastal (Natural),-36.933332999999998,174.783332999999999
47700.0,Reunion -- 47670,Saint-Pierre, ,RE ZSE,Reunion,Indian Ocean,Very Small,Open Roadstead,-21.350000000000001,55.466667000000001
47680.0,Reunion -- 47670,Saint-Denis, ,RE RUN,Reunion,Indian Ocean,Very Small,Open Roadstead,-20.866667000000000,55.450000000000003
45821.0,Senegal -- 45817,Rufisque, ,SN RQ2,Senegal,North Atlantic Ocean,Very Small,Open Roadstead,14.699999999999999,-17.283332999999999
45720.0, ,Port D Al Hoceima, ,MA AHU,Morocco,Mediterranean Sea; North Atlantic Ocean,Very Small,Coastal (Breakwater),35.250000000000000,-3.916667000000000
58800.0,Philippine Islands -- 57960,Palompon, ,PH PPN,Philippines,Philippine inland seas; North Pacific Ocean,Very Small,Coastal (Natural),11.050000000000001,124.383332999999993
57443.0,Thailand -- 57431,Rayong Tpi Terminal, ,TH RYG,Thailand,Gulf of Thailand; South China Sea; North Pacific Ocean,Very Small,Open Roadstead,12.633333000000000,101.299999999999997
45440.0,Tunisia -- 45360,Banzart,Bizerte,TN BIZ,Tunisia,Mediterranean Sea; North Atlantic Ocean,Small,Coastal (Breakwater),37.283332999999999,9.883333000000000
45808.0,Spanish Sahara -- 45805,Ad Dakhla,Villa Cisneros,EH VIC,Western Sahara,North Atlantic Ocean,Very Small,River (Natural),23.699999999999999,-15.916667000000000
12210.0,Venezuela -- 11950,Bahia De Pertigalete, ,VE PRG,Venezuela,Caribbean Sea; North Atlantic Ocean,Small,Coastal (Natural),10.233333000000000,-64.566666999999995
43370.0,Turkey Europe -- 43325,Eceabat,Khelia; Kilye,TR ECE,Turkey,Sea of Marmara; Mediterranean Sea; North Atlantic Ocean,Very Small,Canal or Lake,40.183332999999998,26.366667000000000
44802.0,Turkey Asia -- 44360,Botas Dortyol Oil Terminal, ,TR BOT,Turkey,Mediterranean Sea; North Atlantic Ocean,Very Small,Open Roadstead,36.866667000000000,36.133333000000000
45370.0,Tunisia -- 45360,Houmt Souk,Djerba,TN DJE,Tunisia,Mediterranean Sea; North Atlantic Ocean,Very Small,Open Roadstead,33.883333000000000,10.850000000000000
45390.0,Tunisia -- 45360,Mersa Sfax, ,TN SFA,Tunisia,Mediterranean Sea; North Atlantic Ocean,Small,Coastal (Breakwater),34.733333000000002,10.766667000000000
57520.0,Vietnam -- 57510,Duong Dong, ,VN PQC,Vietnam,Gulf of Thailand; South China Sea; North Pacific Ocean,Very Small,River (Natural),10.216666999999999,103.966667000000001
45460.0,Tunisia -- 45360,Tabarka, ,TN TBJ,Tunisia,Mediterranean Sea; North Atlantic Ocean,Very Small,Coastal (Breakwater),36.966667000000001,8.766667000000000
48650.0,India West Coast -- 48610,Bedi,Bed,IN BED,India,Arabian Sea; Indian Ocean,Very Small,River (Natural),22.573055556000000,70.045555555999996
48617.0,India West Coast -- 48610,Mundra, ,IN MUN,India,Arabian Sea; Indian Ocean,Small,Open Roadstead,22.728333332999998,69.706666666999993
48670.0,India West Coast -- 48610,Okha, ,IN OKH,India,Arabian Sea; Indian Ocean,Very Small,Coastal (Natural),22.468055555999999,69.079722222000001
7920.0,United States E Coast -- 6585,Chrome, ,US HYM,United States,North Atlantic Ocean,Small,River (Natural),40.566667000000002,-74.216667000000001
7895.0,United States E Coast -- 6585,Bayway, ,US 8BY,United States,North Atlantic Ocean,Very Small,River (Natural),40.633333000000000,-74.200000000000003
7690.0,United States E Coast -- 6585,Catskill, ,US ACG,United States,North Atlantic Ocean,Very Small,River (Natural),42.216667000000001,-73.849999999999994
7680.0,United States E Coast -- 6585,Kingston, ,US KGT,United States,North Atlantic Ocean,Small,River (Natural),41.933332999999998,-73.966667000000001
7660.0,United States E Coast -- 6585,Newburgh, ,US SWF,United States,North Atlantic Ocean,Very Small,River (Natural),41.500000000000000,-74.000000000000000
6770.0,United States E Coast -- 6585,Bass Harbor, ,US 9HA,United States,North Atlantic Ocean,Very Small,Coastal (Natural),44.233333000000002,-68.349999999999994
16410.0,United States W Coast -- 16000,Mare Island, ,US MI8,United States,North Pacific Ocean,Small,Coastal (Natural),38.100000000000001,-122.266666999999998
9250.0,US Gulf Coast -- 8650,Freeport, ,US FPO,United States,Gulf of Mexico; North Atlantic Ocean,Very Small,River (Natural),28.949999999999999,-95.333332999999996
8790.0,US Gulf Coast -- 8650,Biloxi, ,US BIX,United States,Gulf of Mexico; North Atlantic Ocean,Very Small,Coastal (Natural),30.383333000000000,-88.883332999999993
7410.0,United States E Coast -- 6585,Bristol, ,US BSE,United States,North Atlantic Ocean,Very Small,Coastal (Natural),41.666666999999997,-71.266666999999998
8850.0,US Gulf Coast -- 8650,Gretna, ,US GTL,United States,Gulf of Mexico; North Atlantic Ocean,Very Small,River (Natural),29.916667000000000,-90.066666999999995
6790.0,United States E Coast -- 6585,Brooklin,Center Harbor,US BL3,United States,North Atlantic Ocean,Very Small,Coastal (Natural),44.266666999999998,-68.583332999999996
6850.0,United States E Coast -- 6585,North Haven, ,US 9NV,United States,North Atlantic Ocean,Very Small,Coastal (Natural),44.133333000000000,-68.866667000000007
8040.0,United States E Coast -- 6585,Deepwater Point, ,US DPW,United States,North Atlantic Ocean,Very Small,River (Natural),39.700000000000003,-75.516666999999998
8200.0,United States E Coast -- 6585,Havre De Grace, ,US HDC,United States,North Atlantic Ocean,Very Small,River (Natural),39.533332999999999,-76.083332999999996
8895.0,US Gulf Coast -- 8650,Convent, ,US CEN,United States,Gulf of Mexico; North Atlantic Ocean,Small,River (Natural),30.016667000000002,-90.833332999999996
16550.0,United States W Coast -- 16000,Isleton, ,US IL8,United States,North Pacific Ocean,Very Small,River (Natural),38.166666999999997,-121.599999999999994
7120.0,United States E Coast -- 6585,Augusta, ,US AUG,United States,North Atlantic Ocean,Very Small,River (Natural),44.316667000000002,-69.766666999999998
7220.0,United States E Coast -- 6585,Beverly, ,US BVY,United States,North Atlantic Ocean,Very Small,Coastal (Natural),42.533332999999999,-70.883332999999993
16570.0,United States W Coast -- 16000,Courtland, ,US URD,United States,North Pacific Ocean,Very Small,River (Natural),38.333333000000003,-121.566666999999995
8740.0,US Gulf Coast -- 8650,Port St Joe, ,US PSJ,United States,Gulf of Mexico; North Atlantic Ocean,Small,Coastal (Natural),29.816666999999999,-85.316666999999995
8920.0,US Gulf Coast -- 8650,St Rose, ,US SRE,United States,Gulf of Mexico; North Atlantic Ocean,Very Small,River (Natural),29.949999999999999,-90.316666999999995
9310.0,US Gulf Coast -- 8650,Port Aransas, ,US YAS,United States,Gulf of Mexico; North Atlantic Ocean,Very Small,Coastal (Natural),27.833333000000000,-97.049999999999997
9320.0,US Gulf Coast -- 8650,Port Ingleside, ,US YIG,United States,Gulf of Mexico; North Atlantic Ocean,Very Small,Coastal (Natural),27.816666999999999,-97.183333000000005
6760.0,United States E Coast -- 6585,Swans Island, ,US IS9,United States,North Atlantic Ocean,Very Small,Coastal (Natural),44.133333000000000,-68.450000000000003
16270.0,United States W Coast -- 16000,Santa Cruz, ,US SRU,United States,North Pacific Ocean,Very Small,Coastal (Natural),36.966667000000001,-122.016666999999998
8930.0,US Gulf Coast -- 8650,Reserve, ,US RSF,United States,Gulf of Mexico; North Atlantic Ocean,Very Small,River (Natural),30.050000000000001,-90.549999999999997
16370.0,United States W Coast -- 16000,Point Richmond,Richmond,US RCH,United States,North Pacific Ocean,Small,Coastal (Natural),37.916666999999997,-122.366667000000007
6690.0,United States E Coast -- 6585,Sorrento, ,US 9SO,United States,North Atlantic Ocean,Very Small,Coastal (Natural),44.466667000000001,-68.183333000000005
8893.0,US Gulf Coast -- 8650,St. James, ,US SNJ,United States,Gulf of Mexico; North Atlantic Ocean,Small,River (Natural),29.979199999999999,-90.827500000000001
16520.0,United States W Coast -- 16000,Stockton, ,US SCK,United States,North Pacific Ocean,Small,River (Natural),37.950000000000003,-121.299999999999997
7030.0,United States E Coast -- 6585,South Bristol, ,US S8B,United States,North Atlantic Ocean,Very Small,Coastal (Natural),43.866667000000000,-69.549999999999997
16540.0,United States W Coast -- 16000,Rio Vista, ,US RVA,United States,North Pacific Ocean,Very Small,River (Natural),38.149999999999999,-121.700000000000003
6990.0,United States E Coast -- 6585,Thomaston, ,US 9SA,United States,North Atlantic Ocean,Very Small,River (Natural),44.066667000000002,-69.183333000000005
7140.0,United States E Coast -- 6585,South Harpswell, ,US HP4,United States,North Atlantic Ocean,Very Small,Coastal (Natural),43.733333000000002,-70.016666999999998
16190.0,United States W Coast -- 16000,Pismo Beach, ,US PB5,United States,North Pacific Ocean,Very Small,Open Roadstead,35.133333000000000,-120.650000000000006
16380.0,United States W Coast -- 16000,Point San Pablo, ,US SAK,United States,North Pacific Ocean,Very Small,Coastal (Natural),37.966667000000001,-122.433333000000005
6720.0,United States E Coast -- 6585,Southwest Harbor, ,US W8S,United States,North Atlantic Ocean,Very Small,Coastal (Natural),44.283332999999999,-68.316666999999995
7940.0,United States E Coast -- 6585,Sewaren, ,US SWN,United States,North Atlantic Ocean,Very Small,River (Natural),40.549999999999997,-74.250000000000000
16390.0,United States W Coast -- 16000,Pinole Point, ,US P2C,United States,North Pacific Ocean,Very Small,Coastal (Natural),38.016666999999998,-122.366667000000007
7580.0,United States E Coast -- 6585,Southport, ,US UTP,United States,North Atlantic Ocean,Very Small,River (Natural),41.133333000000000,-73.283332999999999
7760.0,United States E Coast -- 6585,Weehawken, ,US WJQ,United States,North Atlantic Ocean,Small,River (Natural),40.766666999999998,-74.016666999999998
7730.0,United States E Coast -- 6585,Rensselaer, ,US RER,United States,North Atlantic Ocean,Very Small,River (Natural),42.649999999999999,-73.750000000000000
7670.0,United States E Coast -- 6585,Poughkeepsie, ,US POU,United States,North Atlantic Ocean,Very Small,River (Natural),41.700000000000003,-73.950000000000003
7650.0,United States E Coast -- 6585,Yonkers, ,US YON,United States,North Atlantic Ocean,Small,River (Natural),40.933332999999998,-73.900000000000006
62225.0,Japan -- 61100,Kiire, ,JP KII,Japan,East China Sea; North Pacific Ocean,Very Small,Open Roadstead,31.383333000000000,130.550000000000011
46130.0,Nigeria -- 46120,Lagos, ,NG LOS,Nigeria,Bight of Benin; Gulf of Guinea; North Atlantic Ocean,Large,River (Natural),6.400000000000000,3.400000000000000
48263.0,United Arab Emirates -- 48260,Khawr Fakkan,Khor Fakkan,AE KLF,United Arab Emirates,Gulf of Oman; Indian Ocean,Medium,Coastal (Natural),25.362777778000002,56.368888888999997
15880.0,Mexico West Coast -- 15700,Isla San Marcos,San Marcos,MX SMI,Mexico,Gulf of California; North Pacific Ocean,Very Small,Open Roadstead,27.183333000000001,-112.099999999999994
36460.0,France West Coast -- 36450,Rade De Brest, ,FR BES,France,North Atlantic Ocean,Large,Coastal (Breakwater),48.383333000000000,-4.500000000000000
38010.0,Portugal -- 37930,Lagos, ,PT LOS,Portugal,North Atlantic Ocean,Large, ,37.100000000000001,-8.616667000000000
15790.0,Mexico West Coast -- 15700,Puerto Vallarta,Penas,MX PVR,Mexico,North Pacific Ocean,Small,River (Basins),20.616667000000000,-105.266666999999998
15870.0,Mexico West Coast -- 15700,Santa Rosalia, ,MX SRL,Mexico,Gulf of California; North Pacific Ocean,Small,Coastal (Breakwater),27.333333000000000,-112.283332999999999
6920.0,United States E Coast -- 6585,Belfast, ,US BEL,United States,North Atlantic Ocean,Very Small,River (Natural),44.416666999999997,-69.000000000000000
15770.0,Mexico West Coast -- 15700,Manzanillo, ,MX ZLO,Mexico,North Pacific Ocean,Medium,Coastal (Breakwater),19.050000000000001,-104.316666999999995
50922.0,Jawa -- 50920,Merak Mas Terminal, ,ID MRK,Indonesia,"Indian Ocean, Java Sea; South Pacific Ocean",Medium,Coastal (Natural),-5.919166667000000,105.997222222000005
15920.0,Mexico West Coast -- 15700,La Paz, ,MX LAP,Mexico,Gulf of California; North Pacific Ocean,Small,Coastal (Natural),24.166667000000000,-110.316666999999995
15975.0,Mexico West Coast -- 15700,Puerto Morro Redondo, ,MX PMS,Mexico,North Pacific Ocean,Very Small,Open Roadstead,28.050000000000001,-115.183333000000005
48250.0,Oman -- 48225,Mina Qabus,Port Sultan Qaboos,OM STQ,Oman,Gulf of Oman; Indian Ocean,Very Small,Coastal (Breakwater),23.633333000000000,58.583333000000003
7870.0,United States E Coast -- 6585,Gulfport SI, , ,United States,North Atlantic Ocean,Small,River (Natural),40.633333000000000,-74.200000000000003
10006.0,West Indies -- 9970,Cockburn Town, ,BS CBT,The Bahamas,North Atlantic Ocean,Very Small,Open Roadstead,24.050000000000001,-74.533332999999999
62495.0,Nansei Shoto -- 62470,Kin Wan,Chin,JP KNN,Japan,East China Sea; North Pacific Ocean,Very Small,Open Roadstead,26.416667000000000,127.900000000000006
48255.0,Oman -- 48225,Mina Al Fahl, ,OM MFH,Oman,Gulf of Oman; Indian Ocean,Small,Open Roadstead,23.633333000000000,58.516666999999998
62505.0,Nansei Shoto -- 62470,Nakagusuku, ,JP NAK,Japan,East China Sea; North Pacific Ocean,Small,Open Roadstead,26.266667000000002,127.916667000000004
7850.0,United States E Coast -- 6585,Port Richmond SI, ,US RI4,United States,North Atlantic Ocean,Small,Coastal (Natural),40.649999999999999,-74.133332999999993
15810.0,Mexico West Coast -- 15700,Mazatlan, ,MX MZT,Mexico,North Pacific Ocean,Medium,River (Natural),23.199999999999999,-106.416667000000004
15760.0,Mexico West Coast -- 15700,Acapulco, ,MX ACA,Mexico,North Pacific Ocean,Medium,Coastal (Natural),16.850000000000001,-99.933333000000005
36680.0,France West Coast -- 36450,Lorient, ,FR LRT,France,Bay of Biscay; North Atlantic Ocean,Medium,River (Natural),47.750000000000000,-3.350000000000000
42620.0,Greece East Coast -- 42010,Lagos, ,GR PTL,Greece,Aegean Sea; Mediterranean Sea; North Atlantic Ocean,Very Small,Coastal (Natural),41.000000000000000,25.133333000000000
7860.0,United States E Coast -- 6585,Mariners Harbor SI, , ,United States,North Atlantic Ocean,Small,Coastal (Natural),40.633333000000000,-74.166667000000004
61545.0,Japan -- 61100,Wakayama-Shimotsu Ko,Minami-ku,JP WAK,Japan,Sea of Japan; North Pacific Ocean,Large,Coastal (Breakwater),34.200000000000003,135.133332999999993
9940.0,Bermuda Islands -- 9930,St George,Saint George's Harbor,BM SGE,Bermuda,North Atlantic Ocean,Small,Coastal (Natural),32.383333000000000,-64.683333000000005
48335.0,Saudi Arabia Continued -- 48330,Dammam,King Abdul Aziz Port; Mina Al Malik Abd Al Aziz,SA DMM,Saudi Arabia,Persian Gulf; Indian Ocean,Small,Coastal (Breakwater),26.500000000000000,50.200000000000003
16650.0,United States W Coast -- 16000,Fort Bragg, ,US FOB,United States,North Pacific Ocean,Very Small,Coastal (Natural),39.450000000000003,-123.816666999999995
11340.0,St Croix -- 11325,Christiansted, ,VI CTD,U.S. Virgin Islands,Caribbean Sea; North Atlantic Ocean,Very Small,Coastal (Natural),17.750000000000000,-64.700000000000003
16060.0,United States W Coast -- 16000,Newport Beach, ,US JNP,United States,North Pacific Ocean,Very Small,Coastal (Natural),33.616667000000000,-117.900000000000006
44860.0,Turkey Asia -- 44360,Mersin, ,TR MER,Turkey,Mediterranean Sea; North Atlantic Ocean,Medium,Coastal (Breakwater),36.799999999999997,34.633333000000000
16110.0,United States W Coast -- 16000,El Segundo, ,US ELS,United States,North Pacific Ocean,Very Small,Open Roadstead,33.916666999999997,-118.433333000000005
11320.0,St John -- 11315,Cruz Bay, ,VI CZB,U.S. Virgin Islands,North Atlantic Ocean,Small,Coastal (Natural),18.333333000000000,-64.799999999999997
60233.0,China Continued -- 59850,Dandong, ,CN DDZ,China,Korea Bay; Yellow Sea; North Pacific Ocean,Very Small,Open Roadstead,39.816667000000002,124.150000000000006
48343.0,Saudi Arabia Continued -- 48330,Ju Aymah Oil Terminal, ,SA JUT,Saudi Arabia,Persian Gulf; Indian Ocean,Small,Open Roadstead,26.933333000000001,50.033332999999999
47830.0,Somalia -- 47810,Boosaaso,Bandar Cassim,SO BSA,Somalia,Gulf of Aden; Indian Ocean,Small,Coastal (Breakwater),11.283333000000001,49.183332999999998
48310.0,Bahrain -- 48305,Al Manamah, ,BH AMH,Bahrain,Persian Gulf; Indian Ocean,Small,Coastal (Natural),26.233332999999998,50.583333000000003
58350.0,Philippine Islands -- 57960,Nasugbu, ,PH NUG,Philippines,South China Sea; North Pacific Ocean,Very Small,Coastal (Natural),14.083333000000000,120.616667000000007
60280.0,North Korea -- 60270,Nampo,Chinnampo,KP NAM,North Korea,Korea Bay; Yellow Sea; North Pacific Ocean,Small,River (Natural),38.716667000000001,125.400000000000006
48342.0,Saudi Arabia Continued -- 48330,Ju Aymah Lpg Terminal, , ,Saudi Arabia,Persian Gulf; Indian Ocean,Very Small,Open Roadstead,26.866667000000000,50.049999999999997
48374.0,Kuwait -- 48350,Doha Harbor,Mina Ad Dawhah,KW DOH,Kuwait,Persian Gulf; Indian Ocean,Very Small,Coastal (Natural),29.383333000000000,47.799999999999997
11330.0,St Croix -- 11325,Frederiksted, ,VI FRD,U.S. Virgin Islands,Caribbean Sea; North Atlantic Ocean,Small,Open Roadstead,17.716667000000001,-64.883332999999993
11901.0,Colombia North Coast -- 11860,Covenas Offshore Term., ,CO COV,Colombia,Caribbean Sea; North Atlantic Ocean,Very Small,Open Roadstead,9.500000000000000,-75.733333000000002
48175.0,Yemen Aden -- 48143,Al Mukha, ,YE MOK,Yemen,Red Sea; Indian Ocean,Medium,Coastal (Natural),13.316667000000001,43.250000000000000
60310.0,North Korea -- 60270,Haeju Hang,Haeju,KP HAE,North Korea,Yellow Sea; North Pacific Ocean,Small,Coastal (Breakwater),38.000000000000000,125.700000000000003
16515.0,United States W Coast -- 16000,Antioch, ,US ANZ,United States,North Pacific Ocean,Very Small,River (Natural),38.016666999999998,-121.799999999999997
36260.0,France NW Coast Cont -- 36060,Paimpol, ,FR PAI,France,English Channel; North Atlantic Ocean,Very Small,River (Tide Gates),48.783332999999999,-3.050000000000000
42400.0,Greece East Coast -- 42010,Porthmos Evripou,Euripo Strait; Evripou Porthmos, ,Greece,Aegean Sea; Mediterranean Sea; North Atlantic Ocean,Very Small,Coastal (Natural),38.466667000000001,23.583333000000000
41590.0,Serbia and Montenegro -- 41560,Risan, ,ME RSN,Montenegro,Adriatic Sea; Mediterranean Sea; North Atlantic Ocean,Very Small,Coastal (Breakwater),42.516666999999998,18.699999999999999
39360.0,Italy West Coast -- 39330,San Remo, ,IT SRE,Italy,Mediterranean Sea; North Atlantic Ocean,Very Small,Coastal (Tide Gates),43.817000000000000,7.786000000000000
41220.0,Croatia -- 40877,Zadar,Zara,HR ZAD,Croatia,Adriatic Sea; Mediterranean Sea; North Atlantic Ocean,Small,Coastal (Natural),44.116667000000000,15.216666999999999
45865.0,Sierra Leone -- 45860,Pepel, ,SL PEP,Sierra Leone,North Atlantic Ocean,Very Small,River (Natural),8.583333000000000,-13.050000000000001
38720.0,France South Coast -- 38710,Port-Vendres,Vendres,FR POV,France,Gulf of Lion; Mediterranean Sea; North Atlantic Ocean,Small,Coastal (Breakwater),42.516666999999998,3.116667000000000
38580.0,Spain SE Coast -- 38340,Palamos, ,ES PAL,Spain,Mediterranean Sea; North Atlantic Ocean,Small,Coastal (Breakwater),41.833333000000003,3.116667000000000
37400.0,Spain N Coast -- 37270,Puerto De Bilbao, ,ES BIO,Spain,Bay of Biscay; North Atlantic Ocean,Medium,Coastal (Breakwater),43.350000000000001,-3.050000000000000
42470.0,Greece East Coast -- 42010,Volos, ,GR VOL,Greece,Aegean Sea; Mediterranean Sea; North Atlantic Ocean,Medium,Coastal (Breakwater),39.366667000000000,22.949999999999999
36300.0,France NW Coast Cont -- 36060,Treguier, ,FR TRE,France,English Channel; North Atlantic Ocean,Very Small,River (Natural),48.783332999999999,-3.233333000000000
6840.0,United States E Coast -- 6585,Vinalhaven,Carvers Harbor,US 9VV,United States,North Atlantic Ocean,Very Small,Coastal (Natural),44.049999999999997,-68.833332999999996
45762.0, ,Port Nador, ,MA NDR,Morocco,Mediterranean Sea; North Atlantic Ocean,Very Small,Coastal (Breakwater),35.283332999999999,-2.933333000000000
46820.0,South Africa -- 46725,Port Elizabeth, ,ZA PLZ,South Africa,Indian Ocean,Medium,Coastal (Breakwater),-33.951944443999999,25.642499999999998
40940.0,Croatia -- 40877,Rovinj,Rovigno Distria,HR ROV,Croatia,Adriatic Sea; Mediterranean Sea; North Atlantic Ocean,Small,Coastal (Breakwater),45.083333000000003,13.633333000000000
41320.0,Croatia -- 40877,Split, ,HR SPU,Croatia,Adriatic Sea; Mediterranean Sea; North Atlantic Ocean,Large,Coastal (Breakwater),43.500000000000000,16.433333000000001
38920.0,France South Coast -- 38710,Saint-Tropez, ,FR STP,France,Mediterranean Sea; North Atlantic Ocean,Very Small,Coastal (Breakwater),43.266666999999998,6.633333000000000
42530.0,Greece East Coast -- 42010,Thessaloniki, ,GR SKG,Greece,Aegean Sea; Mediterranean Sea; North Atlantic Ocean,Medium,Coastal (Natural),40.633333000000000,22.933333000000001
43210.0,Dhodhekanisos -- 43180,Rodhos,Rhodes; Rodi,GR RHO,Greece,Mediterranean Sea; North Atlantic Ocean,Small,Coastal (Breakwater),36.450000000000003,28.233332999999998
45380.0,Tunisia -- 45360,Skhira,Cekhira; La Skira; Qabes,TN LSK,Tunisia,Mediterranean Sea; North Atlantic Ocean,Very Small,Open Roadstead,34.283332999999999,10.100000000000000
38630.0,Islas Baleares -- 38600,Palma De Mallorca, ,ES PMI,Spain,Mediterranean Sea; North Atlantic Ocean,Medium,Coastal (Breakwater),39.566667000000002,2.633333000000000
41730.0,Greece West Coast -- 41710,Preveza, ,GR PVK,Greece,Ionian Sea; Mediterranean Sea; North Atlantic Ocean,Very Small,Coastal (Natural),38.950000000000003,20.750000000000000
40615.0,Italy East Coast -- 40390,Vasto, ,IT VSO,Italy,Adriatic Sea; Mediterranean Sea; North Atlantic Ocean,Very Small,Coastal (Breakwater),42.116667000000000,14.716666999999999
45753.0, ,Tangier-Mediterranean, ,MA PTM,Morocco,Strait of Gibraltar; North Atlantic Ocean,Large,Coastal (Breakwater),35.899999999999999,-5.516667000000000
45797.0, ,Safi,Asafi,MA SFI,Morocco,North Atlantic Ocean,Small,Coastal (Breakwater),32.299999999999997,-9.250000000000000
46045.0,Ghana -- 46010,Sekondi, ,GH SEK,Ghana,Gulf of Guinea; North Atlantic Ocean,Very Small,Coastal (Breakwater),4.950000000000000,-1.700000000000000
39070.0,Corse -- 39040,Porto Vecchio, ,FR PVO,France,Tyrrhenian Sea; Mediterranean Sea; North Atlantic Ocean,Very Small,Coastal (Natural),41.583333000000003,9.283333000000001
16200.0,United States W Coast -- 16000,Port San Luis,San Luis Obispo,US PSL,United States,North Pacific Ocean,Very Small,Coastal (Natural),35.166666999999997,-120.750000000000000
37690.0,Spain N Coast -- 37270,San Ciprian, ,ES SCI,Spain,Bay of Biscay; North Atlantic Ocean,Very Small,Coastal (Natural),43.700000000000003,-7.433333000000000
38540.0,Spain SE Coast -- 38340,Tarragona, ,ES TAR,Spain,Balearic Sea; Mediterranean Sea; North Atlantic Ocean,Large,Coastal (Breakwater),41.100000000000001,1.233333000000000
38670.0,Islas Baleares -- 38600,Puerto De Alcudia,El Puerto,ES ALD,Spain,Balearic Sea; Mediterranean Sea; North Atlantic Ocean,Very Small,Coastal (Breakwater),39.833333000000003,3.133333000000000
36130.0,France NW Coast Cont -- 36060,Saint-Malo, ,FR SML,France,English Channel; North Atlantic Ocean,Small,Coastal (Tide Gates),48.649999999999999,-2.016667000000000
37900.0,Spain N Coast -- 37270,Vigo,Berbes Basin,ES VGO,Spain,North Atlantic Ocean,Medium,Coastal (Breakwater),42.233333000000002,-8.716666999999999
43390.0,Turkey Europe -- 43325,Tekirdag,Rodosto,TR TEK,Turkey,Sea of Marmara; Mediterranean Sea; North Atlantic Ocean,Very Small,Canal or Lake,40.983333000000002,27.516667000000002
41620.0,Serbia and Montenegro -- 41560,Tivat, ,ME TIV,Montenegro,Adriatic Sea; Mediterranean Sea; North Atlantic Ocean,Very Small,Coastal (Breakwater),42.433332999999998,18.699999999999999
42850.0,Aegean Islands -- 42640,Samos,Kolpos Vatheos,GR SMI,Greece,Aegean Sea; Mediterranean Sea; North Atlantic Ocean,Very Small,Coastal (Natural),37.750000000000000,26.966667000000001
38543.0,Spain SE Coast -- 38340,Villanueva Y Geltru, ,ES VLG,Spain,Balearic Sea; Mediterranean Sea; North Atlantic Ocean,Very Small,Coastal (Breakwater),41.233333000000002,1.733333000000000
40960.0,Croatia -- 40877,Pula,Rada Di Pola,HR PUY,Croatia,Adriatic Sea; Mediterranean Sea; North Atlantic Ocean,Very Small,Coastal (Breakwater),44.883333000000000,13.800000000000001
38180.0,Islas Canarias -- 38140,Puerto Del Rosario, ,ES FUE,Spain,North Atlantic Ocean,Very Small,Coastal (Breakwater),28.500000000000000,-13.850000000000000
41660.0,Albania -- 41650,Shengjin,San Giovani Di Medua,AL SHG,Albania,Adriatic Sea; Mediterranean Sea; North Atlantic Ocean,Very Small,Coastal (Natural),41.816667000000002,19.600000000000001
38570.0,Spain SE Coast -- 38340,San Feliu De Guixols, ,ES SFU,Spain,Mediterranean Sea; North Atlantic Ocean,Very Small,Coastal (Breakwater),41.783332999999999,3.033333000000000
39440.0,Italy West Coast -- 39330,Savona, ,IT SVN,Italy,Ligurian Sea; Mediterranean Sea; North Atlantic Ocean,Small,Coastal (Breakwater),44.316667000000002,8.500000000000000
38750.0,France South Coast -- 38710,Sete, ,FR SET,France,Gulf of Lion; Mediterranean Sea; North Atlantic Ocean,Small,Coastal (Breakwater),43.399999999999999,3.700000000000000
8810.0,US Gulf Coast -- 8650,Slidell, ,US UYN,United States,Gulf of Mexico; North Atlantic Ocean,Very Small,Canal or Lake,30.266667000000002,-89.783332999999999
47030.0,Tanzania -- 46965,Tanga, ,TZ TGT,Tanzania,Indian Ocean,Small,Coastal (Natural),-5.083333000000000,39.116667000000000
36040.0,Channel Islands -- 35970,Saint Helier Harbour, ,JE STH,Jersey,English Channel; North Atlantic Ocean,Small,Coastal (Breakwater),49.183332999999998,-2.116667000000000
43150.0,Kriti -- 43080,Sitia,Vamvakia,GR JSH,Greece,Aegean Sea; Mediterranean Sea; North Atlantic Ocean,Very Small,Coastal (Natural),35.216667000000001,26.133333000000000
45818.0,Senegal -- 45817,St Louis, ,SN XLS,Senegal,North Atlantic Ocean,Small,River (Natural),16.016667000000002,-16.516667000000002
38480.0,Spain SE Coast -- 38340,Valencia, ,ES VLC,Spain,Balearic Sea; Mediterranean Sea; North Atlantic Ocean,Medium,Coastal (Breakwater),39.450000000000003,-0.316667000000000
37830.0,Spain N Coast -- 37270,Villagarcia De Arosa, ,ES VIL,Spain,North Atlantic Ocean,Very Small,Coastal (Natural),42.600000000000001,-8.766667000000000
38590.0,Spain SE Coast -- 38340,Rosas, ,ES ROS,Spain,Mediterranean Sea; North Atlantic Ocean,Very Small,Coastal (Natural),42.266666999999998,3.183333000000000
38490.0,Spain SE Coast -- 38340,Sagunto,El Puerto; El Puerto De Sagunto; Murveidro; Sagunto,ES SAG,Spain,Balearic Sea; Mediterranean Sea; North Atlantic Ocean,Very Small,Coastal (Breakwater),39.649999999999999,-0.216667000000000
11934.0,Colombia North Coast -- 11860,Puerto Prodeco,Puerto Zuniga,CO PPR,Colombia,Caribbean Sea; North Atlantic Ocean,Small,Open Roadstead,11.150000000000000,-74.216667000000001
40505.0,Italy East Coast -- 40390,Torre Del Greco, ,IT TDG,Italy,Tyrrhenian Sea; Mediterranean Sea; North Atlantic Ocean,Very Small,Coastal (Breakwater),40.783332999999999,14.366667000000000
16030.0,United States W Coast -- 16000,Wilson Cove, , ,United States,North Pacific Ocean,Very Small,Coastal (Natural),33.000000000000000,-118.549999999999997
44803.0,Turkey Asia -- 44360,Yakacik, ,TR YAK,Turkey,Mediterranean Sea; North Atlantic Ocean,Very Small,Coastal (Breakwater),36.716667000000001,36.183332999999998
38395.0,Spain SE Coast -- 38340,Puerto De Carboneras, ,ES CRS,Spain,Mediterranean Sea; North Atlantic Ocean,Small,Coastal (Breakwater),37.000000000000000,-1.883333000000000
46940.0,Mozambique -- 46860,Pemba,Port Amelia,MZ POL,Mozambique,Mozambique Channel; Indian Ocean,Very Small,Coastal (Breakwater),-12.966666999999999,40.500000000000000
37670.0,Spain N Coast -- 37270,Ribadeo, ,ES RIB,Spain,Bay of Biscay; North Atlantic Ocean,Very Small,River (Natural),43.533332999999999,-7.033333000000000
41090.0,Croatia -- 40877,Senj,Luka Senj,HR SEN,Croatia,Adriatic Sea; Mediterranean Sea; North Atlantic Ocean,Very Small,Coastal (Natural),44.983333000000002,14.900000000000000
45435.0,Tunisia -- 45360,Tazerka Oil Terminal, ,TN TAT,Tunisia,Mediterranean Sea; North Atlantic Ocean,Medium,Open Roadstead,36.600000000000001,11.683332999999999
60435.0,South Korea -- 60315,Sokch'o Hang, ,KR SHO,South Korea,Sea of Japan; North Pacific Ocean,Very Small,Coastal (Breakwater),38.200000000000003,128.599999999999994
62078.0,Japan -- 61100,Tonda, ,JP TND,Japan,Sea of Japan; North Pacific Ocean,Small,Coastal (Breakwater),34.033332999999999,131.750000000000000
16510.0,United States W Coast -- 16000,Pittsburg, ,US PBG,United States,North Pacific Ocean,Very Small,River (Natural),38.033332999999999,-121.883332999999993
61380.0,Japan -- 61100,Tokyo Ko, ,JP TYO,Japan,North Pacific Ocean,Large,Coastal (Natural),35.666666999999997,139.750000000000000
59680.0,Philippine Islands -- 57960,Port Ozamis,Misamis,PH OZC,Philippines,Bohol Sea; Philippine inland seas; North Pacific Ocean,Very Small,Open Roadstead,8.133333000000000,123.849999999999994
62255.0,Japan -- 61100,Yatsushiro Ko, ,JP YAT,Japan,East China Sea; North Pacific Ocean,Small,River (Natural),32.500000000000000,130.533332999999999
8050.0,United States E Coast -- 6585,Wilmington, ,US ILG,United States,North Atlantic Ocean,Medium,River (Natural),39.733333000000002,-75.549999999999997
62115.0,Japan -- 61100,Tobata, ,JP TBT,Japan,Korea Strait; North Pacific Ocean,Very Small,Coastal (Natural),33.916666999999997,130.816666999999995
49850.0,Malaysia -- 49820,Pulau Pinang, ,MY PEN,Malaysia,Strait of Malacca; Indian Ocean,Medium,Coastal (Natural),5.416667000000000,100.349999999999994
49930.0,Malaysia -- 49820,Port Klang,Port Kelang; Port Swettenham,MY PKG,Malaysia,Strait of Malacca; Indian Ocean,Large,Coastal (Natural),3.000000000000000,101.400000000000006
48240.0,Oman -- 48225,Qalhat Lng Terminal, ,OM QAL,Oman,Gulf of Oman; Indian Ocean,Very Small,Open Roadstead,22.683333000000001,59.399999999999999
61420.0,Japan -- 61100,Shimoda Ko, ,JP SMD,Japan,North Pacific Ocean,Very Small,Coastal (Breakwater),34.666666999999997,138.949999999999989
51870.0,Indonesia - Borneo -- 51760,Stagen,Setagin,ID STN,Indonesia,Makassar Strait; South Pacific Ocean,Very Small,Coastal (Natural),-3.300000000000000,116.150000000000006
59340.0,Philippine Islands -- 57960,Surigao City,Bilan Bilan; Mindanao Isl.,PH SUG,Philippines,Bohol Sea; Philippine inland seas; North Pacific Ocean,Very Small,Open Roadstead,9.783333000000001,125.500000000000000
62165.0,Japan -- 61100,Saganoseki Ko, ,JP SAG,Japan,Korea Strait; North Pacific Ocean,Small,Coastal (Breakwater),33.250000000000000,131.866667000000007
57950.0,Peng Hu Lifh Tao -- 57940,Peng-Hu Kang,Ma-kung,TW MZG,Taiwan,Taiwan Strait; North Pacific Ocean,Small,Coastal (Natural),23.583333000000000,119.533332999999999
61690.0,Japan -- 61100,Ube Ko, ,JP UBJ,Japan,Korea Strait; North Pacific Ocean,Medium,Coastal (Breakwater),33.933332999999998,131.233332999999988
60190.0,China Continued -- 59850,Tianjin Xin Gang,Tien Ching; Tientsin,CN TXG,China,Bo Hai; Yellow Sea; North Pacific Ocean,Large,River (Natural),38.966667000000001,117.833332999999996
48155.0,Yemen Aden -- 48143,Ras Isa Marine Terminal, ,YE RAI,Yemen,Red Sea; Indian Ocean,Large, ,15.133333000000000,42.600000000000001
7405.0,United States E Coast -- 6585,Tiverton, ,US TIV,United States,North Atlantic Ocean,Small,River (Natural),41.633333000000000,-71.216667000000001
62077.0,Japan -- 61100,Takuma, ,JP TKM,Japan,Sea of Japan; North Pacific Ocean,Small,River (Basins),34.216667000000001,133.683333000000005
7980.0,United States E Coast -- 6585,South Amboy, ,US ZZM,United States,North Atlantic Ocean,Small,Coastal (Natural),40.483333000000002,-74.266666999999998
11470.0,Guadeloupe -- 11445,Port Louis, ,GP PTL,Guadeloupe,Caribbean Sea; North Atlantic Ocean,Very Small,Open Roadstead,16.416667000000000,-61.533332999999999
8115.0,United States E Coast -- 6585,Paulsboro, ,US PAU,United States,North Atlantic Ocean,Very Small,River (Natural),39.850000000000001,-75.250000000000000
61415.0,Japan -- 61100,Tagonoura Ko, ,JP TGO,Japan,North Pacific Ocean,Medium,River (Basins),35.133333000000000,138.699999999999989
50600.0,Sumatera -- 50515,Uleelheue,Lhonga; Olee Lheue; Olehleh Road,ID OLO,Indonesia,Andaman Sea; Indian Ocean,Very Small,Open Roadstead,5.566667000000000,95.283332999999999
10960.0,Dominican Republic -- 10950,Pepillo Salcedo,Puerto Libertador; Puerto Manzanillo,DO SAL,Dominican Republic,North Atlantic Ocean,Very Small,Open Roadstead,19.699999999999999,-71.750000000000000
59150.0,Philippine Islands -- 57960,Port Capiz,Culasi; Roxas City,PH CSI,Philippines,Philippine inland seas; North Pacific Ocean,Very Small,Coastal (Breakwater),11.600000000000000,122.716667000000001
61802.0,Japan -- 61100,Uchiura, ,JP UCR,Japan,Sea of Japan; North Pacific Ocean,Very Small,Coastal (Natural),35.516666999999998,135.500000000000000
60200.0,China Continued -- 59850,Qinhuangdao,Chin Huang Tao; Chin Wangtao; Qinhuangdao,CN SHP,China,Bo Hai; Yellow Sea; North Pacific Ocean,Medium,Coastal (Breakwater),39.933332999999998,119.616667000000007
61566.0,Japan -- 61100,Shikama, ,JP SKM,Japan,Sea of Japan; North Pacific Ocean,Small,Coastal (Breakwater),34.766666999999998,134.650000000000006
7560.0,United States E Coast -- 6585,Port Jefferson, ,US PTJ,United States,North Atlantic Ocean,Very Small,Coastal (Breakwater),40.950000000000003,-73.083332999999996
60220.0,China Continued -- 59850,Yingkou,Newchwang,CN YIK,China,Bo Hai; Yellow Sea; North Pacific Ocean,Small,Coastal (Breakwater),40.683332999999998,122.233333000000002
48267.0,United Arab Emirates -- 48260,Zirkuh Oil Field,Az Zarqa Petroleum Port,AE ZUR,United Arab Emirates,Persian Gulf; Indian Ocean,Small,Open Roadstead,24.866667000000000,53.049999999999997
49995.0,Singapore -- 49990,Serangoon Harbor,Selarang, ,Singapore,Strait of Malacca; Indian Ocean,Very Small,Coastal (Natural),1.400000000000000,103.950000000000003
49910.0,Malaysia -- 49820,Teluk Anson, ,MY TAN,Malaysia,Strait of Malacca; Indian Ocean,Very Small,River (Natural),4.016667000000000,101.016666999999998
62120.0,Japan -- 61100,Wakamatsu Ko, ,JP WAM,Japan,Korea Strait; North Pacific Ocean,Large,Coastal (Natural),33.899999999999999,130.816666999999995
48320.0,Bahrain -- 48305,Sitrah,Jazirat Sitrah,BH SIT,Bahrain,Persian Gulf; Indian Ocean,Medium,Open Roadstead,26.166667000000000,50.666666999999997
62380.0,Japan -- 61100,Sasebo, ,JP SSB,Japan,East China Sea; North Pacific Ocean,Medium,Coastal (Natural),33.166666999999997,129.716667000000001
57995.0,Philippine Islands -- 57960,Port San Vicente, , ,Philippines,Luzon Strait; North Pacific Ocean,Very Small,Coastal (Natural),18.516667000000002,122.133332999999993
49770.0,Thailand -- 49760,Phuket,Puket; Tha Rua Phuket,TH PKT,Thailand,Andaman Sea; Indian Ocean,Small,Open Roadstead,7.833333000000000,98.400000000000006
62110.0,Japan -- 61100,Sakaide Ko,Sakaide,JP SKD,Japan,Sea of Japan; North Pacific Ocean,Very Small,Coastal (Natural),34.333333000000003,133.849999999999994
61500.0,Japan -- 61100,Toba, ,JP TOB,Japan,Sea of Japan; North Pacific Ocean,Small,Coastal (Natural),34.483333000000002,136.849999999999994
54575.0,Australia -- 53290,Point Murat, , ,Australia,Indian Ocean,Very Small,Open Roadstead,-21.816666999999999,114.183333000000005
60160.0,China Continued -- 59850,Yantai,Chefoo; Chin Fou,CN YTG,China,Yellow Sea; North Pacific Ocean,Small,Coastal (Breakwater),37.549999999999997,121.450000000000003
61547.0,Japan -- 61100,Sakai-Senboku, ,JP SBK,Japan,Sea of Japan; North Pacific Ocean,Medium,Coastal (Breakwater),34.549999999999997,135.433333000000005
50610.0,Sumatera -- 50515,Sabang, ,ID SBG,Indonesia,Andaman Sea; Indian Ocean,Very Small,Coastal (Breakwater),5.883333000000000,95.316666999999995
49962.0,Malaysia -- 49820,Pelabuhan Sungai Udang, ,MY SUP,Malaysia,Strait of Malacca; Indian Ocean,Very Small,Open Roadstead,2.250000000000000,102.133332999999993
54120.0,Australia -- 53290,Warrnambool, ,AU WMB,Australia,Indian Ocean,Very Small,Coastal (Breakwater),-38.399999999999999,142.483332999999988
61940.0,Japan -- 61100,Takamatsu, ,JP TAK,Japan,Sea of Japan; North Pacific Ocean,Very Small,Coastal (Breakwater),34.350000000000001,134.050000000000011
7600.0,United States E Coast -- 6585,Stamford, ,US XLX,United States,North Atlantic Ocean,Very Small,River (Natural),41.033332999999999,-73.549999999999997
61680.0,Japan -- 61100,Tokuyama, ,JP TKY,Japan,Sea of Japan; North Pacific Ocean,Medium,Open Roadstead,34.033332999999999,131.816666999999995
7740.0,United States E Coast -- 6585,Troy, ,US TRY,United States,North Atlantic Ocean,Very Small,River (Natural),42.733333000000002,-73.700000000000003
61490.0,Japan -- 61100,Yokkaichi,Yokkaiti,JP YKK,Japan,Sea of Japan; North Pacific Ocean,Medium,Coastal (Breakwater),34.966667000000001,136.633332999999993
62224.0,Japan -- 61100,Shibushi Wan, ,JP SBS,Japan,East China Sea; North Pacific Ocean,Small,Coastal (Breakwater),31.466667000000001,131.099999999999994
61410.0,Japan -- 61100,Uraga Ko, ,JP URG,Japan,North Pacific Ocean,Very Small,Coastal (Natural),35.233333000000002,139.716667000000001
49830.0,Malaysia -- 49820,Pelabuhan Bass,Bass Harbour, ,Malaysia,Strait of Malacca; Indian Ocean,Very Small,Coastal (Natural),6.316667000000000,99.833332999999996
59950.0,China Continued -- 59850,Zhen Hai,Chen-hai; Chinhai,CN ZHI,China,East China Sea; North Pacific Ocean,Very Small,River (Natural),29.949999999999999,121.700000000000003
58315.0,Philippine Islands -- 57960,Santa Cruz (Marinduque Isl), , ,Philippines,Philippine inland seas; North Pacific Ocean,Very Small,Coastal (Breakwater),13.500000000000000,122.066666999999995
48035.0,Egypt Red Sea -- 47950,Sokhna Port Gas Tanker Terminal, ,EG SOK,Egypt,Gulf of Suez; Red Sea; Indian Ocean,Very Small,Coastal (Breakwater),29.683333000000001,32.366667000000000
61370.0,Japan -- 61100,Tateyama Ko, ,JP TTY,Japan,North Pacific Ocean,Very Small,Coastal (Natural),35.000000000000000,139.800000000000011
61580.0,Japan -- 61100,Uno Ko,Tama,JP UNO,Japan,Sea of Japan; North Pacific Ocean,Very Small,Coastal (Natural),34.483333000000002,133.949999999999989
62113.0,Japan -- 61100,Yanai, ,JP YAN,Japan,Sea of Japan; North Pacific Ocean,Very Small,Open Roadstead,33.950000000000003,132.133332999999993
55050.0,New Zealand N Island -- 54990,Whangarei, ,NZ WRE,New Zealand,South Pacific Ocean,Small,River (Natural),-35.799999999999997,174.433333000000005
61550.0,Japan -- 61100,Osaka,Sakai,JP OSA,Japan,Sea of Japan; North Pacific Ocean,Large,Coastal (Breakwater),34.649999999999999,135.433333000000005
61460.0,Japan -- 61100,Shimizu Ko,Simizu,JP SMZ,Japan,North Pacific Ocean,Small,Coastal (Natural),35.016666999999998,138.500000000000000
61700.0,Japan -- 61100,Shimonoseki, ,JP SHS,Japan,Korea Strait; North Pacific Ocean,Small,Coastal (Natural),33.933332999999998,130.933333000000005
51815.0,Indonesia - Borneo -- 51760,Tanjung Santan, ,ID SAT,Indonesia,Makassar Strait; South Pacific Ocean,Very Small,Coastal (Natural),-0.100000000000000,117.533332999999999
39935.0, ,Miseno, , ,Italy,Tyrrhenian Sea; Mediterranean Sea; North Atlantic Ocean,Small, ,40.788158156000001,14.091097255999999
40352.0, ,Scalo Vecchio,Linosa, ,Italy,Mediterranean Sea; North Atlantic Ocean,Small, ,35.854999999999997,12.863000000000000
40745.0,Italy East Coast -- 40390,Porto Di Chioggia, ,IT CHI,Italy,Adriatic Sea; Mediterranean Sea; North Atlantic Ocean,Very Small,River (Basins),45.233333000000002,12.300000000000001
40650.0, ,Civitanova Marche, ,IT IOA,Italy,Adriatic Sea; Mediterranean Sea; North Atlantic Ocean,Small, ,43.316000000000003,13.734000000000000
40155.0, ,Levanzo, ,IT LEV,Italy,Tyrrhenian Sea; Mediterranean Sea; North Atlantic Ocean,Small, ,37.987000000000002,12.340999999999999
40720.0,Italy East Coast -- 40390,Porto Di Corsini,Ravenna,IT PCS,Italy,Adriatic Sea; Mediterranean Sea; North Atlantic Ocean,Medium,Canal or Lake,44.494999999999997,12.291000000000000
40785.0, ,Grado, ,IT GRD,Italy,Adriatic Sea; Mediterranean Sea; North Atlantic Ocean,Small, ,45.697000000000003,13.298000000000000
39910.0, ,Ischia, ,IT ISH,Italy,Tyrrhenian Sea; Mediterranean Sea; North Atlantic Ocean,Small, ,40.747999999999998,13.944000000000001
40090.0, ,Villa San Giovanni, ,IT VSG,Italy,Mediterranean Sea; North Atlantic Ocean,Small, ,38.222000000000001,15.630000000000001
40560.0, ,Bisceglie, ,IT BCE,Italy,Adriatic Sea; Mediterranean Sea; North Atlantic Ocean,Small, ,41.246000000000002,16.509000000000000
40570.0, ,Trani, ,IT TNI,Italy,Adriatic Sea; Mediterranean Sea; North Atlantic Ocean,Small, ,41.283420642999999,16.423705752000000
40700.0, ,Rimini, ,IT RMI,Italy,Adriatic Sea; Mediterranean Sea; North Atlantic Ocean,Small, ,44.081000000000003,12.574000000000000
39840.0, ,Ponza, ,IT PNZ,Italy,Tyrrhenian Sea; Mediterranean Sea; North Atlantic Ocean,Small, ,40.895000000000003,12.964000000000000
40060.0,Italy West Coast Cont -- 39730,Vibo Valentia Marina, ,IT VVA,Italy,Tyrrhenian Sea; Mediterranean Sea; North Atlantic Ocean,Very Small,Coastal (Breakwater),38.722999999999999,16.129999999999999
40145.0, ,San Vito Lo Capo, ,IT SVC,Italy,Tyrrhenian Sea; Mediterranean Sea; North Atlantic Ocean,Small, ,38.180999999999997,12.736000000000001
39795.0, ,Porto Ercole, ,IT PTH,Italy,Tyrrhenian Sea; Mediterranean Sea; North Atlantic Ocean,Small, ,42.404000000000003,11.212999999999999
40282.0, ,Giardini Naxos, ,IT GIA,Italy,Mediterranean Sea; North Atlantic Ocean,Small, ,37.828000000000003,15.273000000000000
40120.0,Sicilia -- 40090,Termini Imerese, ,IT TRI,Italy,Tyrrhenian Sea; Mediterranean Sea; North Atlantic Ocean,Very Small,Coastal (Breakwater),37.984999999999999,13.723000000000001
40680.0, ,Fano, ,IT FAO,Italy,Adriatic Sea; Mediterranean Sea; North Atlantic Ocean,Small, ,43.856999999999999,13.016999999999999
39855.0, ,Terracina, ,IT TRC,Italy,Tyrrhenian Sea; Mediterranean Sea; North Atlantic Ocean,Small, ,41.283000000000001,13.257999999999999
40640.0, ,San Benedetto Del Tronto, ,IT SDB,Italy,Adriatic Sea; Mediterranean Sea; North Atlantic Ocean,Small, ,42.960000000000001,13.891999999999999
39500.0, ,Chiavari - Lavagna, ,IT CHX,Italy,Ligurian Sea; Mediterranean Sea; North Atlantic Ocean, , ,44.305000000000000,9.326000000000001
39570.0, ,Viareggio, ,IT VIA,Italy,Ligurian Sea; Mediterranean Sea; North Atlantic Ocean,Small, ,43.862000000000002,10.234000000000000
39850.0, ,San Felice Circeo, ,IT SFE,Italy,Tyrrhenian Sea; Mediterranean Sea; North Atlantic Ocean,Small, ,41.225999999999999,13.097000000000000
40460.0, ,Corigliano Calabro, ,IT CGC,Italy,Golfo di Taranto; Mediterranean Sea; North Atlantic Ocean,Small, ,39.671999999999997,16.529000000000000
40450.0, ,Ciro Marina, ,IT MRM,Italy,Ionian Sea; Mediterranean Sea; North Atlantic Ocean,Small, ,39.372000000000000,17.135999999999999
40510.0,Italy East Coast -- 40390,Monopoli, ,IT MNP,Italy,Adriatic Sea; Mediterranean Sea; North Atlantic Ocean,Small,Coastal (Breakwater),40.954999999999998,17.308000000000000
40280.0, ,Riposta, ,IT RPT,Italy,Mediterranean Sea; North Atlantic Ocean,Small, ,37.734999999999999,15.209000000000000
40140.0, ,Castellammare Del Golfo, ,IT CTR,Italy,Tyrrhenian Sea; Mediterranean Sea; North Atlantic Ocean,Small, ,38.031999999999996,12.885000000000000
40520.0, ,Mola Di Bari, ,IT ODB,Italy,Adriatic Sea; Mediterranean Sea; North Atlantic Ocean,Small, ,41.061999999999998,17.100000000000001
39940.0,Italy West Coast Cont -- 39730,Pozzuoli, ,IT POZ,Italy,Tyrrhenian Sea; Mediterranean Sea; North Atlantic Ocean,Very Small,Coastal (Breakwater),40.823999999999998,14.109999999999999
40355.0, ,Cala Pozzolana, , ,Italy,Mediterranean Sea; North Atlantic Ocean,Small, ,35.863999999999997,12.852000000000000
39900.0, ,Forio, ,IT FRD,Italy,Tyrrhenian Sea; Mediterranean Sea; North Atlantic Ocean,Small, ,40.741999999999997,13.859000000000000
39310.0,Sardegna -- 39130,Porto Torres,Torres,IT PTO,Italy,Mediterranean Sea; North Atlantic Ocean,Small,Coastal (Breakwater),40.851999999999997,8.396000000000001
40200.0,Sicilia -- 40090,Porto Empedocle,Empedocle,IT PEM,Italy,Mediterranean Sea; North Atlantic Ocean,Very Small,Coastal (Breakwater),37.277999999999999,13.528000000000000
40630.0,Italy East Coast -- 40390,Pescara, ,IT PSR,Italy,Adriatic Sea; Mediterranean Sea; North Atlantic Ocean,Small,Coastal (Breakwater),42.463999999999999,14.236000000000001
40490.0,Italy East Coast -- 40390,Otranto, ,IT OTO,Italy,Adriatic Sea; Mediterranean Sea; North Atlantic Ocean,Very Small,Coastal (Breakwater),40.152000000000001,18.492999999999999
40165.0, ,Favignana, ,IT FAV,Italy,Tyrrhenian Sea; Mediterranean Sea; North Atlantic Ocean,Small, ,37.933000000000000,12.324000000000000
39920.0, ,Procida, ,IT PRO,Italy,Tyrrhenian Sea; Mediterranean Sea; North Atlantic Ocean,Small, ,40.770000000000003,14.031000000000001
39865.0, ,Formia, ,IT FOM,Italy,Tyrrhenian Sea; Mediterranean Sea; North Atlantic Ocean,Small, ,41.253999999999998,13.614000000000001
40670.0, ,Senigallia, ,IT SEG,Italy,Adriatic Sea; Mediterranean Sea; North Atlantic Ocean,Small, ,43.723999999999997,13.221000000000000
40635.0, ,Giulianova, ,IT GUI,Italy,Adriatic Sea; Mediterranean Sea; North Atlantic Ocean,Small, ,42.756000000000000,13.978999999999999
40150.0,Sicilia -- 40090,Trapani, ,IT TPS,Italy,Tyrrhenian Sea; Mediterranean Sea; North Atlantic Ocean,Very Small,Coastal (Breakwater),38.012000000000000,12.506000000000000
39420.0,Italy West Coast -- 39330,Rada Di Vado,Vado Liguri,IT VDL,Italy,Ligurian Sea; Mediterranean Sea; North Atlantic Ocean,Medium,Open Roadstead,44.265000000000001,8.452999999999999
40160.0, ,Marettimo, ,IT MMO,Italy,Tyrrhenian Sea; Mediterranean Sea; North Atlantic Ocean,Small, ,37.966000000000001,12.074999999999999
39260.0,Sardegna -- 39130,Porto Vesme,Vesme,IT PVE,Italy,Mediterranean Sea; North Atlantic Ocean,Very Small,Coastal (Breakwater),39.194000000000003,8.384000000000000
40080.0,Italy West Coast Cont -- 39730,Reggio Di Calabria, ,IT REG,Italy,Mediterranean Sea; North Atlantic Ocean,Small,Coastal (Breakwater),38.128999999999998,15.650000000000000
39905.0, ,Casamicciola, ,IT CML,Italy,Tyrrhenian Sea; Mediterranean Sea; North Atlantic Ocean,Small, ,40.752000000000002,13.912000000000001
40710.0, ,Cesenatico, ,IT CNT,Italy,Adriatic Sea; Mediterranean Sea; North Atlantic Ocean,Small, ,44.207999999999998,12.407999999999999
39790.0,Italy West Coast Cont -- 39730,Porto Santo Stefano,Santo Stefano,IT PSS,Italy,Tyrrhenian Sea; Mediterranean Sea; North Atlantic Ocean,Very Small,Coastal (Breakwater),42.439999999999998,11.122000000000000
7840.0,United States E Coast -- 6585,Tompkinsville SI, , ,United States,North Atlantic Ocean,Medium,Coastal (Natural),40.633333000000000,-74.066666999999995
40350.0,Italy -- 40345,Lampedusa, ,IT LMP,Italy,Mediterranean Sea; North Atlantic Ocean,Small,Coastal (Natural),35.494000000000000,12.601000000000001
61810.0,Japan -- 61100,Tsuruga Ko,Turuga,JP TRG,Japan,Sea of Japan; North Pacific Ocean,Small,Coastal (Breakwater),35.649999999999999,136.066666999999995
7830.0,United States E Coast -- 6585,Stapleton SI, , ,United States,North Atlantic Ocean,Small,Coastal (Natural),40.633333000000000,-74.066666999999995
48257.0,Oman -- 48225,Port Of Sohar, ,OM SOH,Oman,Gulf of Oman; Indian Ocean,Small,Coastal (Breakwater),24.516667000000002,56.633333000000000
40243.0,Italy -- 39125,Santa Panagia,Baia S. Panagia,IT SPA,Italy,Mediterranean Sea; North Atlantic Ocean,Very Small,Coastal (Natural),37.069000000000003,15.297000000000001
61400.0,Japan -- 61100,Yokosuka Ko, ,JP YOS,Japan,North Pacific Ocean,Medium,Coastal (Natural),35.283332999999999,139.666666999999990
39780.0,Italy -- 39125,Giglio Porto,Porto Del Giglio,IT GPR,Italy,Tyrrhenian Sea; Mediterranean Sea; North Atlantic Ocean,Small,Coastal (Breakwater),42.362000000000002,10.920999999999999
40230.0,Sicilia -- 40090,Pozzallo, ,IT PZL,Italy,Mediterranean Sea; North Atlantic Ocean,Very Small,Open Roadstead,36.716667000000001,14.850000000000000
40190.0,Italy -- 39125,Sciacca,Sciacea,IT SCK,Italy,Mediterranean Sea; North Atlantic Ocean,Small,Coastal (Breakwater),37.502000000000002,13.074999999999999
39930.0, ,Baia, ,IT BAI,Italy,Tyrrhenian Sea; Mediterranean Sea; North Atlantic Ocean,Small, ,40.817000000000000,14.074000000000000
40780.0,Italy -- 40345,Nogaro,Porto Nogaro,IT PNG,Italy,Adriatic Sea; Mediterranean Sea; North Atlantic Ocean,Small, ,45.759000000000000,13.167000000000000
40730.0, ,Porto Garibaldi, ,IT PGA,Italy,Adriatic Sea; Mediterranean Sea; North Atlantic Ocean,Small,Canal or Lake,44.677000000000000,12.252000000000001
40690.0,Italy East Coast -- 40390,Pesaro, ,IT PES,Italy,Adriatic Sea; Mediterranean Sea; North Atlantic Ocean,Small, ,43.927999999999997,12.903000000000000
45140.0,Egypt Mediterranean -- 45120,Bur Sa'id,Port Said; Bur Said,EG PSD,Egypt,Mediterranean Sea; North Atlantic Ocean,Large,Canal or Lake,31.266667000000002,32.299999999999997
47960.0,Egypt Red Sea -- 47950,Nuwaybi',Nuwaybi'a; Nuweiba El Muzeima,EG NUW,Egypt,Gulf of Aqaba; Red Sea; Indian Ocean,Very Small,Coastal (Natural),28.966667000000001,34.649999999999999
47982.0,Egypt Red Sea -- 47950,At Tur,El Tur Harbor,EG TOR,Egypt,Gulf of Suez; Red Sea; Indian Ocean,Very Small,Coastal (Natural),28.233332999999998,33.616667000000000
47987.0,Egypt Red Sea -- 47950,Marsa az Zaytiyah,East Zeit Terminal, ,Egypt,Gulf of Suez; Red Sea; Indian Ocean,Very Small,Open Roadstead,27.850000000000001,33.600000000000001
48615.0,India West Coast -- 48610,Vadinar Terminal, ,IN VAD,India,Arabian Sea; Indian Ocean,Very Small,Open Roadstead,22.466666666999998,69.666666667000001
48613.0,India West Coast -- 48610,Sikka, ,IN SKK,India,Arabian Sea; Indian Ocean,Very Small,Open Roadstead,22.433333000000001,69.833332999999996
48680.0,India West Coast -- 48610,Porbandar, ,IN PBD,India,Arabian Sea; Indian Ocean,Very Small,Coastal (Breakwater),21.633333000000000,69.599999999999994
49030.0,India West Coast -- 48610,New Mangalore, ,IN NML,India,Laccadive Sea; Indian Ocean,Medium,Coastal (Breakwater),12.916667000000000,74.816666999999995
49130.0,India West Coast -- 48610,Kochi (Cochin), ,IN KOC,India,Laccadive Sea; Indian Ocean,Medium,Coastal (Natural),9.966666999999999,76.233333000000002
49320.0,India East Coast -- 49310,Tuticorin, ,IN TUT,India,Palk Strait; Indian Ocean,Small,Coastal (Breakwater),8.800000000000001,78.166667000000004
49010.0,India West Coast -- 48610,Honavar, , ,India,Arabian Sea; Indian Ocean,Very Small, ,14.283333333000000,74.450000000000003
49287.0,Sri Lanka -- 49210,Batticaloa Roads, , ,Sri Lanka,Bay of Bengal; Indian Ocean, ,Open Roadstead,7.766666667000000,81.683333332999993
48890.0,India West Coast -- 48610,Port Dabhol, ,INDHP,India,Arabian Sea; Indian Ocean,Very Small,River (Basins),17.583333332999999,73.166666667000001
48895.0,India West Coast -- 48610,Jaigarh Bay, ,INJGD,India,Arabian Sea; Indian Ocean, , ,17.300000000000001,73.216666666999998
48720.0,India West Coast -- 48610,Jafarabad, ,INJBD,India,Arabian Sea; Indian Ocean, ,Open Roadstead,20.866666667000001,71.383333332999996
49540.0,India East Coast -- 49310,Dhamra, ,INDMQ,India,Bay of Bengal; Indian Ocean, , ,20.816666667000000,86.966666666999998
49479.0,India East Coast -- 49310,Gangavaram, ,INGGV,India,Bay of Bengal; Indian Ocean, , ,17.633333332999999,83.250000000000000
49470.0,India East Coast -- 49310,Kakinada Bay,Kakinada; Kakinada Bay,IN KAK,India,Bay of Bengal; Indian Ocean,Very Small,Coastal (Breakwater),17.000000000000000,82.316666999999995
49370.0,India East Coast -- 49310,Karaikal Port, ,IN KRK,India,Bay of Bengal; Indian Ocean,Small,Coastal (Breakwater),10.833333000000000,79.866667000000007
49410.0,India East Coast -- 49310,Cuddalore, ,IN CDL,India,Bay of Bengal; Indian Ocean,Very Small,Open Roadstead,11.716666999999999,79.766666999999998
48770.0,India West Coast -- 48610,Magdalla,Hazira,IN MDA,India,Arabian Sea; Indian Ocean,Very Small,River (Natural),21.149999999999999,72.750000000000000
49290.0,Sri Lanka -- 49210,Trincomalee Harbor, ,LK TRR,Sri Lanka,Bay of Bengal; Indian Ocean,Medium,Coastal (Natural),8.550000000000001,81.216667000000001
39155.0,Sardegna -- 39130,Porto Cervo, ,IT PCE,Italy,Tyrrhenian Sea; Mediterranean Sea; North Atlantic Ocean,Medium, ,41.137000000000000,9.539999999999999
39280.0,Sardegna -- 39130,Alghero, ,IT AHO,Italy,Mediterranean Sea; North Atlantic Ocean,Small, ,40.567999999999998,8.307000000000000
39170.0,Sardegna -- 39130,Golfo Aranci, ,IT GAI,Italy,Tyrrhenian Sea; Mediterranean Sea; North Atlantic Ocean,Small, ,40.993000000000002,9.624000000000001
39230.0,Sardegna -- 39130,Sant'Antioco, ,IT SAT,Italy,Mediterranean Sea; North Atlantic Ocean,Small, ,39.066000000000003,8.460000000000001
39150.0,Sardegna -- 39130,Liscia Di Vacca, , ,Italy,Tyrrhenian Sea; Mediterranean Sea; North Atlantic Ocean,Small, ,41.140999999999998,9.510999999999999
39160.0,Sardegna -- 39130,Cala Volpe, , ,Italy,Tyrrhenian Sea; Mediterranean Sea; North Atlantic Ocean,Small, ,41.088000000000001,9.542000000000000
49560.0,India East Coast -- 49310,Calcutta, ,IN CCU,India,Bay of Bengal; Indian Ocean,Large,River (Natural),22.550000000000001,88.333332999999996
48845.0,India West Coast -- 48610,Jawaharlal Nehru Port (Nhava Shiva), ,IN NSA,India,Arabian Sea; Indian Ocean,Medium,Open Roadstead,18.949999999999999,72.950000000000003
48990.0,India West Coast -- 48610,Karwar, ,IN KRW,India,Arabian Sea; Indian Ocean,Very Small,Coastal (Breakwater),14.816667000000001,74.116667000000007
49555.0,India East Coast -- 49310,Haldia Port, ,IN HAL,India,Bay of Bengal; Indian Ocean,Very Small,River (Natural),22.016667000000002,88.083332999999996
48730.0,India West Coast -- 48610,Pipavav Bandar, ,IN PAV,India,Arabian Sea; Indian Ocean,Small,Coastal (Natural),20.916667000000000,71.516666999999998
49430.0,India East Coast -- 49310,Pondicherry,New Pondicherry; Pondicherri,IN PNY,India,Bay of Bengal; Indian Ocean,Very Small,Open Roadstead,11.933332999999999,79.833332999999996
48760.0,India West Coast -- 48610,Bhavnagar, ,IN BHU,India,Arabian Sea; Indian Ocean,Small,River (Tide Gates),21.766667000000002,72.233333000000002
49535.0,India East Coast -- 49310,Paradip, ,IN PPT,India,Bay of Bengal; Indian Ocean,Small,Coastal (Breakwater),20.266667000000002,86.683333000000005
49454.0,India East Coast -- 49310,Kamarajar Port,Ennur,INENR,India,Bay of Bengal; Indian Ocean,Small,Coastal (Breakwater),13.261388888999999,80.342500000000001
49250.0,Sri Lanka -- 49210,Galle Harbor, ,LK GAL,Sri Lanka,Indian Ocean,Small,Coastal (Breakwater),6.033055556000000,80.228333332999995
49500.0,India East Coast -- 49310,Gopalpur, ,IN GPR,India,Bay of Bengal; Indian Ocean,Small,Coastal (Breakwater),19.301944444000000,84.966666666999998
48840.0,India West Coast -- 48610,Mumbai (Bombay), ,IN BOM,India,Arabian Sea; Indian Ocean,Large,Coastal (Tide Gates),18.966667000000001,72.866667000000007
49110.0,India West Coast -- 48610,Beypore,Beipur,IN BEY,India,Laccadive Sea; Indian Ocean,Very Small,Open Roadstead,11.166667000000000,75.799999999999997
48900.0,India West Coast -- 48610,Ratnagiri, ,IN RTC,India,Arabian Sea; Indian Ocean,Very Small,Coastal (Natural),16.983332999999998,73.283332999999999
49000.0,India West Coast -- 48610,Belekeri, ,IN BLK,India,Arabian Sea; Indian Ocean,Very Small,Open Roadstead,14.699999999999999,74.266666999999998
49350.0,India East Coast -- 49310,Nagappattinam, ,IN NPT,India,Bay of Bengal; Indian Ocean,Small,Open Roadstead,10.766667000000000,79.849999999999994
48674.0,India West Coast -- 48610,Dahej, ,IN DAH,India,Arabian Sea; Indian Ocean,Very Small,Open Roadstead,21.699999999999999,72.533332999999999
48960.0,India West Coast -- 48610,Panaji, ,IN PAN,India,Arabian Sea; Indian Ocean,Very Small,Coastal (Natural),15.500000000000000,73.816666999999995
49300.0,Sri Lanka -- 49210,Kankesanturai, ,LK KNK,Sri Lanka,Palk Strait; Indian Ocean,Very Small,Open Roadstead,9.816667000000001,80.049999999999997
49550.0,India East Coast -- 49310,Baleshwar, , ,India,Bay of Bengal; Indian Ocean,Very Small,River (Natural),21.483333333000001,86.950000000000003
49160.0,India West Coast -- 48610,Quilon (Kollam), ,IN QUI,India,Laccadive Sea; Indian Ocean,Very Small,Coastal (Breakwater),8.871944444000000,76.583888888999994
49040.0,India West Coast -- 48610,Azhikal (Azhikkal),Beliapatam; Valarpattam,IN AZK,India,Laccadive Sea; Indian Ocean,Very Small,River (Natural),11.945555556000000,75.309444443999993
49170.0,India West Coast -- 48610,Trivandrum, ,IN TRV,India,Laccadive Sea; Indian Ocean,Very Small,Open Roadstead,8.483333000000000,76.950000000000003
49180.0,India West Coast -- 48610,Kolachel, , ,India,Laccadive Sea; Indian Ocean,Very Small,Open Roadstead,8.166667000000000,77.250000000000000
49100.0,India West Coast -- 48610,Calicut (Kozhikode), ,IN CCJ,India,Laccadive Sea; Indian Ocean,Very Small,Open Roadstead,11.250000000000000,75.766666999999998
9550.0,Mexico East Coast -- 9350,San Miguel De Cozumel,Cozumel,MX CZM,Mexico,Caribbean Sea; North Atlantic Ocean,Very Small,Open Roadstead,20.500000000000000,-86.966667000000001
9425.0,Mexico East Coast -- 9350,Dos Bocas Terminal, ,MX DBT,Mexico,Gulf of Mexico; North Atlantic Ocean,Very Small,Open Roadstead,18.433333000000001,-93.216667000000001
11980.0,Venezuela -- 11950,San Lorenzo, ,VE SLV,Venezuela,Caribbean Sea; North Atlantic Ocean,Very Small,Canal or Lake,9.783333000000001,-71.066666999999995
11840.0,Aruba -- 11825,Paarden Baai - (Oranjestad), ,AW ORJ,Aruba,Caribbean Sea; North Atlantic Ocean,Very Small,Coastal (Breakwater),12.516667000000000,-70.033332999999999
12230.0,Venezuela -- 11950,El Guamache, ,VE EGU,Venezuela,Caribbean Sea; North Atlantic Ocean,Very Small,Open Roadstead,10.900000000000000,-64.099999999999994
12185.0,Venezuela -- 11950,Puerto La Cruz, ,VE PCZ,Venezuela,Caribbean Sea; North Atlantic Ocean,Large,Open Roadstead,10.250000000000000,-64.633332999999993
12200.0,Venezuela -- 11950,Guanta, ,VE GUT,Venezuela,Caribbean Sea; North Atlantic Ocean,Small,Open Roadstead,10.250000000000000,-64.583332999999996
12090.0,Venezuela -- 11950,Puerto Cumarebo,Tucupido,VE CMR,Venezuela,Caribbean Sea; North Atlantic Ocean,Very Small,Open Roadstead,11.483333000000000,-69.349999999999994
12220.0,Venezuela -- 11950,Cumana (Puerto Sucre),Puerto Sucre,VE CUM,Venezuela,Caribbean Sea; North Atlantic Ocean,Very Small,Open Roadstead,10.466666999999999,-64.183333000000005
11940.0,Colombia North Coast -- 11860,Santa Marta, ,CO SMR,Colombia,Caribbean Sea; North Atlantic Ocean,Small,Coastal (Natural),11.250000000000000,-74.216667000000001
11910.0,Colombia North Coast -- 11860,Cartagena, ,CO CTG,Colombia,Caribbean Sea; North Atlantic Ocean,Medium,Coastal (Natural),10.416667000000000,-75.533332999999999
11935.0,Colombia North Coast -- 11860,Pozos Colorados, ,CO POC,Colombia,Caribbean Sea; North Atlantic Ocean,Small,Open Roadstead,11.150000000000000,-74.250000000000000
11946.0,Colombia North Coast -- 11860,Puerto Bolivar, ,CO PBO,Colombia,Caribbean Sea; North Atlantic Ocean,Small,Coastal (Breakwater),12.250000000000000,-71.966667000000001
12180.0,Venezuela -- 11950,Jose Terminal, ,VE JOT,Venezuela,Caribbean Sea; North Atlantic Ocean,Very Small,Open Roadstead,10.100000000000000,-64.849999999999994
45025.0,Lebanon -- 45020,Tarabulus, ,LBKYE,Lebanon,Mediterranean Sea; North Atlantic Ocean,Medium,Coastal (Breakwater),34.450000000000003,35.833333000000003
45003.0,Syria -- 45000,Tartus,Tartous,SY TTS,Syria,Mediterranean Sea; North Atlantic Ocean,Small,Coastal (Breakwater),34.899999999999999,35.866667000000000
45030.0,Lebanon -- 45020,Bayrut,Beirut; Beyrouth,LB BEY,Lebanon,Mediterranean Sea; North Atlantic Ocean,Large,Coastal (Breakwater),33.899999999999999,35.500000000000000
45005.0,Syria -- 45000,Baniyas, ,SY BAN,Syria,Mediterranean Sea; North Atlantic Ocean,Large,Coastal (Breakwater),35.188333333000003,35.943333332999998
10978.0, ,Amber Cove, ,COAMB,Dominican Republic,North Atlantic Ocean, , ,19.833333332999999,-70.766666666999996
10962.0, ,Manzanillo, ,DOMAN,Dominican Republic,North Atlantic Ocean, , ,19.716666666999998,-71.750000000000000
9930.0, ,Freeport, ,BMFPT,Bermuda,North Atlantic Ocean, , ,32.316666667000000,-64.833333332999999
10030.0, ,Providenciales, ,TCPLS,Turks and Caicos Islands,North Atlantic Ocean, , ,21.733333333000001,-72.283333333000002
10370.0,Cuba South Coast -- 10310,Santiago De Cuba, ,CU SCU,Cuba,Caribbean Sea; North Atlantic Ocean,Medium,Coastal (Natural),20.016667000000002,-75.833332999999996
10320.0,Cuba South Coast -- 10310,Puerto Guantanamo,Deseo; El Deseo,CU GUB,Cuba,Caribbean Sea; North Atlantic Ocean,Large,Coastal (Natural),19.983332999999998,-75.133332999999993
11010.0,Dominican Republic -- 10950,Sanchez, ,DO SNZ,Dominican Republic,North Atlantic Ocean,Very Small,Open Roadstead,19.233332999999998,-69.616667000000007
9960.0,Bermuda Islands -- 9930,Hamilton, ,BM BDA,Bermuda,North Atlantic Ocean,Small,Coastal (Natural),32.299999999999997,-64.783332999999999
11000.0,Dominican Republic -- 10950,Santa Barbara De Samana,Arroyo Barril; El Botado; Puerto Batadero; Puerto Duarte; Samana,DO SAM,Dominican Republic,North Atlantic Ocean,Small,Coastal (Natural),19.199999999999999,-69.333332999999996
10280.0,Cuba North Coast -- 10030,Cayo Moa Grande, ,CUMOA,Cuba,North Atlantic Ocean,Small,Coastal (Breakwater),20.666667000000000,-74.900000000000006
10585.0,Cayman Islands -- 10575,Cayman Brac, ,KY CYB,Cayman Islands,Caribbean Sea; North Atlantic Ocean,Very Small,Open Roadstead,19.750000000000000,-79.750000000000000
10120.0,Cuba North Coast -- 10030,Cardenas, ,CU CAR,Cuba,Straits of Florida; North Atlantic Ocean,Small,Open Roadstead,23.050000000000001,-81.200000000000003
10550.0,Cuba South Coast -- 10310,Nueva Gerona,Isla De Pinos,CU GER,Cuba,Caribbean Sea; North Atlantic Ocean,Very Small,Open Roadstead,21.916667000000000,-82.799999999999997
11075.0,Dominican Republic -- 10950,Cabo Rojo, ,DO CBJ,Dominican Republic,Caribbean Sea; North Atlantic Ocean,Very Small,Open Roadstead,17.916667000000000,-71.650000000000006
10130.0,Cuba North Coast -- 10030,Isabela De Sagua,Isabela; La Isabella; Sagua La Grande,CU IDS,Cuba,Straits of Florida; North Atlantic Ocean,Small,Open Roadstead,22.949999999999999,-80.000000000000000
10710.0,Jamaica North Coast -- 10590,Port Antonio, ,JM POT,Jamaica,Caribbean Sea; North Atlantic Ocean,Small,Coastal (Natural),18.183333000000001,-76.450000000000003
11380.0,St Barthelemy -- 11375,Gustavia,Port De Gustavia,BL GUS,Guadeloupe,Caribbean Sea; North Atlantic Ocean,Very Small,Coastal (Natural),17.899999999999999,-62.850000000000001
10110.0,Cuba North Coast -- 10030,Matanzas, ,CU QMA,Cuba,Straits of Florida; North Atlantic Ocean,Small,Coastal (Natural),23.050000000000001,-81.549999999999997
10980.0,Dominican Republic -- 10950,Puerto Plata, ,DO POP,Dominican Republic,North Atlantic Ocean,Small,Open Roadstead,19.800000000000001,-70.700000000000003
10250.0,Cuba North Coast -- 10030,Felton, ,CUFEL,Cuba,North Atlantic Ocean,Small,Coastal (Natural),20.733332999999998,-75.599999999999994
10930.0,Haiti -- 10810,Cap Haitien,Cape Haitien,HT CAP,Haiti,North Atlantic Ocean,Very Small,Open Roadstead,19.766667000000002,-72.200000000000003
9985.0,Bahama Islands -- 9980,Freeport, ,BS FPO,The Bahamas,North Atlantic Ocean,Small,River (Basins),26.516667000000002,-78.783332999999999
11370.0,St Martin -- 11355,Philipsburg,Filipsburg; Grand Bay; Groote Baai,SX PHI,Sint Maarten,Caribbean Sea; North Atlantic Ocean,Small,Coastal (Natural),18.016667000000002,-63.049999999999997
10580.0,Cayman Islands -- 10575,Georgetown, ,KY GEC,Cayman Islands,Caribbean Sea; North Atlantic Ocean,Very Small,Open Roadstead,19.300000000000001,-81.383332999999993
11350.0,Tortola Island -- 11345,Road Harbor,Road Town, VG RAD,British Virgin Islands,Caribbean Sea; North Atlantic Ocean,Medium,Coastal (Natural),18.416667000000000,-64.616667000000007
10460.0,Cuba South Coast -- 10310,Manzanillo, ,CU MZO,Cuba,Caribbean Sea; North Atlantic Ocean,Very Small,Open Roadstead,20.350000000000001,-77.116667000000007
9987.0,Bahama Islands -- 9980,South Riding Point, ,BS SRP,The Bahamas,North Atlantic Ocean,Very Small,Coastal (Natural),26.616667000000000,-78.216667000000001
11630.0,Saint Lucia -- 11615,Castries, ,LC CAS,Saint Lucia,Caribbean Sea; North Atlantic Ocean,Small,Coastal (Natural),14.016667000000000,-61.000000000000000
10540.0,Cuba South Coast -- 10310,Cienfuegos, ,CU CFG,Cuba,Caribbean Sea; North Atlantic Ocean,Large,Coastal (Natural),22.149999999999999,-80.450000000000003
10530.0,Cuba South Coast -- 10310,Casilda,Trinidad,CU CAS,Cuba,Caribbean Sea; North Atlantic Ocean,Medium,Coastal (Natural),21.750000000000000,-79.983333000000002
11020.0,Dominican Republic -- 10950,La Romana, ,DO LRM,Dominican Republic,Caribbean Sea; North Atlantic Ocean,Very Small,River (Natural),18.416667000000000,-68.966667000000001
9990.0,Bahama Islands -- 9980,Nassau, ,BS NAS,The Bahamas,North Atlantic Ocean,Medium,Coastal (Natural),25.083333000000000,-77.349999999999994
10470.0,Cuba South Coast -- 10310,Guayabal, ,CU GYB,Cuba,Caribbean Sea; North Atlantic Ocean,Small,Open Roadstead,20.699999999999999,-77.616667000000007
48030.0,Egypt Red Sea -- 47950,North Ain Sukhna Port,Sokhna Port,EG AIS,Egypt,Gulf of Suez; Red Sea; Indian Ocean,Small,Coastal (Breakwater),29.649999999999999,32.366667000000000
10210.0, ,Banes, ,CUBAN,Cuba,North Atlantic Ocean, , ,20.916666667000001,-75.716666666999998
10140.0, ,Caibarien, ,CUCAI,Cuba,North Atlantic Ocean, , ,22.533333333000002,-79.466666666999998
10290.0, ,Baracoa, ,CUBCA,Cuba,North Atlantic Ocean, , ,20.350000000000001,-74.500000000000000
10240.0, ,Preston, ,CUPST,Cuba,North Atlantic Ocean, , ,20.766666666999999,-75.650000000000006
10480.0, ,Santa Cruz del Sur, ,CUSCS,Cuba,Caribbean Sea; North Atlantic Ocean, , ,20.699999999999999,-77.983333333000004
47946.0,Sudan -- 47910,Sawakin Harbor, ,SD SSD,Sudan,Red Sea; Indian Ocean,Small,Coastal (Natural),19.133333000000000,37.350000000000001
10505.0, ,Palo Alto, ,CUPAL,Cuba,Caribbean Sea; North Atlantic Ocean, , ,21.583333332999999,-78.966666666999998
47900.0,Eritrea -- 47870,Mitsiwa Harbor,Massaua; Massawa,ER MSW,Eritrea,Red Sea; Indian Ocean,Small,Coastal (Breakwater),15.616667000000000,39.466667000000001
47880.0,Eritrea -- 47870,Assab,Aseb,ER ASA,Eritrea,Red Sea; Indian Ocean,Small,Coastal (Natural),13.000000000000000,42.750000000000000
16260.0,United States W Coast -- 16000,Moss,Moss Landing,US MLG,United States,North Pacific Ocean,Very Small,Coastal (Natural),36.799999999999997,-121.783332999999999
48090.0,Jordan -- 48080,Al Aqabah,Aqaba,JO AQJ,Jordan,Gulf of Aqaba; Red Sea; Indian Ocean,Very Small,Open Roadstead,29.516667000000002,35.000000000000000
48045.0,Egypt Red Sea -- 47950,El-Adabiya,Al-Adabiyah,EG ADA,Egypt,Gulf of Suez; Red Sea; Indian Ocean,Small,Coastal (Natural),29.866667000000000,32.466667000000001
48055.0,Egypt Red Sea -- 47950,Ain Sukhna Terminal,Ain Sukhnah; Sumed,EG AIS,Egypt,Gulf of Suez; Red Sea; Indian Ocean,Large,Open Roadstead,29.583333000000000,32.366667000000000
47940.0,Sudan -- 47910,Port Sudan,Bur Sudan,SD PZU,Sudan,Red Sea; Indian Ocean,Medium,Coastal (Breakwater),19.600000000000001,37.233333000000002
54830.0,Tasmania -- 54700,Dover, , ,Australia,South Pacific Ocean,Very Small,Coastal (Natural),-43.316667000000002,147.033332999999999
48140.0,Saudi Arabia -- 48100,Jiddah,Jidda,SA JED,Saudi Arabia,Red Sea; Indian Ocean,Small,Coastal (Breakwater),21.483332999999998,39.183332999999998
48142.0,Saudi Arabia -- 48100,Jizan,Gizan,SA GIZ,Saudi Arabia,Red Sea; Indian Ocean,Small,Coastal (Breakwater),16.899999999999999,42.483333000000002
8680.0,US Gulf Coast -- 8650,St Petersburg, ,RULED,United States,Gulf of Mexico; North Atlantic Ocean,Small,Coastal (Natural),27.766667000000002,-82.616667000000007
46180.0,Nigeria -- 46120,Sea Eagle Terminal, , ,Nigeria,Gulf of Guinea; North Atlantic Ocean,Very Small,Open Roadstead,4.800000000000000,5.316667000000000
46008.0,Ivory Coast -- 45960,Espoir Marine Terminal,Espoir Ivoirien,CI ESP,Cote D'Ivoire,North Atlantic Ocean,Very Small,Open Roadstead,5.050000000000000,-4.450000000000000
45970.0,Ivory Coast -- 45960,Baobab Marine Terminal,Baobab Ivoirien MV10,CI BAO,Cote D'Ivoire,North Atlantic Ocean,Very Small,Open Roadstead,4.966667000000000,-4.550000000000000
45963.0,Ivory Coast -- 45960,San Pedro, ,CI SPY,Cote D'Ivoire,North Atlantic Ocean,Very Small,Open Roadstead,4.737777778000000,-6.611111111000000
46070.0,Ghana -- 46010,Tema, ,GH TEM,Ghana,Gulf of Guinea; North Atlantic Ocean,Small,Coastal (Breakwater),5.631944444000000,0.015555556000000
48165.0,Yemen Aden -- 48143,Al Ahmadi,Al Hudaydah; Hodeidah,YE HOD,Yemen,Red Sea; Indian Ocean,Small,Coastal (Breakwater),14.833333000000000,42.966667000000001
48190.0,Yemen Aden -- 48143,Aden,Bandar At Tawahi,YE ADE,Yemen,Gulf of Aden; Indian Ocean,Medium,Coastal (Natural),12.783333000000001,44.950000000000003
45990.0,Ivory Coast -- 45960,Port Bouet,Bouet; Pickaninny Bassam,CI PBT,Cote D'Ivoire,North Atlantic Ocean,Very Small,Open Roadstead,5.233333000000000,-3.966667000000000
46131.0,Nigeria -- 46120,Tin Can Island, ,NG TIN,Nigeria,Bight of Benin; Gulf of Guinea; North Atlantic Ocean,Very Small,River (Natural),6.350000000000000,3.350000000000000
46000.0,Ivory Coast -- 45960,Abidjan, ,CI ABJ,Cote D'Ivoire,North Atlantic Ocean,Large,Canal or Lake,5.250000000000000,-4.016667000000000
46090.0,Togo -- 46080,Lome,Port De Lome,TG LFW,Togo,Bight of Benin; Gulf of Guinea; North Atlantic Ocean,Medium,Coastal (Breakwater),6.133333000000000,1.283333000000000
46095.0,Togo -- 46080,Kpeme, ,TG KPE,Togo,Bight of Benin; Gulf of Guinea; North Atlantic Ocean,Very Small,Open Roadstead,6.200000000000000,1.516667000000000
46171.0,Nigeria -- 46120,Ukpokiti Marine Terminal, ,NG UKP,Nigeria,Bight of Benin; Gulf of Guinea; North Atlantic Ocean,Very Small,Open Roadstead,5.733333333000000,4.833333333000000
46040.0,Ghana -- 46010,Takoradi, ,GH TKD,Ghana,Gulf of Guinea; North Atlantic Ocean,Medium,Coastal (Breakwater),4.883333000000000,-1.733333000000000
46200.0,Nigeria -- 46120,Pennington Oil Terminal, ,NG PEN,Nigeria,Gulf of Guinea; North Atlantic Ocean,Large,Open Roadstead,4.250000000000000,5.616667000000000
46110.0,Benin -- 46100,Cotonou,Appi; Kentou; Kotonu,BJ COO,Benin,Bight of Benin; Gulf of Guinea; North Atlantic Ocean,Medium,Coastal (Breakwater),6.350000000000000,2.433333000000000
46190.0,Nigeria -- 46120,Brass Oil Terminal, ,NG BRA,Nigeria,Gulf of Guinea; North Atlantic Ocean,Very Small,Open Roadstead,4.066667000000000,6.283333000000000
48214.0,Yemen Sanaa -- 48195,Rudum Terminal,Rudhum, ,Yemen,Gulf of Aden; Indian Ocean,Very Small,Open Roadstead,13.983333000000000,47.916666999999997
48235.0,Oman -- 48225,Duqm,Al Duqm,OM DQM,Oman,Arabian Sea; Indian Ocean,Medium,Coastal (Breakwater),19.673252583000000,57.716908916000001
47850.0,Djibouti -- 47840,Djibouti,Jibuti,DJ JIB,Djibouti,Gulf of Aden; Indian Ocean,Small,Coastal (Natural),11.600000000000000,43.133333000000000
48210.0,Yemen Sanaa -- 48195,Al Mukalla,Khalf Harbor; Mukalla,YE ZAM,Yemen,Gulf of Aden; Indian Ocean,Small,Coastal (Breakwater),14.516667000000000,49.116667000000000
48230.0,Oman -- 48225,Mina Raysut,Port Raysut; Salalah,OM SLL,Oman,Arabian Sea; Indian Ocean,Small,Coastal (Breakwater),16.951111110999999,54.029166666999998
48216.0,Yemen Sanaa -- 48195,Balhaf, ,YE BLH,Yemen,Gulf of Aden; Indian Ocean,Very Small,Open Roadstead,13.966666999999999,48.183332999999998
48202.0,Yemen Sanaa -- 48195,Ash Shihr Oil Terminal, ,YE ASR,Yemen,Gulf of Aden; Indian Ocean,Very Small,Coastal (Natural),14.699999999999999,49.483333332999997
48198.0,Yemen Sanaa -- 48195,Nishtun, ,YE NIS,Yemen,Arabian Sea; Indian Ocean,Very Small,Coastal (Natural),15.816667000000001,52.200000000000003
49640.0,Burma (Myanmar) -- 49610,Bassein, ,MM BSX,Burma,Andaman Sea; Indian Ocean,Small,River (Natural),16.783333333000002,94.733333333000004
48259.0,Oman -- 48225,Khawr Khasab, ,OM KHS,Oman,Strait of Hormuz; Indian Ocean,Small,Coastal (Natural),26.216667000000001,56.233333000000002
48520.0,Iran -- 48410,Bandar Abbas,Bandar-e Shahid Bahonar,IR BND,Iran,Strait of Hormuz; Indian Ocean,Medium,Coastal (Breakwater),27.149999999999999,56.200000000000003
49650.0,Burma (Myanmar) -- 49610,Rangoon, ,MM RGN,Burma,Andaman Sea; Indian Ocean,Small,River (Natural),16.766667000000002,96.166667000000004
49660.0,Burma (Myanmar) -- 49610,Moulmein Harbor, , ,Burma,Andaman Sea; Indian Ocean,Small,River (Natural),16.483332999999998,97.616667000000007
48590.0,Pakistan -- 48580,Gwadar, ,PK GWD,Pakistan,Arabian Sea; Indian Ocean,Medium,Coastal (Natural),25.133333000000000,62.299999999999997
2555.0,Canada St Lawrence R -- 2545,Port de Valleyfield, , ,Canada,Lake Ontario; Great Lakes, , ,45.216666666999998,-74.099999999999994
9548.0,Mexico East Coast -- 9350,Punta Venado, ,MXPVN,Mexico,Caribbean Sea; North Atlantic Ocean, , ,20.566666667000000,-87.133333332999996
9570.0,Mexico East Coast -- 9350,Puerto Costa Maya,Majahual,MXCOM,Mexico,Caribbean Sea; North Atlantic Ocean, , ,18.733333333000001,-87.683333332999993
9440.0,Mexico East Coast -- 9350,Frontera,Alvaro Obregon,MX FRN,Mexico,Gulf of Mexico; North Atlantic Ocean,Very Small,River (Natural),18.533332999999999,-92.650000000000006
9590.0,Belize -- 9580,Belize City, ,BZ BZE,Belize,Caribbean Sea; North Atlantic Ocean,Small,Open Roadstead,17.500000000000000,-88.183333000000005
9395.0,Mexico East Coast -- 9350,Cayo Arcas Terminal, ,MX CAT,Mexico,Gulf of Mexico; North Atlantic Ocean,Very Small,Open Roadstead,20.166667000000000,-91.983333000000002
9490.0,Mexico East Coast -- 9350,Ciudad Del Carmen,Laguna De Terminos,MX CME,Mexico,Gulf of Mexico; North Atlantic Ocean,Very Small,Coastal (Breakwater),18.633333000000000,-91.866667000000007
9380.0,Mexico East Coast -- 9350,Veracruz, ,MX VER,Mexico,Gulf of Mexico; North Atlantic Ocean,Medium,Coastal (Breakwater),19.199999999999999,-96.133332999999993
9690.0,Honduras East Coast -- 9630,Puerto Castilla, ,HN PCA,Honduras,Caribbean Sea; North Atlantic Ocean,Very Small,Open Roadstead,16.000000000000000,-85.983333000000002
9410.0,Mexico East Coast -- 9350,Nanchital, ,MX NAN,Mexico,Gulf of Mexico; North Atlantic Ocean,Very Small,River (Natural),18.066666999999999,-94.416667000000004
9670.0,Honduras East Coast -- 9630,La Ceiba, ,HN LCE,Honduras,Caribbean Sea; North Atlantic Ocean,Very Small,Open Roadstead,15.783333000000001,-86.799999999999997
9660.0,Honduras East Coast -- 9630,Tela, ,HN TEA,Honduras,Caribbean Sea; North Atlantic Ocean,Very Small,Open Roadstead,15.783333000000001,-87.450000000000003
9405.0,Mexico East Coast -- 9350,Coatzacoalcos,Puerto Mexico,MX COA,Mexico,Gulf of Mexico; North Atlantic Ocean,Small,River (Natural),18.149999999999999,-94.416667000000004
49730.0,Burma (Myanmar) -- 49610,Victoria Point Harbor,Kawsong Harbor, ,Burma,Andaman Sea; Indian Ocean,Very Small,Open Roadstead,9.983333332999999,98.549999999999997
9855.0, ,Punta Rincon, ,PAPRI,Panama,Caribbean Sea; North Atlantic Ocean, , ,9.016666667000001,-80.700000000000003
9768.0, ,San Andres Island, ,COADZ,Colombia,Caribbean Sea; North Atlantic Ocean, , ,12.566666667000000,-81.700000000000003
9760.0,Nicaragua East Coast -- 9740,Puerto Cabezas, ,NI PUZ,Nicaragua,Caribbean Sea; North Atlantic Ocean,Very Small,Open Roadstead,14.016667000000000,-83.383332999999993
9769.0,Nicaragua East Coast -- 9740,El Bluff,Bluefields,NI ELB,Nicaragua,Caribbean Sea; North Atlantic Ocean,Very Small,Coastal (Natural),12.000000000000000,-83.700000000000003
9805.0,Costa Rica E Coast -- 9800,Puerto Moin,Puerto Limon,CR PMN,Costa Rica,Caribbean Sea; North Atlantic Ocean,Very Small,Coastal (Breakwater),10.000000000000000,-83.083332999999996
9598.0,Belize -- 9580,Big Creek, ,BZBGK,Belize,Caribbean Sea; North Atlantic Ocean, , ,16.516666666999999,-88.400000000000006
9810.0,Costa Rica E Coast -- 9800,Puerto Limon,Limon; Puerto Moin,CR LIO,Costa Rica,Caribbean Sea; North Atlantic Ocean,Very Small,Coastal (Breakwater),9.983333000000000,-83.016666999999998
9675.0,Honduras East Coast -- 9630,Coxen Hole,Roatan,HN RTB,Honduras,Caribbean Sea; North Atlantic Ocean,Very Small,Coastal (Natural),16.316666999999999,-86.549999999999997
9770.0,Nicaragua East Coast -- 9740,Bluefields,El Rama; El Bluff,NI BEF,Nicaragua,Caribbean Sea; North Atlantic Ocean,Small,Open Roadstead,12.016667000000000,-83.750000000000000
48280.0,United Arab Emirates -- 48260,Hulaylah Oil Terminal, ,AE HTL,United Arab Emirates,Persian Gulf; Indian Ocean,Very Small,Open Roadstead,25.983332999999998,55.933332999999998
51200.0,Jawa -- 50920,Panarukan, ,ID PRN,Indonesia,Bali Sea; Java Sea; South Pacific Ocean,Very Small,Coastal (Natural),-7.700000000000000,113.933333000000005
51810.0,Indonesia - Borneo -- 51760,Benoa,Sangkulirang, ,Indonesia,Makassar Strait; South Pacific Ocean,Very Small,River (Natural),0.983333000000000,117.966667000000001
52297.0,Sulawesi -- 51970,Parepare, ,ID PAP,Indonesia,Makassar Strait; South Pacific Ocean,Very Small,Open Roadstead,-4.000000000000000,119.616667000000007
48264.0,United Arab Emirates -- 48260,Mina Saqr,Ras Al Khaimah,AE MSA,United Arab Emirates,Persian Gulf; Indian Ocean,Very Small,Coastal (Breakwater),25.983332999999998,56.049999999999997
48480.0,Iran -- 48410,Jazireh-Ye Lavan Oil Terminal,Lavan Island,IR LVP,Iran,Persian Gulf; Indian Ocean,Very Small,Open Roadstead,26.783332999999999,53.333333000000003
48272.0,United Arab Emirates -- 48260,Sharjah Offshore Terminal,Hamriyah Oil Terminal, ,United Arab Emirates,Persian Gulf; Indian Ocean,Small,Open Roadstead,25.583333000000000,55.399999999999999
46230.0,Nigeria -- 46120,Calabar, ,NG CBQ,Nigeria,Gulf of Guinea; North Atlantic Ocean,Very Small,River (Natural),4.966667000000000,8.316667000000001
46178.0,Nigeria -- 46120,Yoho Terminal,FSPO Yoho, ,Nigeria,Gulf of Guinea; North Atlantic Ocean,Very Small,Open Roadstead,4.016667000000000,7.466667000000000
48273.0,United Arab Emirates -- 48260,Umm Al Qaywayn,Ahmed Bin Rashid; Umm Al Quwain,AE QIW,United Arab Emirates,Persian Gulf; Indian Ocean,Small,Coastal (Natural),25.583333000000000,55.583333000000003
48269.0,United Arab Emirates -- 48260,Al Jazeera Port,Al Jazirah Port,AE JAZ,United Arab Emirates,Persian Gulf; Indian Ocean,Small,Coastal (Natural),25.716667000000001,55.783332999999999
46292.0,Cameroon -- 46250,Kome Kribi 1 Marine Terminal, ,CM KBI,Cameroon,Gulf of Guinea; North Atlantic Ocean,Very Small,Open Roadstead,2.916667000000000,9.800000000000001
48276.0,United Arab Emirates -- 48260,Mina Jabal Ali,Mina Jebel Ali,AE JEA,United Arab Emirates,Persian Gulf; Indian Ocean,Large,Coastal (Breakwater),25.016667000000002,55.049999999999997
48271.0,United Arab Emirates -- 48260,Ash Shariqah,Mina Khalid; Sharjah,AE SHJ,United Arab Emirates,Persian Gulf; Indian Ocean,Small,Coastal (Breakwater),25.366666667000001,55.383333333000003
48275.0,United Arab Emirates -- 48260,Dubayy,Dubai; Mina Rashid,AE DXB,United Arab Emirates,Persian Gulf; Indian Ocean,Small,Coastal (Breakwater),25.266666666999999,55.299999999999997
46287.0,Cameroon -- 46250,Ebome Marine Terminal, ,CM EBT,Cameroon,Gulf of Guinea; North Atlantic Ocean,Very Small,Open Roadstead,2.800000000000000,9.816667000000001
46295.0, ,Kribi Deep Sea Port, ,CM KBI,Cameroon,Gulf of Guinea; North Atlantic Ocean, , ,2.718531540000000,9.860530084000001
48270.0,United Arab Emirates -- 48260,Ajman, ,AE AJM,United Arab Emirates,Persian Gulf; Indian Ocean,Very Small,Open Roadstead,25.416667000000000,55.433332999999998
46262.0,Cameroon -- 46250,Limboh Terminal, ,CM LIT,Cameroon,Gulf of Guinea; North Atlantic Ocean,Very Small,Open Roadstead,3.983333000000000,9.150000000000000
48274.0,United Arab Emirates -- 48260,Al Hamriyah Lpg Terminal, ,AE HAM,United Arab Emirates,Persian Gulf; Indian Ocean,Small,Coastal (Breakwater),25.466667000000001,55.483333000000002
47855.0,Djibouti -- 47840,Doraleh, ,DJ DCT,Djibouti,Gulf of Aden; Indian Ocean,Small,Coastal (Natural),11.602777778000000,43.088611110999999
46285.0,Cameroon -- 46250,Kole Oil Terminal,FPSO Massango,CM KOL,Cameroon,Gulf of Guinea; North Atlantic Ocean,Very Small,Open Roadstead,4.250000000000000,8.550000000000001
46280.0,Cameroon -- 46250,Douala,Duala,CM DLA,Cameroon,Gulf of Guinea; North Atlantic Ocean,Medium,River (Natural),4.050000000000000,9.683332999999999
46225.0,Nigeria -- 46120,Antan Oil Terminal,FPSO Adoon,NG ANA,Nigeria,Gulf of Guinea; North Atlantic Ocean,Small,Open Roadstead,4.216667000000000,8.333333000000000
62140.0,Japan -- 61100,Moji Ko,Kitak Yushu; Kitakyushu,JP MOJ,Japan,Korea Strait; North Pacific Ocean,Medium,River (Natural),33.950000000000003,130.966667000000001
61640.0,Japan -- 61100,Kure, ,JP KRE,Japan,Sea of Japan; North Pacific Ocean,Medium,Coastal (Natural),34.233333000000002,132.550000000000011
62030.0,Japan -- 61100,Matsuyama,Mitsuhama,JP MYJ,Japan,Sea of Japan; North Pacific Ocean,Small,Coastal (Breakwater),33.850000000000001,132.699999999999989
62020.0,Japan -- 61100,Yawatahama, ,JP YWH,Japan,Sea of Japan; North Pacific Ocean,Very Small,Coastal (Natural),33.450000000000003,132.416666999999990
45950.0,Liberia -- 45920,Buchanan,Grand Bassa; Lower Buchanan,LR UCN,Liberia,North Atlantic Ocean,Very Small,Coastal (Breakwater),5.866667000000000,-10.066667000000001
45952.0,Liberia -- 45920,Greenville,Sinoe,LR GRE,Liberia,North Atlantic Ocean,Very Small,Coastal (Natural),4.983333000000000,-9.050000000000001
38160.0,Islas Canarias -- 38140,Santa Cruz De Tenerife,Teneriffe,ES SCT,Spain,North Atlantic Ocean,Medium,Coastal (Breakwater),28.466667000000001,-16.233332999999998
48630.0,India West Coast -- 48610,Kandla,Kundla; Deendayal,IN IXY,India,Arabian Sea; Indian Ocean,Small,River (Natural),23.033332999999999,70.216667000000001
45862.0,Sierra Leone -- 45860,Freetown, ,SL FNA,Sierra Leone,North Atlantic Ocean,Small,Coastal (Natural),8.500000000000000,-13.233333000000000
45855.0,Guinea -- 45842,Conakry,Conakri; Konakri,GN CKY,Guinea,North Atlantic Ocean,Medium,Coastal (Breakwater),9.516667000000000,-13.716666999999999
45838.0,Guinea Bissau -- 45833,Bissau, ,GW OXB,Guinea-Bissau,North Atlantic Ocean,Very Small,River (Natural),11.866667000000000,-15.633333000000000
38130.0,Arquipelago Da Madeira -- 38120,Funchal, ,PT FNC,Portugal,North Atlantic Ocean,Large,Coastal (Breakwater),32.633333000000000,-16.916667000000000
38170.0,Islas Canarias -- 38140,Las Palmas, ,ES LPA,Spain,North Atlantic Ocean,Large,Coastal (Breakwater),28.149999999999999,-15.416667000000000
45809.0,Spanish Sahara -- 45805,Laayoune, ,MA EUN,Western Sahara,North Atlantic Ocean,Very Small,Coastal (Natural),27.083333000000000,-13.433332999999999
38190.0,Islas Canarias -- 38140,Arrecife,Puerto Arrecife,ES ACE,Spain,North Atlantic Ocean,Very Small,Coastal (Breakwater),28.949999999999999,-13.533333000000001
49620.0,Burma (Myanmar) -- 49610,Sittwe,Akyab,MM AKY,Burma,Bay of Bengal; Indian Ocean,Small,Open Roadstead,20.133333000000000,92.900000000000006
48690.0,India West Coast -- 48610,Veraval, ,IN VVA,India,Arabian Sea; Indian Ocean,Very Small,Open Roadstead,20.899999999999999,70.366667000000007
48620.0,India West Coast -- 48610,Mandvi, ,IN MDV,India,Arabian Sea; Indian Ocean,Very Small,Open Roadstead,22.833333000000000,69.349999999999994
48790.0,India West Coast -- 48610,Hazira, ,IN HZA,India,Arabian Sea; Indian Ocean,Small,Coastal (Breakwater),21.083333000000000,72.633332999999993
8240.0,United States E Coast -- 6585,Alexandria, ,US AXR,United States,North Atlantic Ocean,Small,River (Natural),38.799999999999997,-77.033332999999999
7520.0,United States E Coast -- 6585,Essex, ,US EEX,United States,North Atlantic Ocean,Very Small,River (Natural),41.350000000000001,-72.383332999999993
45297.0,Libya -- 45200,As Sidr,Abyar As Sirs; Es Sider,LY ESI,Libya,Gulf of Sidra; Mediterranean Sea; North Atlantic Ocean,Very Small,Open Roadstead,30.633333000000000,18.366667000000000
45295.0,Libya -- 45200,Al Burayqah,Marsa Brega,LY MBR,Libya,Gulf of Sidra; Mediterranean Sea; North Atlantic Ocean,Small,Coastal (Breakwater),30.416667000000000,19.600000000000001
45290.0,Libya -- 45200,Ez Zueitina,Qarnat Az Zuwaytinan; Sidi Alib,LY ZUE,Libya,Gulf of Sidra; Mediterranean Sea; North Atlantic Ocean,Very Small,Open Roadstead,30.850000000000001,20.050000000000001
45010.0,Syria -- 45000,Al Ladhiqiyah,Latakia,SY ALD,Syria,Mediterranean Sea; North Atlantic Ocean,Medium,Coastal (Breakwater),35.533332999999999,35.766666999999998
42920.0,Kikladhes -- 42870,Limin Sirou,Ano Siros; Ermoupolis; Siros; Syra,GR JSY,Greece,Aegean Sea; Mediterranean Sea; North Atlantic Ocean,Very Small,Coastal (Breakwater),37.433332999999998,24.949999999999999
41940.0,Greece West Coast -- 41710,Kalamata,Kalamon,GR KLX,Greece,Mediterranean Sea; North Atlantic Ocean,Small,Coastal (Breakwater),37.016666999999998,22.116667000000000
46165.0,Nigeria -- 46120,Burutu, ,NG BUR,Nigeria,Bight of Benin; Gulf of Guinea; North Atlantic Ocean,Very Small,River (Natural),5.350000000000000,5.500000000000000
46160.0,Nigeria -- 46120,Forcados,Port Forcados,NG FOR,Nigeria,Bight of Benin; Gulf of Guinea; North Atlantic Ocean,Very Small,River (Natural),5.366667000000000,5.433333000000000
7370.0,United States E Coast -- 6585,New Bedford, ,US NBD,United States,North Atlantic Ocean,Small,Coastal (Natural),41.633333000000000,-70.916667000000004
16630.0,United States W Coast -- 16000,Bodega Bay, ,US DHB,United States,North Pacific Ocean,Very Small,Coastal (Natural),38.333333000000003,-123.049999999999997
5060.0,US Lake Michigan -- 4570,Gladstone, ,US GDE,United States,Lake Michigan; Great Lakes,Very Small,Coastal (Natural),45.850000000000001,-87.016666999999998
5050.0,US Lake Michigan -- 4570,Escanaba, ,US ESC,United States,Lake Michigan; Great Lakes,Small,Coastal (Natural),45.766666999999998,-87.049999999999997
5030.0,US Lake Michigan -- 4570,Menominee, ,US MNM,United States,Lake Michigan; Great Lakes,Small,River (Natural),45.095277778000003,-87.589444443999994
5020.0,US Lake Michigan -- 4570,Marinette, ,US MOY,United States,Lake Michigan; Great Lakes,Small,River (Natural),45.083333000000003,-87.599999999999994
5010.0,US Lake Michigan -- 4570,Oconto, ,US OCQ,United States,Lake Michigan; Great Lakes,Very Small,River (Natural),44.894444444000001,-87.829444444000004
4940.0,US Lake Michigan -- 4570,Green Bay, ,US GRB,United States,Lake Michigan; Great Lakes,Small,River (Natural),44.516666999999998,-88.016666999999998
4920.0,US Lake Michigan -- 4570,Algoma, ,US QAG,United States,Lake Michigan; Great Lakes,Very Small,River (Natural),44.600000000000001,-87.433333000000005
4910.0,US Lake Michigan -- 4570,Kewaunee, ,US KWU,United States,Lake Michigan; Great Lakes,Very Small,Coastal (Breakwater),44.466667000000001,-87.500000000000000
4640.0,US Lake Michigan -- 4570,Frankfort, ,US FNF,United States,Lake Michigan; Great Lakes,Small,Coastal (Natural),44.633333000000000,-86.250000000000000
4630.0,US Lake Michigan -- 4570,Leland, , ,United States,Lake Michigan; Great Lakes,Very Small,Coastal (Breakwater),45.016666999999998,-85.766666999999998
4590.0,US Lake Michigan -- 4570,Harbor Springs, ,US HS3,United States,Lake Michigan; Great Lakes,Very Small,Coastal (Natural),45.433332999999998,-84.983333000000002
4520.0,US Lake Huron -- 4300,Mackinaw City, ,US KWY,United States,Lake Huron; Great Lakes,Very Small,Canal or Lake,45.783332999999999,-84.716667000000001
10150.0,Cuba North Coast -- 10030,Nuevitas Bay,Nuevitas; Pastelillo; Puerto Tarafa,CU NVT,Cuba,North Atlantic Ocean,Large,Coastal (Natural),21.550000000000001,-77.266666999999998
10020.0,Turks and Caicos Is -- 10016,Grand Turk,Cockburn Town,TC GDT,Turks and Caicos Islands,North Atlantic Ocean,Very Small,Open Roadstead,21.433333000000001,-71.150000000000006
16470.0,United States W Coast -- 16000,Benicia, ,US BNC,United States,North Pacific Ocean,Very Small,Coastal (Natural),38.049999999999997,-122.150000000000006
16170.0,United States W Coast -- 16000,Gaviota,Alcatraz Landing, ,United States,North Pacific Ocean,Very Small,Open Roadstead,34.466667000000001,-120.200000000000003
16080.0,United States W Coast -- 16000,Los Angeles,San Pedro; Terminal Island; Wilmington,US LAX,United States,North Pacific Ocean,Large,Coastal (Breakwater),33.750000000000000,-118.250000000000000
16070.0,United States W Coast -- 16000,Long Beach, ,US LGB,United States,North Pacific Ocean,Medium,Coastal (Breakwater),33.766666999999998,-118.183333000000005
9170.0,US Gulf Coast -- 8650,Baytown, ,US HPY,United States,Gulf of Mexico; North Atlantic Ocean,Very Small,Coastal (Natural),29.733332999999998,-95.016666999999998
8580.0,United States E Coast -- 6585,Jacksonville, ,US JAX,United States,North Atlantic Ocean,Medium,River (Natural),30.316666999999999,-81.650000000000006
8560.0,United States E Coast -- 6585,Fernandina Beach, ,US FEB,United States,North Atlantic Ocean,Small,River (Natural),30.683333000000001,-81.466667000000001
8550.0,United States E Coast -- 6585,Brunswick, ,US SSI,United States,North Atlantic Ocean,Small,River (Natural),31.149999999999999,-81.500000000000000
8540.0,United States E Coast -- 6585,Darien, ,US DIE,United States,North Atlantic Ocean,Very Small,River (Natural),31.366667000000000,-81.433333000000005
8430.0,United States E Coast -- 6585,Morehead City, ,US MRH,United States,North Atlantic Ocean,Very Small,Coastal (Natural),34.716667000000001,-76.700000000000003
2720.0,Canada St Lawrence R -- 2545,Gananoque, ,CA GNE,Canada,Lake Ontario; Great Lakes,Very Small,River (Natural),44.333333000000003,-76.166667000000004
2790.0,US St Lawrence R -- 2750,Alexandria Bay, ,US AXB,United States,Lake Ontario; Great Lakes,Very Small,River (Natural),44.333333000000003,-75.916667000000004
16160.0,United States W Coast -- 16000,Ellwood, ,US EL3,United States,North Pacific Ocean,Very Small,Open Roadstead,34.433332999999998,-119.916667000000004
8420.0,United States E Coast -- 6585,Beaufort, ,US BFO,United States,North Atlantic Ocean,Very Small,Coastal (Natural),34.716667000000001,-76.666667000000004
10158.0,Cuba North Coast -- 10030,Manati,Puerto Manati,CU MNT,Cuba,North Atlantic Ocean,Small,River (Natural),21.366667000000000,-76.816666999999995
10025.0,Turks and Caicos Is -- 10016,Cockburn Harbor, ,TC 9CB,Turks and Caicos Islands,North Atlantic Ocean,Very Small,Open Roadstead,21.500000000000000,-71.533332999999999
4610.0,US Lake Michigan -- 4570,Charlevoix, ,US CSX,United States,Lake Michigan; Great Lakes,Very Small,Canal or Lake,45.316667000000002,-85.266666999999998
40300.0,Isole Eolie -- 40290,Lipari, ,IT LIP,Italy,Tyrrhenian Sea; Mediterranean Sea; North Atlantic Ocean,Very Small,Coastal (Natural),38.483333000000002,14.966666999999999
43030.0,Kikladhes -- 42870,Milos,Adamas,GR MLO,Greece,Aegean Sea; Mediterranean Sea; North Atlantic Ocean,Very Small,Coastal (Natural),36.716667000000001,24.449999999999999
43280.0,Dhodhekanisos -- 43180,Lakki,Temania,GR PKK,Greece,Aegean Sea; Mediterranean Sea; North Atlantic Ocean,Very Small,Coastal (Natural),37.133333000000000,26.850000000000001
58750.0,Philippine Islands -- 57960,Baybay, ,PH BYB,Philippines,Philippine inland seas; North Pacific Ocean,Very Small,Open Roadstead,10.683332999999999,124.799999999999997
58795.0,Philippine Islands -- 57960,Isabel, ,PH ISL,Philippines,Philippine inland seas; North Pacific Ocean,Very Small,Open Roadstead,10.916667000000000,124.433333000000005
4530.0,US Lake Huron -- 4300,Mackinac Island, ,US MCD,United States,Lake Huron; Great Lakes,Very Small,Coastal (Breakwater),45.850000000000001,-84.616667000000007
5070.0,US Lake Michigan -- 4570,Nahma, , ,United States,Lake Michigan; Great Lakes,Very Small,Coastal (Natural),45.833333000000003,-86.666667000000004
5100.0,US Lake Michigan -- 4570,Manistique, ,US ISQ,United States,Lake Michigan; Great Lakes,Very Small,Coastal (Breakwater),45.950000000000003,-86.250000000000000
45175.0,Egypt Mediterranean -- 45120,El Hamra Oil Terminal, ,EG MAH,Egypt,Mediterranean Sea; North Atlantic Ocean,Very Small,Open Roadstead,30.983332999999998,28.866667000000000
2700.0,Canada St Lawrence R -- 2545,Brockville, ,CA BCK,Canada,Lake Ontario; Great Lakes,Very Small,Coastal (Natural),44.583333000000003,-75.666667000000004
16480.0,United States W Coast -- 16000,Martinez, ,US MRZ,United States,North Pacific Ocean,Very Small,Coastal (Natural),38.033332999999999,-122.133332999999993
44825.0,Turkey Asia -- 44360,Alanya, ,TR ALA,Turkey,Mediterranean Sea; North Atlantic Ocean,Very Small,Open Roadstead,36.533332999999999,32.000000000000000
45790.0, ,Mohammedia, ,MA MOH,Morocco,North Atlantic Ocean,Very Small,Coastal (Breakwater),33.716667000000001,-7.400000000000000
48121.0,Saudi Arabia -- 48100,King Fahd Port,Mina Al Malik Fahd, ,Saudi Arabia,Red Sea; Indian Ocean,Very Small,Coastal (Breakwater),23.949999999999999,38.216667000000001
51780.0,Indonesia - Borneo -- 51760,Lingkas, , ,Indonesia,Celebes Sea; North Pacific Ocean,Small,Open Roadstead,3.283333000000000,117.599999999999994
61664.0,Japan -- 61100,Namikata, ,JP NIT,Japan,Sea of Japan; North Pacific Ocean,Very Small,Open Roadstead,34.116667000000000,132.900000000000006
45955.0,Liberia -- 45920,Cape Palmas, ,LR CPA,Liberia,North Atlantic Ocean,Very Small,Open Roadstead,4.366667000000000,-7.716667000000000
58740.0,Philippine Islands -- 57960,Maasin, ,PH MAA,Philippines,Bohol Sea; Philippine inland seas; North Pacific Ocean,Very Small,Open Roadstead,10.133333000000000,124.833332999999996
62060.0,Japan -- 61100,Kikuma Ko, ,JP KIK,Japan,Sea of Japan; North Pacific Ocean,Very Small,Coastal (Breakwater),34.033332999999999,132.833333000000010
62070.0,Japan -- 61100,Imabari Ko,Imabari,JP IMB,Japan,Sea of Japan; North Pacific Ocean,Small,Coastal (Breakwater),34.066667000000002,133.016667000000012
8180.0,United States E Coast -- 6585,Cape Charles, ,US CCJ,United States,North Atlantic Ocean,Very Small,Coastal (Natural),37.266666999999998,-76.016666999999998
8480.0,United States E Coast -- 6585,Southport, ,US XMK,United States,North Atlantic Ocean,Very Small,River (Natural),33.916666999999997,-78.016666999999998
46150.0,Nigeria -- 46120,Sapele, ,NG SPL,Nigeria,Bight of Benin; Gulf of Guinea; North Atlantic Ocean,Very Small,River (Natural),5.900000000000000,5.683333000000000
4540.0,US Lake Huron -- 4300,St Ignace, , ,United States,Lake Huron; Great Lakes,Very Small,Coastal (Natural),45.850000000000001,-84.716667000000001
45040.0,Lebanon -- 45020,Sayda,Saida; Sidon,LB SAY,Lebanon,Mediterranean Sea; North Atlantic Ocean,Very Small,Open Roadstead,33.500000000000000,35.350000000000001
4580.0,US Lake Michigan -- 4570,St. James Harbor, , ,United States,Lake Michigan; Great Lakes,Very Small,Coastal (Natural),45.733333000000002,-85.516666999999998
41950.0,Greece West Coast -- 41710,Yithion,Githion; Gythion,GR GYT,Greece,Mediterranean Sea; North Atlantic Ocean,Very Small,Open Roadstead,36.750000000000000,22.566666999999999
9080.0,US Gulf Coast -- 8650,Port Arthur, ,US POA,United States,Gulf of Mexico; North Atlantic Ocean,Medium,Canal or Lake,29.833333000000000,-93.966667000000001
39720.0,Elba -- 39620,Portoferraio, ,IT PFE,Italy,Ligurian Sea; Mediterranean Sea; North Atlantic Ocean,Small,Open Roadstead,42.816667000000002,10.333333000000000
16450.0,United States W Coast -- 16000,Port Costa, ,US PCX,United States,North Pacific Ocean,Very Small,Coastal (Natural),38.049999999999997,-122.183333000000005
4620.0,US Lake Michigan -- 4570,Traverse City, ,US TVC,United States,Lake Michigan; Great Lakes,Very Small,Coastal (Natural),44.766666999999998,-85.616667000000007
45036.0,Lebanon -- 45020,Sidon/zahrani Terminal, ,LB ZHR,Lebanon,Mediterranean Sea; North Atlantic Ocean,Very Small,Open Roadstead,33.533332999999999,35.316667000000002
5110.0,US Lake Michigan -- 4570,Port Inland, , ,United States,Lake Michigan; Great Lakes,Very Small,Coastal (Breakwater),45.966667000000001,-85.866667000000007
3170.0,US Lake Ontario -- 3120,Oswego, ,US OSW,United States,Lake Ontario; Great Lakes,Small,River (Natural),43.466667000000001,-76.516666999999998
47050.0,Tanzania -- 46965,Zanzibar, ,TZ ZNZ,Tanzania,Indian Ocean,Small,Coastal (Natural),-6.166667000000000,39.183332999999998
46170.0,Nigeria -- 46120,Warri, ,NG WAR,Nigeria,Bight of Benin; Gulf of Guinea; North Atlantic Ocean,Very Small,River (Natural),5.516667000000000,5.733333000000000
9060.0,US Gulf Coast -- 8650,Sabine Pass, ,US NSS,United States,Gulf of Mexico; North Atlantic Ocean,Very Small,Coastal (Natural),29.733332999999998,-93.900000000000006
16290.0,United States W Coast -- 16000,Princetown,Princeton, ,United States,North Pacific Ocean,Very Small,Coastal (Breakwater),37.500000000000000,-122.483333000000002
8610.0,United States E Coast -- 6585,Palm Beach, ,US PAB,United States,North Atlantic Ocean,Very Small,Coastal (Natural),26.766667000000002,-80.049999999999997
4600.0,US Lake Michigan -- 4570,Petoskey, ,US PET,United States,Lake Michigan; Great Lakes,Very Small,Coastal (Breakwater),45.366667000000000,-84.966667000000001
16320.0,United States W Coast -- 16000,Redwood City, ,US RWC,United States,North Pacific Ocean,Very Small,River (Natural),37.533332999999999,-122.200000000000003
8470.0,United States E Coast -- 6585,Wilmington, ,US ILM,United States,North Atlantic Ocean,Medium,River (Natural),34.233333000000002,-77.950000000000003
2710.0,Canada St Lawrence R -- 2545,Rockport, ,CA GNN,Canada,Lake Ontario; Great Lakes,Very Small,River (Natural),44.383333000000000,-75.933333000000005
8590.0,United States E Coast -- 6585,St Augustine, ,US UST,United States,North Atlantic Ocean,Very Small,Coastal (Natural),29.899999999999999,-81.316666999999995
9050.0,US Gulf Coast -- 8650,Sabine, ,US SAB,United States,Gulf of Mexico; North Atlantic Ocean,Very Small,Coastal (Natural),29.716667000000001,-93.866667000000007
45296.0,Libya -- 45200,Ras   Lanuf, ,LY RLA,Libya,Gulf of Sidra; Mediterranean Sea; North Atlantic Ocean,Very Small,Open Roadstead,30.516667000000002,18.566666999999999
8830.0,US Gulf Coast -- 8650,Port Sulphur, ,US SUL,United States,Gulf of Mexico; North Atlantic Ocean,Very Small,River (Natural),29.483332999999998,-89.683333000000005
44850.0,Turkey Asia -- 44360,Tasucu,Akiman,TR TAS,Turkey,Mediterranean Sea; North Atlantic Ocean,Very Small,Coastal (Breakwater),36.316667000000002,33.883333000000000
8460.0,United States E Coast -- 6585,Wrightsville, ,US WGC,United States,North Atlantic Ocean,Small,Coastal (Natural),34.216667000000001,-77.816666999999995
4930.0,US Lake Michigan -- 4570,Sturgeon Bay, ,US SUE,United States,Lake Michigan; Great Lakes,Small,Canal or Lake,44.833333000000003,-87.383332999999993
8440.0,United States E Coast -- 6585,Swansboro, , ,United States,North Atlantic Ocean,Very Small,Coastal (Natural),34.683332999999998,-77.133332999999993
61967.0,Japan -- 61100,Shingu, ,JP SHN,Japan,Sea of Japan; North Pacific Ocean,Very Small,Coastal (Breakwater),33.666666999999997,135.983332999999988
61515.0,Japan -- 61100,Owase Ko, ,JP OWA,Japan,Sea of Japan; North Pacific Ocean,Very Small,Coastal (Natural),34.066667000000002,136.216667000000001
8245.0,United States E Coast -- 6585,Piney Point, ,US PYP,United States,North Atlantic Ocean,Very Small,River (Natural),38.133333000000000,-76.533332999999999
8227.0,United States E Coast -- 6585,Solomons Island, ,US OMU,United States,North Atlantic Ocean,Very Small,River (Natural),38.316667000000002,-76.450000000000003
58590.0,Philippine Islands -- 57960,Port Romblon, ,PH ROM,Philippines,Philippine inland seas; North Pacific Ocean,Very Small,Coastal (Natural),12.583333000000000,122.266666999999998
52270.0,Sulawesi -- 51970,Raha Roadstead, ,ID RAQ,Indonesia,Banda Sea; South Pacific Ocean,Very Small,Open Roadstead,-4.850000000000000,122.733333000000002
48120.0,Saudi Arabia -- 48100,Yanbu, ,SA YBI,Saudi Arabia,Red Sea; Indian Ocean,Very Small,Coastal (Breakwater),24.083333000000000,38.049999999999997
48348.0,Saudi Arabia Continued -- 48330,Ras Al Mishab,Bandar Mishab,SA RAM,Saudi Arabia,Persian Gulf; Indian Ocean,Small,Open Roadstead,28.116667000000000,48.633333000000000
8230.0,United States E Coast -- 6585,Washington D.C., ,US WAS,United States,North Atlantic Ocean,Small,River (Natural),38.866667000000000,-77.033332999999999
48152.0,Yemen Aden -- 48143,Salif,As Salif; Saleef,YE SAL,Yemen,Red Sea; Indian Ocean,Very Small,Coastal (Breakwater),15.300000000000001,42.666666999999997
8190.0,United States E Coast -- 6585,Salisbury, ,US SBY,United States,North Atlantic Ocean,Very Small,River (Natural),38.366667000000000,-75.599999999999994
40360.0, ,Pantelleria, ,IT PNL,Italy,Mediterranean Sea; North Atlantic Ocean,Small, ,36.838000000000001,11.942000000000000
62497.0,Japan -- 61100,Nishihara, ,JP NHR,Japan,East China Sea; North Pacific Ocean,Very Small,Open Roadstead,26.216667000000001,127.799999999999997
45027.0,Lebanon -- 45020,Selaata, ,LB,Lebanon,Mediterranean Sea; North Atlantic Ocean,Very Small,Coastal (Breakwater),34.283333333000002,35.655000000000001
48268.0,United Arab Emirates -- 48260,Mubarraz Oil Terminal, ,AE MBS,United Arab Emirates,Persian Gulf; Indian Ocean,Small,Open Roadstead,24.433333000000001,53.516666999999998
48290.0,Qatar -- 48285,Doha,Ad Dawhah,QA DOH,Qatar,Persian Gulf; Indian Ocean,Small,Coastal (Natural),25.283332999999999,51.533332999999999
48266.0,United Arab Emirates -- 48260,Zirkuh,Zirkuh Petroleum Port; Zirk; Az Zarqa Petroleum Port,AE ZUR,United Arab Emirates,Persian Gulf; Indian Ocean,Medium,Open Roadstead,25.016667000000002,53.000000000000000
48265.0,United Arab Emirates -- 48260,Fateh Oil Terminal, ,AE FAT,United Arab Emirates,Persian Gulf; Indian Ocean,Very Small,Open Roadstead,25.583333000000000,54.416666999999997
48298.0,Qatar -- 48285,Al Shaheen Terminal, ,QA ASN,Qatar,Persian Gulf; Indian Ocean,Very Small,Open Roadstead,26.583333000000000,52.000000000000000
48282.0,United Arab Emirates -- 48260,Jabal Az Zannah/ruways,Jabal Dhanna/ruways,AE JED,United Arab Emirates,Persian Gulf; Indian Ocean,Medium,Coastal (Breakwater),24.199999999999999,52.700000000000003
48295.0,Qatar -- 48285,Jazirat Halul, ,QA HAL,Qatar,Persian Gulf; Indian Ocean,Very Small,Open Roadstead,25.683333000000001,52.416666999999997
48279.0,United Arab Emirates -- 48260,Umm An Nar,Sas an Nakhl,AE ULR,United Arab Emirates,Persian Gulf; Indian Ocean,Very Small,River (Natural),24.449999999999999,54.483333000000002
48287.0,Qatar -- 48285,Umm Said,Mesaieed; Musay'id,QA UMS,Qatar,Persian Gulf; Indian Ocean,Small,Open Roadstead,24.916667000000000,51.566667000000002
48297.0,Qatar -- 48285,Ras Laffan, ,QA RLF,Qatar,Persian Gulf; Indian Ocean,Medium,Coastal (Breakwater),25.916667000000000,51.583333000000003
48278.0,United Arab Emirates -- 48260,Abu Zaby,Abu Dhabi; Mina Zayed,AE AUH,United Arab Emirates,Persian Gulf; Indian Ocean,Medium,Coastal (Breakwater),24.500000000000000,54.333333000000003
48277.0,United Arab Emirates -- 48260,Jazirat Das, ,AE DAS,United Arab Emirates,Persian Gulf; Indian Ocean,Very Small,Open Roadstead,25.149999999999999,52.866667000000000
51680.0,Sabah -- 51650,Victoria,Labuan, ,Malaysia,South China Sea; North Pacific Ocean,Small,Coastal (Natural),5.283333000000000,115.233333000000002
59270.0,Philippine Islands -- 57960,Puerto Princesa, ,PH PPS,Philippines,Sulu Sea; North Pacific Ocean,Small,Coastal (Natural),9.733333000000000,118.733333000000002
59500.0,Philippine Islands -- 57960,Polloc (Cotabato), ,PH PLC,Philippines,Celebes Sea; North Pacific Ocean,Very Small,Open Roadstead,7.350000000000000,124.216667000000001
49960.0,Malaysia -- 49820,Port Dickson, ,MY PDI,Malaysia,Strait of Malacca; Indian Ocean,Medium,Open Roadstead,2.533333000000000,101.783332999999999
46454.0,Gabon -- 46410,M'bya Oil Terminal,FSO Mayumba,GA MBY,Gabon,South Atlantic Ocean,Very Small,Open Roadstead,-3.883333000000000,10.933332999999999
46451.0,Gabon -- 46410,Etame Terminal,FPSO Petroleo Nautipa,GA ETA,Gabon,South Atlantic Ocean,Very Small,Open Roadstead,-3.750000000000000,10.516667000000000
46330.0,Equatorial Guinea -- 46300,Luba, ,GQ LUB,Equatorial Guinea,Gulf of Guinea; North Atlantic Ocean,Very Small,Coastal (Natural),3.500000000000000,8.566667000000001
55300.0,New Zealand S Island -- 55260,Picton, ,NZ PCN,New Zealand,Cook Strait; South Pacific Ocean,Small,River (Basins),-41.283332999999999,174.016667000000012
50450.0,Indonesia -- 50020,Teluk Bayur,Emmahaven; Padang; Telukbayur,ID TBR,Indonesia,Indian Ocean,Very Small,Open Roadstead,-1.000000000000000,100.366667000000007
55150.0,New Zealand N Island -- 54990,Wellington, ,NZ WLG,New Zealand,Cook Strait; South Pacific Ocean,Large,Coastal (Natural),-41.283332999999999,174.783332999999999
55270.0,New Zealand S Island -- 55260,Collingwood, , ,New Zealand,Tasman Sea; South Pacific Ocean,Very Small,Coastal (Natural),-40.683332999999998,172.666666999999990
46335.0,Equatorial Guinea -- 46300,Ceiba Terminal, , ,Equatorial Guinea,Gulf of Guinea; North Atlantic Ocean,Very Small,Open Roadstead,1.416667000000000,9.233333000000000
46690.0,Ascension -- 46660,Jamestown, ,SH SHN,"Saint Helena, Ascension, and Tristan da Cunha",South Atlantic Ocean,Large,Open Roadstead,-15.916667000000000,-5.716667000000000
46580.0,Angola -- 46540,Sumbe,Gunza-Kabolo; Nova Redonda,AO NDD,Angola,South Atlantic Ocean,Very Small,Open Roadstead,-11.199999999999999,13.833333000000000
46440.0,Gabon -- 46410,Port Gentil, ,GA POG,Gabon,Gulf of Guinea; North Atlantic Ocean,Medium,Coastal (Natural),-0.700000000000000,8.800000000000001
46485.0,Angola -- 46478,Takula Terminal, ,AO TAK,Angola,South Atlantic Ocean,Small,Open Roadstead,-5.216667000000000,11.783333000000001
46670.0,Ascension -- 46660,Georgetown,Clarence Bay; Table Bay; English Bay,SH ASI,"Saint Helena, Ascension, and Tristan da Cunha",South Atlantic Ocean,Medium,Open Roadstead,-7.933333000000000,-14.416667000000000
46560.0,Angola -- 46540,Luanda, ,AO LAD,Angola,South Atlantic Ocean,Small,Coastal (Natural),-8.800000000000001,13.250000000000000
46487.0,Angola -- 46478,Malongo Oil Terminal, ,AO MAL,Angola,South Atlantic Ocean,Small,Open Roadstead,-5.433333000000000,12.083333000000000
46650.0,Namibia -- 46635,Luderitz Bay,Angra Pequena,NA LUD,Namibia,South Atlantic Ocean,Small,Coastal (Breakwater),-26.649999999999999,15.150000000000000
12740.0,Brazil SE Coast -- 12700,Porto De Suape, ,BR SUA,Brazil,South Atlantic Ocean,Small,Coastal (Breakwater),-8.400000000000000,-34.966667000000001
55275.0,New Zealand S Island -- 55260,Tarakohe, ,NZ TKH,New Zealand,Tasman Sea; South Pacific Ocean,Very Small,Coastal (Natural),-40.850000000000001,172.900000000000006
12380.0,Guyana -- 12350,Linden,Mackenzie,GY LDN,Guyana,North Atlantic Ocean,Very Small,River (Natural),6.000000000000000,-58.299999999999997
46340.0,Equatorial Guinea -- 46300,Cogo,Puerto Iradier; Kogo,GC COG,Equatorial Guinea,Gulf of Guinea; North Atlantic Ocean,Very Small,River (Natural),1.083333000000000,9.699999999999999
46610.0,Angola -- 46540,Namibe,Mocamedes,AO MSZ,Angola,South Atlantic Ocean,Small,Open Roadstead,-15.199999999999999,12.150000000000000
46545.0,Angola -- 46540,Soyo Angola Lng Terminal,Soyo,AO SZA,Angola,South Atlantic Ocean,Very Small,River (Natural),-6.116667000000000,12.333333000000000
46770.0,South Africa -- 46725,Cape Town, ,ZA CPT,South Africa,South Atlantic Ocean,Large,Coastal (Breakwater),-33.916666999999997,18.416667000000000
12650.0,Brazil NE Coast Cont -- 12575,Porto De Mucuripe,Ceara; Fortaleza, ,Brazil,South Atlantic Ocean,Small,Open Roadstead,-3.716667000000000,-38.483333000000002
46446.0,Gabon -- 46410,Oguendjo Terminal, ,GA OGU,Gabon,South Atlantic Ocean,Small,Open Roadstead,-1.466667000000000,8.916667000000000
46435.0,Gabon -- 46410,Port Owendo,Port Ovendo,GA OWE,Gabon,Gulf of Guinea; North Atlantic Ocean,Small,Open Roadstead,0.283333000000000,9.500000000000000
46510.0,Congo -- 46500,Banana, ,CD BNW,Congo (Kinshasa),South Atlantic Ocean,Very Small,River (Natural),-5.983333000000000,12.383333000000000
12410.0,Suriname -- 12395,Paramaribo, ,SR PBM,Suriname,North Atlantic Ocean,Small,River (Natural),5.833333000000000,-55.166666999999997
46430.0,Gabon -- 46410,Libreville, ,GA LBV,Gabon,Gulf of Guinea; North Atlantic Ocean,Medium,Open Roadstead,0.383333000000000,9.449999999999999
12630.0,Brazil NE Coast Cont -- 12575,Camocim, ,BR CMC,Brazil,South Atlantic Ocean,Very Small,River (Natural),-2.900000000000000,-40.833333000000003
39210.0,Sardegna -- 39130,Cagliari, ,IT CAG,Italy,Mediterranean Sea; North Atlantic Ocean,Medium,Coastal (Breakwater),39.189999999999998,9.102000000000000
55290.0,New Zealand S Island -- 55260,Nelson, ,NZ NSN,New Zealand,Tasman Sea; South Pacific Ocean,Small,Coastal (Breakwater),-41.266666999999998,173.266667000000012
46550.0,Angola -- 46540,Porto Do Ambriz, ,AO AZZ,Angola,South Atlantic Ocean,Very Small,Coastal (Breakwater),-7.833333000000000,13.100000000000000
12405.0,Suriname -- 12395,Nieuw Nickerie,New Nickerie,SR ICK,Suriname,North Atlantic Ocean,Very Small,River (Natural),5.950000000000000,-57.000000000000000
46590.0,Angola -- 46540,Lobito, ,AO LOB,Angola,South Atlantic Ocean,Small,Coastal (Natural),-12.333333000000000,13.566667000000001
46452.0,Gabon -- 46410,Olowi Marine Terminal, , ,Gabon,South Atlantic Ocean,Very Small,Open Roadstead,-3.133333000000000,10.216666999999999
12390.0,Guyana -- 12350,New Amsterdam,Nieuw Amsterdam,GY NAM,Guyana,North Atlantic Ocean,Very Small,River (Natural),6.250000000000000,-57.516666999999998
46488.0,Angola -- 46478,Kuito Oil Field, ,AO KOT,Angola,South Atlantic Ocean,Very Small,Open Roadstead,-5.466667000000000,11.500000000000000
46305.0,Equatorial Guinea -- 46300,Bata, ,GQ BSG,Equatorial Guinea,Gulf of Guinea; North Atlantic Ocean,Very Small,Open Roadstead,1.866667000000000,9.766667000000000
46490.0,Angola -- 46478,Cabinda,Kabinda,AO CAB,Angola,South Atlantic Ocean,Small,Open Roadstead,-5.533333000000000,12.199999999999999
46453.0,Gabon -- 46410,Gamba Oil Terminal, ,GA GAX,Gabon,South Atlantic Ocean,Very Small,Open Roadstead,-2.833333000000000,10.000000000000000
46472.0,Congo -- 46455,Djeno Terminal, ,CG DJE,Congo (Brazzaville),South Atlantic Ocean,Very Small,Open Roadstead,-4.933333000000000,11.900000000000000
46460.0,Congo -- 46455,Yombo Terminal,FPSO La Noumbi,CG YOM,Congo (Brazzaville),South Atlantic Ocean,Very Small,Open Roadstead,-4.450000000000000,11.100000000000000
46750.0,South Africa -- 46725,Saldanha Bay,Saldanhabaai,ZA SDB,South Africa,South Atlantic Ocean,Medium,Coastal (Breakwater),-33.033332999999999,17.966667000000001
46445.0,Gabon -- 46410,Cap Lopez,ELF Gabon Oil Terminal,GA CLZ,Gabon,Gulf of Guinea; North Atlantic Ocean,Very Small,Open Roadstead,-0.633333000000000,8.716666999999999
46306.0,Equatorial Guinea -- 46300,Punta Europa Terminal, ,GQ PET,Equatorial Guinea,Gulf of Guinea; North Atlantic Ocean,Very Small,Open Roadstead,3.783333000000000,8.716666999999999
46640.0,Namibia -- 46635,Walvis Bay,Walvisbaai,NA WVB,Namibia,South Atlantic Ocean,Small,Coastal (Natural),-22.949999999999999,14.500000000000000
46473.0,Congo -- 46455,N'kossa Terminal,FSO Nkossa II,CG NKO,Congo (Brazzaville),South Atlantic Ocean,Very Small,Open Roadstead,-5.266667000000000,11.566667000000001
46380.0,Sao Tome and Principe -- 46370,Sao Tome,Ana Chavez,ST TMS,Sao Tome and Principe,Gulf of Guinea; North Atlantic Ocean,Very Small,Open Roadstead,0.350000000000000,6.733333000000000
46320.0,Equatorial Guinea -- 46300,Malabo,Rey Malabo; Santa Isabelle,GQ SSG,Equatorial Guinea,Gulf of Guinea; North Atlantic Ocean,Small,Coastal (Natural),3.750000000000000,8.783333000000001
46543.0,Angola -- 46540,Kizomba C Terminal, , ,Angola,South Atlantic Ocean,Very Small,Open Roadstead,-6.316667000000000,11.283333000000001
12415.0,Suriname -- 12395,Paranam, ,SR PRM,Suriname,North Atlantic Ocean,Very Small,River (Natural),5.616667000000000,-55.100000000000001
46495.0,Angola -- 46478,Futila Terminal, ,AO FLT,Angola,South Atlantic Ocean,Very Small,Open Roadstead,-5.450000000000000,12.183332999999999
12661.0,Brazil NE Coast Cont -- 12575,Guamare Oil Terminal, ,BR GUA,Brazil,South Atlantic Ocean,Very Small,Open Roadstead,-4.866667000000000,-36.283332999999999
46547.0,Angola -- 46540,Palanca Terminal, ,AO PAT,Angola,South Atlantic Ocean,Small,Open Roadstead,-6.950000000000000,12.400000000000000
12730.0,Brazil SE Coast -- 12700,Recife,Pernambuco,BR REC,Brazil,South Atlantic Ocean,Medium,Coastal (Breakwater),-8.050000000000001,-34.866667000000000
46470.0,Congo -- 46455,Pointe Noire,Balck Point Bay,CG PNR,Congo (Brazzaville),South Atlantic Ocean,Small,Coastal (Breakwater),-4.783333000000000,11.833333000000000
46570.0,Angola -- 46540,Porto Amboim,Benguela Velha,AO PBN,Angola,South Atlantic Ocean,Very Small,Open Roadstead,-10.733333000000000,13.750000000000000
57700.0,Vietnam -- 57510,Hon Gai,Hongal,VN HON,Vietnam,Gulf of Tonkin; South China Sea; North Pacific Ocean,Very Small,Open Roadstead,20.949999999999999,107.066666999999995
59930.0,China Continued -- 59850,Haimen,Haimen; Taizhou,CN HME,China,East China Sea; North Pacific Ocean,Very Small,River (Natural),28.683333000000001,121.450000000000003
59960.0,China Continued -- 59850,Zhoushan,Dinghai,CN ZOS,China,East China Sea; North Pacific Ocean,Small,Coastal (Natural),30.000000000000000,122.099999999999994
14470.0,Chile -- 14070,Puerto San Antonio, ,CL SAI,Chile,South Pacific Ocean,Small,Coastal (Breakwater),-33.583333000000003,-71.616667000000007
60810.0,Russia -- 60530,De Kastri, ,RU DKA,Russia,Tatar Strait; North Pacific Ocean,Medium,Coastal (Natural),51.466667000000001,140.783332999999999
36280.0,France NW Coast Cont -- 36060,Lezardrieux, ,FR LZD,France,English Channel; North Atlantic Ocean,Very Small,River (Natural),48.790299726999997,-3.098863445000000
60500.0,North Korea Continued -- 60438,Ch'ongjin, ,KP CHO,North Korea,Sea of Japan; North Pacific Ocean,Small,Coastal (Natural),41.766666999999998,129.816666999999995
59385.0,Philippine Islands -- 57960,Mangagoy, ,PH MGG,Philippines,Bohol Sea; Philippine inland seas; North Pacific Ocean,Small,Coastal (Natural),8.233333000000000,126.316666999999995
56280.0,Hawaiian Islands -- 56050,Honolulu, ,US HNL,United States,North Pacific Ocean,Medium,Coastal (Breakwater),21.300000000000001,-157.866667000000007
56272.0,Hawaiian Islands -- 56050,Barber's Point,Kalaeloa,US NAX,United States,North Pacific Ocean,Very Small,Coastal (Breakwater),21.316666999999999,-158.116667000000007
56260.0,Hawaiian Islands -- 56050,Kaunakakai, ,US KUA,United States,North Pacific Ocean,Very Small,Open Roadstead,21.083333000000000,-157.033332999999999
56200.0,Hawaiian Islands -- 56050,Lahaina, ,US LHN,United States,North Pacific Ocean,Very Small,Coastal (Breakwater),20.866667000000000,-156.666666999999990
56180.0,Hawaiian Islands -- 56050,Kahului, ,US OGG,United States,North Pacific Ocean,Very Small,Coastal (Breakwater),20.899999999999999,-156.466667000000001
56150.0,Hawaiian Islands -- 56050,Kiholo, , ,United States,North Pacific Ocean,Very Small,Coastal (Natural),19.866667000000000,-155.949999999999989
56120.0,Hawaiian Islands -- 56050,Kauhako Bay, , ,United States,North Pacific Ocean,Very Small,Coastal (Natural),19.383333000000000,-155.900000000000006
56110.0,Hawaiian Islands -- 56050,Milolii, , ,United States,North Pacific Ocean,Very Small,Open Roadstead,19.183333000000001,-155.900000000000006
56100.0,Hawaiian Islands -- 56050,Honuapo, , ,United States,North Pacific Ocean,Very Small,Open Roadstead,19.083333000000000,-155.550000000000011
30680.0,Germany -- 30650,Husum, ,DE HUS,Germany,North Sea; North Atlantic Ocean,Very Small,River (Natural),54.483333000000002,9.050000000000001
56090.0,Hawaiian Islands -- 56050,Hilo, ,US ITO,United States,North Pacific Ocean,Medium,Coastal (Breakwater),19.733332999999998,-155.066666999999995
56070.0,Hawaiian Islands -- 56050,Honokaa, , ,United States,North Pacific Ocean,Very Small,Open Roadstead,20.100000000000001,-155.466667000000001
55440.0,New Zealand S Island -- 55260,Greymouth, ,NZ GMN,New Zealand,Tasman Sea; South Pacific Ocean,Very Small,River (Natural),-42.433332999999998,171.216667000000001
55210.0,New Zealand N Island -- 54990,New Plymouth, ,NZ NPL,New Zealand,Tasman Sea; South Pacific Ocean,Small,Coastal (Breakwater),-39.066667000000002,174.033332999999999
52235.0,Sulawesi -- 51970,Mangkasa Oil Terminal, , ,Indonesia,Teluk Bone; Banda Sea; South Pacific Ocean,Small,Open Roadstead,-2.733333000000000,121.066666999999995
52065.0,Sulawesi -- 51970,Bitung, ,ID BIT,Indonesia,Molucca Sea; North Pacific Ocean,Very Small,Coastal (Natural),1.433333000000000,125.183333000000005
47980.0,Egypt Red Sea -- 47950,Safaja,Bur Safajah; Port Safaga; Bur Safaga,EG SGA,Egypt,Red Sea; Indian Ocean,Small,Coastal (Breakwater),26.733332999999998,33.950000000000003
47970.0,Egypt Red Sea -- 47950,Al Qusayr,Kosseir; Quesir,EG AQU,Egypt,Red Sea; Indian Ocean,Very Small,Open Roadstead,26.100000000000001,34.283332999999999
17080.0,United States W Coast -- 16000,Hoquiam, ,US HQM,United States,North Pacific Ocean,Small,River (Natural),46.966667000000001,-123.900000000000006
57245.0,Vanuatu -- 57160,Forari Bay, , ,Vanuatu,South Pacific Ocean,Very Small,Open Roadstead,-17.683333000000001,168.550000000000011
57120.0,Solomon Islands -- 56940,Honiara, ,SB HIR,Solomon Islands,Solomon Sea; South Pacific Ocean,Very Small,Open Roadstead,-9.416667000000000,159.949999999999989
56970.0,Solomon Islands -- 56940,Gizo Harbor, ,SB GZO,Solomon Islands,Solomon Sea; South Pacific Ocean,Very Small,Coastal (Natural),-8.100000000000000,156.849999999999994
56820.0,Bismarck Archipelago -- 56700,Kokopo, , ,Papua New Guinea,Bismarck Sea; South Pacific Ocean,Very Small,Open Roadstead,-4.333333000000000,152.266667000000012
56710.0,Bismarck Archipelago -- 56700,Longan Island, , ,Papua New Guinea,South Pacific Ocean,Very Small,Coastal (Natural),-1.216667000000000,144.300000000000011
56660.0, ,Malakal Harbor, , ,Palau,North Pacific Ocean,Very Small,Open Roadstead,7.333333000000000,134.449999999999989
56630.0,Caroline Islands -- 56560,Colonia,Tomil Harbor; Yap Colonia International Port, ,Federated States of Micronesia,North Pacific Ocean,Very Small,Coastal (Natural),9.516667000000000,138.133332999999993
56600.0,Caroline Islands -- 56560,Moen,Chuuk; Weno, ,Federated States of Micronesia,North Pacific Ocean,Very Small,Open Roadstead,7.433333000000000,151.833333000000010
56570.0,Caroline Islands -- 56560,Lele Harbor, , ,Federated States of Micronesia,North Pacific Ocean,Very Small,Coastal (Natural),5.333333000000000,163.033332999999999
56325.0,Johnston Atoll -- 56324,Johnston Atoll, , ,Johnson Atoll,North Pacific Ocean,Very Small,Coastal (Natural),16.750000000000000,-169.516667000000012
46530.0,Congo -- 46500,Matadi, ,CD MAT,Congo (Kinshasa),South Atlantic Ocean,Small,River (Natural),-5.816667000000000,13.449999999999999
46520.0,Congo -- 46500,Boma, ,CD BOA,Congo (Kinshasa),South Atlantic Ocean,Small,River (Natural),-5.850000000000000,13.050000000000001
45320.0,Libya -- 45200,Misratah,Marsa Misratah; Misurata Marina; Qasr Ahmed,LY MIS,Libya,Mediterranean Sea; North Atlantic Ocean,Very Small,Open Roadstead,32.366667000000000,15.216666999999999
44610.0,Turkey Asia -- 44360,Derince Burnu, ,TR DRC,Turkey,Sea of Marmara; Mediterranean Sea; North Atlantic Ocean,Small,Coastal (Breakwater),40.750000000000000,29.816666999999999
44540.0,Turkey Asia -- 44360,Haydarpasa,Haidar Pasha,TR HAY,Turkey,Sea of Marmara; Mediterranean Sea; North Atlantic Ocean,Medium,Coastal (Breakwater),41.000000000000000,29.016667000000002
44410.0,Turkey Asia -- 44360,Giresun,Kerasunda,TR GIR,Turkey,Black Sea; North Atlantic Ocean,Very Small,Coastal (Breakwater),40.933332999999998,38.399999999999999
50910.0,Christmas Island -- 50900,Flying Fish Cove, ,CX FFC,Christmas Island,Indian Ocean,Medium,Coastal (Natural),-10.416667000000000,105.700000000000003
44200.0,Russia -- 44030,Novorossiysk, ,RU NVS,Russia,Black Sea; North Atlantic Ocean,Large,Coastal (Breakwater),44.716667000000001,37.783332999999999
44080.0,Russia -- 44030,Azov, ,RU AZO,Russia,Sea of Azov; Black Sea; North Atlantic Ocean,Very Small,River (Natural),47.100000000000001,39.433332999999998
44010.0,Ukraine -- 43620,Mariupol, ,UA MPW,Ukraine,Sea of Azov; Black Sea; North Atlantic Ocean,Small,Coastal (Breakwater),47.083333000000003,37.566667000000002
44000.0,Ukraine -- 43620,Berdyansk,Osipenko,UA ERD,Ukraine,Sea of Azov; Black Sea; North Atlantic Ocean,Small,Coastal (Breakwater),46.750000000000000,36.783332999999999
43900.0,Ukraine -- 43620,Kerch,Kyerch,UA KEH,Ukraine,Black Sea; North Atlantic Ocean,Small,Open Roadstead,45.350000000000001,36.483333000000002
43850.0,Ukraine -- 43620,Feodosiya,Fyeodosiya; Theodosia,UA FEO,Ukraine,Black Sea; North Atlantic Ocean,Small,Coastal (Breakwater),45.016666999999998,35.433332999999998
43680.0,Ukraine -- 43620,Kherson,Khyerson,UA KHE,Ukraine,Black Sea; North Atlantic Ocean,Small,Open Roadstead,46.616667000000000,32.600000000000001
43650.0,Ukraine -- 43620,Odesa,Odyessa,UA ODS,Ukraine,Black Sea; North Atlantic Ocean,Large,Coastal (Breakwater),46.483333000000002,30.733332999999998
43645.0,Ukraine -- 43620,Illichivsk,Sukhoy,UA ILK,Ukraine,Black Sea; North Atlantic Ocean,Large,Coastal (Breakwater),46.299999999999997,30.649999999999999
43560.0,Romania -- 43540,Constanta,Constantsa,RO CND,Romania,Black Sea; North Atlantic Ocean,Medium,Coastal (Breakwater),44.166666999999997,28.649999999999999
43550.0,Romania -- 43540,Mangalia, ,RO MAG,Romania,Black Sea; North Atlantic Ocean,Very Small,Coastal (Breakwater),43.816667000000002,28.583333000000000
43420.0,Turkey Europe -- 43325,Istanbul,Constantinople,TR IST,Turkey,Sea of Marmara; Mediterranean Sea; North Atlantic Ocean,Large,Canal or Lake,41.016666999999998,28.966667000000001
43600.0,Romania -- 43540,Galati, ,RO GAL,Romania,Black Sea; North Atlantic Ocean,Small,River (Natural),45.416666999999997,28.083333000000000
43590.0,Romania -- 43540,Braila, ,RO BRA,Romania,Black Sea; North Atlantic Ocean,Very Small,River (Natural),45.250000000000000,27.983332999999998
33090.0,Scotland West Coast -- 32790,Mallaig, ,GB MLG,United Kingdom,North Atlantic Ocean,Very Small,Coastal (Natural),57.000000000000000,-5.816667000000000
32955.0,Scotland West Coast -- 32790,Lochmaddy, ,GB LMA,United Kingdom,North Atlantic Ocean,Very Small,Coastal (Natural),57.600000000000001,-7.166667000000000
32750.0,Faroe Islands -- 32660,Klaksvik, ,FO KVI,Faroe Islands,Norwegian Sea; North Atlantic Ocean,Very Small,Coastal (Natural),62.233333000000002,-6.583333000000000
32600.0,Shetland Islands -- 32510,Lerwick, ,GB LER,United Kingdom,North Sea; North Atlantic Ocean,Medium,Coastal (Natural),60.167000000000002,-1.150000000000000
32320.0,Scotland East Coast -- 31870,Burghead, ,GB BUH,United Kingdom,North Sea; North Atlantic Ocean,Very Small,Coastal (Natural),57.700000000000003,-3.500000000000000
32290.0,Scotland East Coast -- 31870,Buckie Harbor,Cluny,GB BUC,United Kingdom,North Sea; North Atlantic Ocean,Very Small,Coastal (Breakwater),57.683332999999998,-2.966667000000000
32240.0,Scotland East Coast -- 31870,Fraserburgh Harbor, ,GB FRB,United Kingdom,North Sea; North Atlantic Ocean,Small,Coastal (Breakwater),57.683332999999998,-2.000000000000000
32220.0,Scotland East Coast -- 31870,Aberdeen, ,GB ABD,United Kingdom,North Sea; North Atlantic Ocean,Medium,River (Basins),57.149999999999999,-2.083333000000000
32200.0,Scotland East Coast -- 31870,Montrose, ,GB MON,United Kingdom,North Sea; North Atlantic Ocean,Very Small,River (Natural),56.700000000000003,-2.466667000000000
32170.0,Scotland East Coast -- 31870,Dundee, ,GB DUN,United Kingdom,North Sea; North Atlantic Ocean,Large,River (Basins),56.466667000000001,-2.950000000000000
32010.0,Scotland East Coast -- 31870,Grangemouth, ,GB GRG,United Kingdom,North Sea; North Atlantic Ocean,Small,River (Tide Gates),56.016666999999998,-3.716667000000000
31930.0,Scotland East Coast -- 31870,Leith,Edinburg,GB LEI,United Kingdom,North Sea; North Atlantic Ocean,Medium,River (Tide Gates),55.983333000000002,-3.183333000000000
31860.0,England East Coast -- 31330,Berwick-Upon-Tweed, ,GB BWK,United Kingdom,North Sea; North Atlantic Ocean,Very Small,River (Tide Gates),55.766666999999998,-2.000000000000000
31820.0,England East Coast -- 31330,Blyth, ,GB BLY,United Kingdom,North Sea; North Atlantic Ocean,Medium,River (Natural),55.116667000000000,-1.500000000000000
31680.0,England East Coast -- 31330,Bridlington, ,GB BRT,United Kingdom,North Sea; North Atlantic Ocean,Very Small,Coastal (Breakwater),54.083333000000003,-0.183333000000000
31670.0,England East Coast -- 31330,Goole, ,GB GOO,United Kingdom,North Sea; North Atlantic Ocean,Small,River (Tide Gates),53.700000000000003,-0.833333000000000
31660.0,England East Coast -- 31330,Kingston Upon Hull, ,GB HUL,United Kingdom,North Sea; North Atlantic Ocean,Medium,River (Tide Gates),53.750000000000000,-0.283333000000000
31650.0,England East Coast -- 31330,Immingham, ,GB IMM,United Kingdom,North Sea; North Atlantic Ocean,Medium,River (Tide Gates),53.633333000000000,-0.200000000000000
31640.0,England East Coast -- 31330,Grimsby, ,GB GSY,United Kingdom,North Sea; North Atlantic Ocean,Medium,River (Tide Gates),53.583333000000003,-0.066666999999900
31610.0,England East Coast -- 31330,King's Lynn, ,GB KLN,United Kingdom,North Sea; North Atlantic Ocean,Small,River (Tide Gates),52.750000000000000,0.400000000000000
31580.0,England East Coast -- 31330,Great Yarmouth, ,GB GTY,United Kingdom,North Sea; North Atlantic Ocean,Small,River (Natural),52.616667000000000,1.733333000000000
31570.0,England East Coast -- 31330,Lowestoft, ,GB LOW,United Kingdom,North Sea; North Atlantic Ocean,Small,Coastal (Breakwater),52.483333000000002,1.750000000000000
31560.0,England East Coast -- 31330,Felixstowe, ,GB FXT,United Kingdom,North Sea; North Atlantic Ocean,Very Small,River (Natural),51.950000000000003,1.316667000000000
31550.0,England East Coast -- 31330,Ipswich, ,GB IPS,United Kingdom,North Sea; North Atlantic Ocean,Small,River (Tide Gates),52.049999999999997,1.166667000000000
31530.0,England East Coast -- 31330,Harwich, ,GB HRW,United Kingdom,North Sea; North Atlantic Ocean,Small,River (Natural),51.950000000000003,1.283333000000000
31420.0,England East Coast -- 31330,Gravesend, ,GB GVS,United Kingdom,North Sea; North Atlantic Ocean,Small,River (Natural),51.450000000000003,0.366667000000000
31310.0,Belgium -- 31240,Oostende,Ostend,BE OST,Belgium,North Sea; North Atlantic Ocean,Small,River (Tide Gates),51.233333000000002,2.916667000000000
31290.0,Belgium -- 31240,Bruges, ,BE BGS,Belgium,North Sea; North Atlantic Ocean,Very Small,Canal or Lake,51.233333000000002,3.216667000000000
31270.0,Belgium -- 31240,Ghent,Ghent,BE GNE,Belgium,North Sea; North Atlantic Ocean,Medium,Canal or Lake,51.066667000000002,3.733333000000000
31260.0,Belgium -- 31240,Bruxelles,Brussels,BE BRU,Belgium,North Sea; North Atlantic Ocean,Small,River (Tide Gates),50.866667000000000,4.350000000000000
31250.0,Belgium -- 31240,Antwerpen,Antwerp; Anvers,BE ANR,Belgium,North Sea; North Atlantic Ocean,Large,River (Tide Gates),51.216667000000001,4.400000000000000
31150.0,Netherlands -- 30980,Dordrecht, ,NL DOR,Netherlands,North Sea; North Atlantic Ocean,Medium,River (Natural),51.816667000000002,4.650000000000000
31060.0,Netherlands -- 30980,Amsterdam, ,NL AMS,Netherlands,North Sea; North Atlantic Ocean,Large,Canal or Lake,52.366667000000000,4.900000000000000
31040.0,Netherlands -- 30980,Ijmuiden,Ymuiden,NL IJM,Netherlands,North Sea; North Atlantic Ocean,Small,Coastal (Tide Gates),52.466667000000001,4.583333000000000
31010.0,Netherlands -- 30980,Harlingen, ,NL HAR,Netherlands,North Sea; North Atlantic Ocean,Very Small,Coastal (Tide Gates),53.183332999999998,5.416667000000000
30990.0,Netherlands -- 30980,Delfzijl, ,NL DZL,Netherlands,North Sea; North Atlantic Ocean,Small,Coastal (Tide Gates),53.333333000000003,6.933333000000000
30950.0,Germany -- 30650,Emden, ,DE EME,Germany,North Sea; North Atlantic Ocean,Medium,River (Tide Gates),53.333333000000003,7.183333000000000
30900.0,Germany -- 30650,Bremen, ,DE BRE,Germany,North Sea; North Atlantic Ocean,Large,River (Tide Gates),53.133333000000000,8.766667000000000
30840.0,Germany -- 30650,Nordenham, ,DE NHA,Germany,North Sea; North Atlantic Ocean,Small,River (Natural),53.483333000000002,8.483333000000000
30810.0,Germany -- 30650,Bremerhaven, ,DE BRV,Germany,North Sea; North Atlantic Ocean,Large,River (Tide Gates),53.533332999999999,8.583333000000000
30800.0,Germany -- 30650,Cuxhaven, ,DE CUX,Germany,North Sea; North Atlantic Ocean,Medium,River (Basins),53.866667000000000,8.716666999999999
30780.0,Germany -- 30650,Hamburg, ,DE HAM,Germany,North Sea; North Atlantic Ocean,Large,Canal or Lake,53.549999999999997,9.933332999999999
30725.0,Germany -- 30650,Itzehoe, ,DE ITZ,Germany,North Sea; North Atlantic Ocean,Very Small,River (Natural),53.916666999999997,9.516667000000000
30260.0,Jylland -- 30020,Arhus,Aarhus,DK AAR,Denmark,Kattegat; North Atlantic Ocean,Medium,Coastal (Breakwater),56.149999999999999,10.216666999999999
29880.0,Fyn -- 29820,Odense, ,DK ODE,Denmark,Kattegat; North Atlantic Ocean,Small,Canal or Lake,55.416666999999997,10.383333000000000
29670.0,Lolland -- 29650,Bandholm, ,DK BDX,Denmark,Baltic Sea; North Atlantic Ocean,Small,Coastal (Breakwater),54.833333000000003,11.500000000000000
29350.0,Sjaelland -- 29150,Helsingor,Elsingor,DK HLS,Denmark,Baltic Sea; North Atlantic Ocean,Very Small,Coastal (Breakwater),56.033332999999999,12.616667000000000
29005.0,Germany -- 28826,Flensburg, ,DE FLF,Germany,Baltic Sea; North Atlantic Ocean,Small,River (Basins),54.799999999999997,9.433332999999999
27220.0,Sweden Cont -- 24975,Lulea, ,SE LLA,Sweden,Gulf of Bothnia; Baltic Sea; North Atlantic Ocean,Medium,Coastal (Natural),65.583332999999996,22.166667000000000
25590.0,Sweden Cont -- 24975,Gavle,Gefle,SE GVX,Sweden,Gulf of Bothnia; Baltic Sea; North Atlantic Ocean,Small,Coastal (Natural),60.683332999999998,17.166667000000000
25330.0,Sweden Cont -- 24975,Nynashamn, ,SE NYN,Sweden,Baltic Sea; North Atlantic Ocean,Small,Coastal (Natural),58.899999999999999,17.966667000000001
25290.0,Sweden Cont -- 24975,Nykoping, ,SE NYO,Sweden,Baltic Sea; North Atlantic Ocean,Small,River (Basins),58.750000000000000,17.016667000000002
24570.0,Sweden -- 23860,Kalmar, ,SE KLR,Sweden,Baltic Sea; North Atlantic Ocean,Very Small,Coastal (Breakwater),56.666666999999997,16.366667000000000
24460.0,Sweden -- 23860,Karlskrona, ,SE KAA,Sweden,Baltic Sea; North Atlantic Ocean,Very Small,Coastal (Breakwater),56.166666999999997,15.600000000000000
24220.0,Sweden -- 23860,Limhamn, ,SE LIM,Sweden,Baltic Sea; North Atlantic Ocean,Very Small,Coastal (Breakwater),55.591111110999996,12.918333333000000
24210.0,Sweden -- 23860,Malmo, ,SE MMA,Sweden,Baltic Sea; North Atlantic Ocean,Large,Coastal (Breakwater),55.623333332999998,12.984722222000000
24180.0,Sweden -- 23860,Landskrona, ,SE LAA,Sweden,Baltic Sea; North Atlantic Ocean,Small,Coastal (Natural),55.859722222000002,12.826666667000000
24040.0,Sweden -- 23860,Falkenberg, ,SE FAG,Sweden,Kattegat; North Atlantic Ocean,Medium,Coastal (Breakwater),56.881666666999998,12.466111111000000
24020.0,Sweden -- 23860,Goteborg,Gothenburg,SE GOT,Sweden,Kattegat; North Atlantic Ocean,Large,River (Tide Gates),57.709722222000003,11.954722221999999
23840.0,Norway -- 20620,Fredrikstad, ,NO FRK,Norway,Skagerrak; North Atlantic Ocean,Small,River (Natural),59.179166666999997,10.952777778000000
23830.0,Norway -- 20620,Moss, ,NO MSS,Norway,Skagerrak; North Atlantic Ocean,Small,Coastal (Natural),59.440555556000000,10.655277778000000
7380.0,United States E Coast -- 6585,Newport, ,US NPT,United States,North Atlantic Ocean,Small,Coastal (Natural),41.500000000000000,-71.333332999999996
7340.0,United States E Coast -- 6585,Edgartown, ,US ETW,United States,North Atlantic Ocean,Very Small,Coastal (Natural),41.383333000000000,-70.500000000000000
7320.0,United States E Coast -- 6585,Falmouth, ,US FMH,United States,North Atlantic Ocean,Very Small,Coastal (Natural),41.549999999999997,-70.616667000000007
37190.0,France West Coast -- 36450,Bordeaux, ,FR BOD,France,Bay of Biscay; North Atlantic Ocean,Large,River (Tide Gates),44.866667000000000,-0.566667000000000
35810.0,France NW Coast -- 35720,Dieppe, ,FR DPE,France,English Channel; North Atlantic Ocean,Small,Canal or Lake,49.933332999999998,1.083333000000000
35750.0,France NW Coast -- 35720,Calais, ,FR CQF,France,English Channel; North Atlantic Ocean,Small,Coastal (Breakwater),50.966667000000001,1.850000000000000
35740.0,France NW Coast -- 35720,Gravelines, ,FR GRV,France,North Sea; North Atlantic Ocean,Very Small,River (Tide Gates),51.000000000000000,2.116667000000000
35732.0,France NW Coast -- 35720,Dunkerque Port Ouest, ,FR DKK,France,North Sea; North Atlantic Ocean,Medium,Coastal (Tide Gates),51.066667000000002,2.350000000000000
35730.0,France NW Coast -- 35720,Dunkerque Port Est, ,FR DKK,France,North Sea; North Atlantic Ocean,Medium,River (Tide Gates),51.049999999999997,2.383333000000000
35710.0,England South Coast -- 35220,Dover Harbor, ,GB DVR,United Kingdom,English Channel; North Atlantic Ocean,Small,Coastal (Breakwater),51.116667000000000,1.333333000000000
35650.0,England South Coast -- 35220,Newhaven Harbour, ,GB NHV,United Kingdom,English Channel; North Atlantic Ocean,Very Small,River (Natural),50.783332999999999,0.050000000000100
35610.0,England South Coast -- 35220,Littlehampton Harbour, ,GB LIT,United Kingdom,English Channel; North Atlantic Ocean,Very Small,River (Natural),50.783332999999999,-0.533333000000000
35550.0,England South Coast -- 35220,Cowes Harbour, ,GB COW,United Kingdom,English Channel; North Atlantic Ocean,Small,River (Natural),50.766666999999998,-1.300000000000000
35400.0,England South Coast -- 35220,Brixham Harbour, ,GB BRX,United Kingdom,English Channel; North Atlantic Ocean,Very Small,Coastal (Breakwater),50.399999999999999,-3.516667000000000
35390.0,England South Coast -- 35220,Dartmouth Harbour, ,GB DTM,United Kingdom,English Channel; North Atlantic Ocean,Small,River (Natural),50.350000000000001,-3.616667000000000
35340.0,England South Coast -- 35220,Fowey Harbour, ,GB FOY,United Kingdom,English Channel; North Atlantic Ocean,Small,River (Natural),50.333333000000003,-4.633333000000000
35290.0,England South Coast -- 35220,Falmouth Harbour, ,GB FAL,United Kingdom,English Channel; North Atlantic Ocean,Medium,Coastal (Natural),50.149999999999999,-5.066667000000000
35200.0,England SW Coast -- 35030,Hayle, ,GB HAY,United Kingdom,Celtic Sea; North Atlantic Ocean,Very Small,River (Basins),50.183332999999998,-5.416667000000000
35150.0,England SW Coast -- 35030,Bideford, ,GB BID,United Kingdom,Bristol Channel; North Atlantic Ocean,Small,River (Natural),51.033332999999999,-4.200000000000000
35070.0,England SW Coast -- 35030,Bristol, ,GB BRS,United Kingdom,Bristol Channel; North Atlantic Ocean,Medium,River (Tide Gates),51.466667000000001,-2.633333000000000
35060.0,England SW Coast -- 35030,Avonmouth, ,GB AVO,United Kingdom,Bristol Channel; North Atlantic Ocean,Small,River (Tide Gates),51.500000000000000,-2.716667000000000
35010.0,Wales -- 34710,Cardiff, ,GB CDF,United Kingdom,Bristol Channel; North Atlantic Ocean,Medium,Coastal (Tide Gates),51.450000000000003,-3.166667000000000
34990.0,Wales -- 34710,Barry, ,GB BAD,United Kingdom,Bristol Channel; North Atlantic Ocean,Medium,Coastal (Tide Gates),51.399999999999999,-3.266667000000000
34880.0,Wales -- 34710,Milford Haven, ,GB MLF,United Kingdom,Celtic Sea; North Atlantic Ocean,Medium,River (Natural),51.716667000000001,-5.033333000000000
34700.0,England West Coast -- 34580,Manchester, ,GB MNC,United Kingdom,Irish Sea; North Atlantic Ocean,Large,River (Tide Gates),53.483333000000002,-2.266667000000000
34690.0,England West Coast -- 34580,Liverpool, ,GB LIV,United Kingdom,Irish Sea; North Atlantic Ocean,Large,River (Tide Gates),53.416666999999997,-3.000000000000000
34660.0,England West Coast -- 34580,Fleetwood, ,GB FLE,United Kingdom,Irish Sea; North Atlantic Ocean,Small,River (Tide Gates),53.916666999999997,-3.016667000000000
34630.0,England West Coast -- 34580,Barrow In Furness, ,GB BIF,United Kingdom,Irish Sea; North Atlantic Ocean,Medium,Coastal (Tide Gates),54.116667000000000,-3.233333000000000
34160.0,Ireland -- 33840,Fenit, ,IE FEN,Ireland,North Atlantic Ocean,Very Small,Coastal (Natural),52.266666999999998,-9.866667000000000
34060.0,Ireland -- 33840,Galway, ,IE GWY,Ireland,North Atlantic Ocean,Very Small,River (Tide Gates),53.266666999999998,-9.050000000000001
33930.0,Ireland -- 33840,Killybegs, ,IE KBS,Ireland,North Atlantic Ocean,Very Small,Coastal (Natural),54.633333000000000,-8.449999999999999
33830.0,Northern Ireland -- 33630,Londonderry, ,GB LDY,United Kingdom,North Atlantic Ocean,Medium,River (Natural),55.000000000000000,-7.316667000000000
33690.0,Northern Ireland -- 33630,Ardglass, ,GB AGL,United Kingdom,Irish Sea; North Atlantic Ocean,Very Small,Coastal (Natural),54.266666999999998,-5.616667000000000
33610.0,Isle of Man -- 33580,Douglas, ,IM DGS,Isle of Man,Irish Sea; North Atlantic Ocean,Small,Coastal (Breakwater),54.149999999999999,-4.466667000000000
33560.0,Scotland West Coast -- 32790,Ayr, ,GB AYR,United Kingdom,North Atlantic Ocean,Very Small,River (Basins),55.466667000000001,-4.633333000000000
33520.0,Scotland West Coast -- 32790,Millport, ,GB MLP,United Kingdom,North Atlantic Ocean,Small,Coastal (Natural),55.750000000000000,-4.916667000000000
33490.0,Scotland West Coast -- 32790,Glasgow, ,GB GLW,United Kingdom,North Atlantic Ocean,Medium,River (Tide Gates),55.866667000000000,-4.283333000000000
33340.0,Scotland West Coast -- 32790,Ardrishaig, ,GB ASG,United Kingdom,North Atlantic Ocean,Very Small,Coastal (Natural),56.016666999999998,-5.450000000000000
33300.0,Scotland West Coast -- 32790,Campbeltown, ,GB CBT,United Kingdom,North Atlantic Ocean,Small,Coastal (Natural),55.433332999999998,-5.600000000000000
6900.0,United States E Coast -- 6585,Bangor, ,US BGR,United States,North Atlantic Ocean,Small,River (Natural),44.799999999999997,-68.766666999999998
6640.0,United States E Coast -- 6585,Jonesport, ,US JON,United States,North Atlantic Ocean,Very Small,Coastal (Natural),44.533332999999999,-67.616667000000007
6610.0,United States E Coast -- 6585,Lubec, ,US LB2,United States,Bay of Fundy; North Atlantic Ocean,Very Small,Coastal (Natural),44.866667000000000,-66.983333000000002
6410.0,Nova Scotia Cont -- 6070,Liverpool (Brooklyn),Brooklyn,CA BKN,Canada,North Atlantic Ocean,Small,Coastal (Natural),44.033332999999999,-64.650000000000006
6340.0,Nova Scotia Cont -- 6070,Halifax, ,CA HAL,Canada,North Atlantic Ocean,Large,Coastal (Natural),44.649999999999999,-63.583333000000003
5980.0,Cape Breton Island -- 5860,Little Bras D Or, , ,Canada,North Atlantic Ocean,Very Small,Coastal (Natural),46.250000000000000,-60.299999999999997
23750.0,Norway -- 20620,Horten, ,NO HOR,Norway,Skagerrak; North Atlantic Ocean,Medium,Coastal (Natural),59.416666999999997,10.500000000000000
23660.0,Norway -- 20620,Brevik, ,NO BVK,Norway,Skagerrak; North Atlantic Ocean,Small,Coastal (Natural),59.066667000000002,9.699999999999999
19820.0,Alaska -- 19080,Kodiak, ,US ADQ,United States,Gulf of Alaska; North Pacific Ocean,Small,Coastal (Natural),57.783332999999999,-152.400000000000006
19800.0,Alaska -- 19080,Anchorage, ,US ANC,United States,Cook Inlet; Gulf of Alaska; North Pacific Ocean,Small,Coastal (Natural),61.216667000000001,-149.900000000000006
19795.0,Alaska -- 19080,Nikiski, ,US NIK,United States,Cook Inlet; Gulf of Alaska; North Pacific Ocean,Very Small,Coastal (Natural),60.683332999999998,-151.400000000000006
19781.0,Alaska -- 19080,Homer, ,US HOM,United States,Cook Inlet; Gulf of Alaska; North Pacific Ocean,Very Small,Coastal (Natural),59.600000000000001,-151.416666999999990
19640.0,Alaska -- 19080,Cordova, ,US CDV,United States,Gulf of Alaska; North Pacific Ocean,Small,Coastal (Natural),60.549999999999997,-145.766667000000012
19160.0,Alaska -- 19080,Knudson Cove, , ,United States,Alaska-Canada coastal waters; North Pacific Ocean,Very Small,Open Roadstead,55.466667000000001,-131.800000000000011
18923.0,Canada West Coast -- 18080,Kemano Bay, , ,Canada,Alaska-Canada coastal waters; North Pacific Ocean,Very Small,River (Basins),53.483333000000002,-128.133332999999993
18835.0,Canada West Coast -- 18080,Coal Harbor, ,CA CAU,Canada,North Pacific Ocean,Very Small,Coastal (Natural),50.600000000000001,-127.583332999999996
18460.0,Canada West Coast -- 18080,Comox Harbor, ,CA COX,Canada,Alaska-Canada coastal waters; North Pacific Ocean,Small,Coastal (Natural),49.666666999999997,-124.916667000000004
18110.0,Canada West Coast -- 18080,Fraser Mills, ,CA FRR,Canada,Alaska-Canada coastal waters; North Pacific Ocean,Very Small,River (Natural),49.224147221999999,-122.855966667000004
18100.0,Canada West Coast -- 18080,New Westminster, ,CA NWE,Canada,Alaska-Canada coastal waters; North Pacific Ocean,Medium,River (Natural),49.200000000000003,-122.916667000000004
17920.0,United States W Coast -- 16000,Friday Harbor, ,US FRD,United States,Alaska-Canada coastal waters; North Pacific Ocean,Very Small,Coastal (Natural),48.533332999999999,-123.016666999999998
17790.0,United States W Coast -- 16000,Everett,Port Gardner,US PAE,United States,Alaska-Canada coastal waters; North Pacific Ocean,Small,Coastal (Natural),48.000000000000000,-122.216667000000001
17780.0,United States W Coast -- 16000,Mukilteo, ,US MKI,United States,Alaska-Canada coastal waters; North Pacific Ocean,Very Small,Coastal (Natural),47.950000000000003,-122.299999999999997
17760.0,United States W Coast -- 16000,Edwards Point, , ,United States,Alaska-Canada coastal waters; North Pacific Ocean,Very Small,Coastal (Natural),47.799999999999997,-122.400000000000006
28930.0,Germany -- 28826,Kiel, ,DE KEL,Germany,Baltic Sea; North Atlantic Ocean,Large,River (Basins),54.316667000000002,10.133333000000000
28880.0,Germany -- 28826,Lubeck-Travemunde, ,DE TRV,Germany,Baltic Sea; North Atlantic Ocean,Small,River (Natural),53.966667000000001,10.883333000000000
28720.0,Poland -- 28700,Nowy Port,Neufahrwasser,PL NWA,Poland,Baltic Sea; North Atlantic Ocean,Small,Canal or Lake,54.416666999999997,18.666667000000000
28710.0,Poland -- 28700,Gdansk,Danzig,PL GDN,Poland,Baltic Sea; North Atlantic Ocean,Large,Canal or Lake,54.350000000000001,18.666667000000000
28690.0,Russia -- 28670,Kaliningrad,Konigsberg,RU KGD,Russia,Baltic Sea; North Atlantic Ocean,Medium,River (Basins),54.700000000000003,20.483332999999998
28240.0,Finland -- 27380,Hamina,Fredrikshamn,FI HMN,Finland,Gulf of Finland; Baltic Sea; North Atlantic Ocean,Small,Coastal (Natural),60.566667000000002,27.199999999999999
27750.0,Finland -- 27380,Mantyluoto, ,FI MTY,Finland,Gulf of Bothnia; Baltic Sea; North Atlantic Ocean,Medium,Coastal (Breakwater),61.600000000000001,21.483333333000001
27580.0,Finland -- 27380,Nykarleby,Uusikaarlepyy,FI UKP,Finland,Gulf of Bothnia; Baltic Sea; North Atlantic Ocean,Very Small,River (Basins),63.516666999999998,22.533332999999999
17660.0,United States W Coast -- 16000,Olympia, ,US OLM,United States,Alaska-Canada coastal waters; North Pacific Ocean,Small,Coastal (Natural),47.049999999999997,-122.900000000000006
17430.0,United States W Coast -- 16000,Bremerton, ,US PWT,United States,Alaska-Canada coastal waters; North Pacific Ocean,Medium,Coastal (Natural),47.566667000000002,-122.650000000000006
17100.0,United States W Coast -- 16000,Neah Bay, ,US NEB,United States,Alaska-Canada coastal waters; North Pacific Ocean,Very Small,Coastal (Breakwater),48.366667000000000,-124.616667000000007
17090.0,United States W Coast -- 16000,La Push,Lapush, ,United States,North Pacific Ocean,Very Small,River (Natural),47.899999999999999,-124.633332999999993
17060.0,United States W Coast -- 16000,Aberdeen,South Aberdeen,US GHR,United States,North Pacific Ocean,Small,River (Natural),46.983333000000002,-123.816666999999995
17000.0,United States W Coast -- 16000,Nahcotta, , ,United States,North Pacific Ocean,Very Small,Coastal (Natural),46.500000000000000,-124.033332999999999
16900.0,United States W Coast -- 16000,Longview, ,US LOG,United States,North Pacific Ocean,Small,River (Natural),46.133333000000000,-122.933333000000005
16850.0,United States W Coast -- 16000,Astoria, ,US AST,United States,North Pacific Ocean,Small,River (Natural),46.200000000000003,-123.833332999999996
16820.0,United States W Coast -- 16000,Newport, ,US NPO,United States,North Pacific Ocean,Very Small,River (Natural),44.633333000000000,-124.049999999999997
16720.0,United States W Coast -- 16000,Bandon, ,US BDY,United States,North Pacific Ocean,Very Small,River (Natural),43.116667000000000,-124.416667000000004
16700.0,United States W Coast -- 16000,Crescent City, ,US CEC,United States,North Pacific Ocean,Very Small,Coastal (Breakwater),41.750000000000000,-124.200000000000003
16670.0,United States W Coast -- 16000,Eureka, ,US EKA,United States,North Pacific Ocean,Small,Coastal (Natural),40.799999999999997,-124.183333000000005
16660.0,United States W Coast -- 16000,Fields Landing, ,US F5L,United States,North Pacific Ocean,Very Small,Coastal (Natural),40.716667000000001,-124.216667000000001
14660.0,Chile -- 14070,Antofagasta,Mejillones,CL ANF,Chile,South Pacific Ocean,Medium,Coastal (Breakwater),-23.649999999999999,-70.416667000000004
14570.0,Chile -- 14070,Coquimbo, ,CL CQQ,Chile,South Pacific Ocean,Very Small,Coastal (Natural),-29.949999999999999,-71.333332999999996
13780.0,Argentina -- 13310,Mar Del Plata,Puerto Mar Del Plata,AR MDQ,Argentina,South Atlantic Ocean,Small,Coastal (Breakwater),-38.033332999999999,-57.533332999999999
13770.0,Argentina -- 13310,La Plata,Eva Peron,AR LPG,Argentina,Rio de la Plata; South Atlantic Ocean,Medium,River (Basins),-34.833333000000003,-57.883333000000000
13760.0,Argentina -- 13310,Buenos Aires, ,AR BUE,Argentina,Rio de la Plata; South Atlantic Ocean,Large,Coastal (Breakwater),-34.600000000000001,-58.366667000000000
13150.0,Uruguay -- 13090,Nueva Palmira, ,UY NVP,Uruguay,Rio de la Plata; South Atlantic Ocean,Very Small,River (Natural),-33.883333000000000,-58.416666999999997
13040.0,Brazil SE Coast -- 12700,Imbituba, ,BR IBB,Brazil,South Atlantic Ocean,Very Small,Coastal (Natural),-28.233332999999998,-48.666666999999997
21610.0,Norway -- 20620,Harstad, ,NO HRD,Norway,Norwegian Sea; North Atlantic Ocean,Medium,Coastal (Natural),68.799999999999997,16.550000000000001
5750.0,Prince Edward Island -- 5705,Charlottetown, ,CA CHA,Canada,Gulf of Saint Lawrence; North Atlantic Ocean,Small,Coastal (Natural),46.233333000000002,-63.133333000000000
5740.0,Prince Edward Island -- 5705,Georgetown, ,CA GEO,Canada,Gulf of Saint Lawrence; North Atlantic Ocean,Small,River (Natural),46.183332999999998,-62.533332999999999
5480.0,US Lake Superior -- 5230,Grand Marais, ,US GRM,United States,Lake Superior; Great Lakes,Very Small,Coastal (Natural),47.750000000000000,-90.333332999999996
5460.0,US Lake Superior -- 5230,Duluth, ,US DLH,United States,Lake Superior; Great Lakes,Medium,Coastal (Breakwater),46.766666999999998,-92.099999999999994
5410.0,US Lake Superior -- 5230,Bayfield, ,US BFI,United States,Lake Superior; Great Lakes,Very Small,Coastal (Natural),46.799999999999997,-90.816666999999995
5390.0,US Lake Superior -- 5230,Ashland,Chequamegon Bay,US ASX,United States,Lake Superior; Great Lakes,Small,Coastal (Natural),46.600000000000001,-90.866667000000007
5280.0,US Lake Superior -- 5230,Marquette, ,US MQT,United States,Lake Superior; Great Lakes,Small,Coastal (Breakwater),46.533332999999999,-87.383332999999993
5260.0,US Lake Superior -- 5230,Grand Marais, , ,United States,Lake Superior; Great Lakes,Very Small,Coastal (Breakwater),46.683332999999998,-85.966667000000001
5160.0,Canada Lake Superior -- 5120,Michipicoten, ,CA MIH,Canada,Lake Superior; Great Lakes,Very Small,Coastal (Natural),47.966667000000001,-84.900000000000006
4960.0,US Lake Michigan -- 4570,Kaukauna, ,US KAU,United States,Lake Michigan; Great Lakes,Very Small,River (Tide Gates),44.283332999999999,-88.266666999999998
4950.0,US Lake Michigan -- 4570,Depere, , ,United States,Lake Michigan; Great Lakes,Very Small,River (Natural),44.450000000000003,-88.066666999999995
4890.0,US Lake Michigan -- 4570,Manitowoc, ,US MTW,United States,Lake Michigan; Great Lakes,Medium,River (Natural),44.092222221999997,-87.648333332999997
4860.0,US Lake Michigan -- 4570,Milwaukee, ,US MKE,United States,Lake Michigan; Great Lakes,Medium,River (Natural),43.033332999999999,-87.883332999999993
4840.0,US Lake Michigan -- 4570,Kenosha, ,US ENW,United States,Lake Michigan; Great Lakes,Very Small,Coastal (Breakwater),42.583333000000003,-87.816666999999995
4800.0,US Lake Michigan -- 4570,Chicago, ,US CHI,United States,Lake Michigan; Great Lakes,Medium,Coastal (Tide Gates),41.883333000000000,-87.599999999999994
4790.0,US Lake Michigan -- 4570,Calumet Harbor,South Chicago,US CAY,United States,Lake Michigan; Great Lakes,Medium,Coastal (Breakwater),41.733333000000002,-87.516666999999998
4780.0,US Lake Michigan -- 4570,Indiana Harbor,East Chicago,US ECH,United States,Lake Michigan; Great Lakes,Medium,Coastal (Breakwater),41.666666999999997,-87.433333000000005
4760.0,US Lake Michigan -- 4570,Gary, ,US GYY,United States,Lake Michigan; Great Lakes,Medium,Coastal (Breakwater),41.616667000000000,-87.333332999999996
4750.0,US Lake Michigan -- 4570,Michigan City, ,US MGC,United States,Lake Michigan; Great Lakes,Small,Coastal (Breakwater),41.733333000000002,-86.900000000000006
4710.0,US Lake Michigan -- 4570,Holland, ,US HLM,United States,Lake Michigan; Great Lakes,Small,River (Natural),42.783332999999999,-86.133332999999993
4700.0,US Lake Michigan -- 4570,Grand Haven, ,US GHN,United States,Lake Michigan; Great Lakes,Small,River (Natural),43.066667000000002,-86.233333000000002
4690.0,US Lake Michigan -- 4570,Muskegon, ,US MKG,United States,Lake Michigan; Great Lakes,Small,River (Natural),43.233333000000002,-86.266666999999998
4670.0,US Lake Michigan -- 4570,Ludington, ,US LDM,United States,Lake Michigan; Great Lakes,Small,River (Natural),43.950000000000003,-86.450000000000003
4650.0,US Lake Michigan -- 4570,Manistee, ,US MBL,United States,Lake Michigan; Great Lakes,Small,River (Natural),44.250000000000000,-86.316666999999995
4510.0,US Lake Huron -- 4300,Cheboygan, ,US SHG,United States,Lake Huron; Great Lakes,Small,River (Natural),45.649999999999999,-84.466667000000001
20940.0,Norway -- 20620,Bredvik, , ,Norway,Norwegian Sea; North Atlantic Ocean,Very Small,Coastal (Natural),70.583332999999996,22.133333000000000
20650.0,Norway -- 20620,Kirkenes, ,NO KKN,Norway,Barents Sea; Arctic Ocean,Small,Coastal (Natural),69.729722222000007,30.068888889000000
20480.0,Alaska Continued -- 20185,Barrow, ,US BRW,United States,Arctic Ocean,Very Small,Open Roadstead,71.283332999999999,-156.783332999999999
20430.0,Alaska Continued -- 20185,Deering, ,US DRG,United States,Chukchi Sea; Arctic Ocean,Very Small,Open Roadstead,66.083332999999996,-162.733332999999988
20400.0,Alaska Continued -- 20185,Nome, ,US OME,United States,Bering Sea; North Pacific Ocean,Small,Open Roadstead,64.500000000000000,-165.416666999999990
20290.0,Alaska Continued -- 20185,Clarks Point, ,US CLP,United States,Bristol Bay; Bering Sea; North Pacific Ocean,Very Small,Open Roadstead,58.850000000000001,-158.550000000000011
20150.0,Aleutian Islands -- 20095,Constantine Harbor, , ,United States,Bering Sea; North Pacific Ocean,Very Small,Coastal (Natural),51.399999999999999,179.300000000000011
20140.0,Aleutian Islands -- 20095,Adak Naval Air Station, ,US AXK,United States,Bering Sea; North Pacific Ocean,Small,Coastal (Breakwater),51.866667000000000,-176.633332999999993
20120.0,Aleutian Islands -- 20095,Dutch Harbor, ,US DUT,United States,Bering Sea; North Pacific Ocean,Small,Coastal (Natural),53.899999999999999,-166.533332999999999
20080.0,Alaska -- 19080,King Cove, ,US KVC,United States,North Pacific Ocean,Very Small,Coastal (Natural),55.049999999999997,-162.316666999999995
20050.0,Alaska -- 19080,Baralof Bay,Squaw Harbor, ,United States,North Pacific Ocean,Very Small,Coastal (Natural),55.233333000000002,-160.533332999999999
19910.0,Alaska -- 19080,Larsen Bay, ,US KLN,United States,Gulf of Alaska; North Pacific Ocean,Very Small,Coastal (Natural),57.533332999999999,-153.983332999999988
19880.0,Alaska -- 19080,Lazy Bay, , ,United States,North Pacific Ocean,Very Small,Coastal (Natural),56.899999999999999,-154.250000000000000
12690.0,Brazil NE Coast Cont -- 12575,Natal, ,BR NAT,Brazil,South Atlantic Ocean,Small,River (Natural),-5.783333000000000,-35.200000000000003
12500.0,Brazil NE Coast -- 12470,Cameta, ,BR CMA,Brazil,South Atlantic Ocean,Very Small,Typhoon Harbor,-2.250000000000000,-49.500000000000000
12490.0,Brazil NE Coast -- 12470,Belem,Para,BR BEL,Brazil,South Atlantic Ocean,Medium,River (Natural),-1.450000000000000,-48.500000000000000
23550.0,Norway -- 20620,Kristiansand, ,NO KRS,Norway,Skagerrak; North Atlantic Ocean,Small,Coastal (Natural),58.138888889000000,8.012777778000000
23530.0,Norway -- 20620,Mandal, ,NO MAN,Norway,North Sea; North Atlantic Ocean,Very Small,River (Natural),58.016666999999998,7.466667000000000
23490.0,Norway -- 20620,Egersund, ,NO EGE,Norway,North Sea; North Atlantic Ocean,Very Small,River (Natural),58.438611111000000,5.986388889000000
23440.0,Norway -- 20620,Haugesund,Karmsund,NO HAU,Norway,North Sea; North Atlantic Ocean,Small,Coastal (Natural),59.412222221999997,5.253611111000000
23355.0,Norway -- 20620,Husnes, ,NO HUS,Norway,North Sea; North Atlantic Ocean,Very Small,Coastal (Breakwater),59.877499999999998,5.762222222000000
23160.0,Norway -- 20620,Bergen, ,NO BGO,Norway,North Sea; North Atlantic Ocean,Medium,Coastal (Natural),60.402777778000001,5.298611111000000
23130.0,Norway -- 20620,Floro, ,NO FRO,Norway,Norwegian Sea; North Atlantic Ocean,Very Small,Coastal (Breakwater),61.603888888999997,5.030833333000000
23110.0,Norway -- 20620,Molde, ,NO MOL,Norway,Norwegian Sea; North Atlantic Ocean,Small,Coastal (Natural),62.733333000000002,7.166667000000000
23075.0,Norway -- 20620,Muruvik, ,NO MRV,Norway,Norwegian Sea; North Atlantic Ocean,Very Small,Coastal (Natural),63.441388889000002,10.841388888999999
23058.0,Norway -- 20620,Djupviken, , ,Norway,Norwegian Sea; North Atlantic Ocean,Small,Coastal (Natural),63.787777777999999,11.427222221999999
23053.0,Norway -- 20620,Malm, ,NO MLM,Norway,Norwegian Sea; North Atlantic Ocean,Very Small,River (Natural),64.067222221999998,11.227499999999999
23020.0,Norway -- 20620,Berg, ,NO BER,Norway,Norwegian Sea; North Atlantic Ocean,Very Small,Coastal (Natural),65.365277778000006,12.196666667000001
22990.0,Norway -- 20620,Bronnoysund, ,NO BNN,Norway,Norwegian Sea; North Atlantic Ocean,Very Small,Coastal (Natural),65.468055555999996,12.196111111000000
22920.0,Norway -- 20620,Mosjoen, ,NO MJF,Norway,Norwegian Sea; North Atlantic Ocean,Very Small,River (Natural),65.858888888999999,13.170833332999999
22760.0,Norway -- 20620,Mo I Rana, ,NOMQN,Norway,Norwegian Sea; North Atlantic Ocean,Small,Open Roadstead,66.324444443999994,14.122222222000000
22295.0,Norway -- 20620,Lakselv, ,NO LVG,Norway,Norwegian Sea; North Atlantic Ocean,Small,Coastal (Natural),67.357777777999999,15.592222222000000
22290.0,Norway -- 20620,Bodo, ,NO BOO,Norway,Norwegian Sea; North Atlantic Ocean,Very Small,Coastal (Breakwater),67.285555556000006,14.364166666999999
22030.0,Norway -- 20620,Narvik, ,NO NVK,Norway,Norwegian Sea; North Atlantic Ocean,Very Small,Coastal (Breakwater),68.421111111000002,17.402222221999999
8595.0,United States E Coast -- 6585,Canaveral Harbor,Port Canaveral,US PCV,United States,North Atlantic Ocean,Very Small,Coastal (Natural),28.699999999999999,-80.616667000000007
8520.0,United States E Coast -- 6585,Beaufort, ,US BFT,United States,North Atlantic Ocean,Very Small,River (Natural),32.433332999999998,-80.666667000000004
8500.0,United States E Coast -- 6585,Charleston, ,US CHS,United States,North Atlantic Ocean,Small,River (Natural),32.783332999999999,-79.916667000000004
8490.0,United States E Coast -- 6585,Georgetown, ,US GGE,United States,North Atlantic Ocean,Very Small,River (Natural),33.366667000000000,-79.283332999999999
8410.0,United States E Coast -- 6585,New Bern, ,US EWN,United States,North Atlantic Ocean,Very Small,River (Basins),35.100000000000001,-77.049999999999997
8400.0,United States E Coast -- 6585,Bayboro, , ,United States,North Atlantic Ocean,Very Small,River (Natural),35.149999999999999,-76.766666999999998
8380.0,United States E Coast -- 6585,Belhaven, ,US BPV,United States,North Atlantic Ocean,Very Small,River (Natural),35.616667000000000,-76.616667000000007
8370.0,United States E Coast -- 6585,Columbia, ,US CUB,United States,North Atlantic Ocean,Very Small,River (Natural),35.916666999999997,-76.250000000000000
8340.0,United States E Coast -- 6585,Edenton, ,US EDE,United States,North Atlantic Ocean,Very Small,Coastal (Natural),36.049999999999997,-76.616667000000007
4470.0,US Lake Huron -- 4300,Alpena, ,US APN,United States,Lake Huron; Great Lakes,Small,Coastal (Natural),45.066667000000002,-83.416667000000004
4450.0,US Lake Huron -- 4300,Au Sable, , ,United States,Lake Huron; Great Lakes,Very Small,River (Natural),44.399999999999999,-83.316666999999995
4420.0,US Lake Huron -- 4300,Alabaster, ,US LBA,United States,Lake Huron; Great Lakes,Very Small,Open Roadstead,44.183332999999998,-83.549999999999997
4400.0,US Lake Huron -- 4300,Bay City, ,US BCY,United States,Lake Huron; Great Lakes,Small,River (Natural),43.600000000000001,-83.866667000000007
4330.0,US Lake Huron -- 4300,Marine City, , ,United States,Lake Saint Clair; Great Lakes,Very Small,River (Natural),42.716667000000001,-82.500000000000000
4320.0,US Lake Huron -- 4300,Algonac, ,US ALG,United States,Lake Saint Clair; Great Lakes,Very Small,River (Natural),42.616667000000000,-82.516666999999998
4250.0,Canada Lake Huron -- 3640,Desbarats, , ,Canada,Lake Huron; Great Lakes,Very Small,River (Natural),46.333333000000003,-83.916667000000004
4240.0,Canada Lake Huron -- 3640,Hilton,Marksville, ,Canada,Lake Huron; Great Lakes,Very Small,Coastal (Natural),46.250000000000000,-83.883332999999993
4230.0,Canada Lake Huron -- 3640,Bruce Mines, ,CA BCM,Canada,Lake Huron; Great Lakes,Very Small,Coastal (Natural),46.283332999999999,-83.783332999999999
4200.0,Canada Lake Huron -- 3640,Blind River, ,CA BLR,Canada,Lake Huron; Great Lakes,Very Small,Coastal (Natural),46.183332999999998,-82.950000000000003
4180.0,Canada Lake Huron -- 3640,Meldrum Bay, ,CA MDB,Canada,Lake Huron; Great Lakes,Very Small,Coastal (Natural),45.933332999999998,-83.116667000000007
4170.0,Canada Lake Huron -- 3640,Gore Bay, ,CA YZE,Canada,Lake Huron; Great Lakes,Very Small,Coastal (Natural),45.916666999999997,-82.466667000000001
4160.0,Canada Lake Huron -- 3640,Kagawong, , ,Canada,Lake Huron; Great Lakes,Very Small,Coastal (Natural),45.916666999999997,-82.250000000000000
4140.0,Canada Lake Huron -- 3640,Little Current, ,CA LIC,Canada,Lake Huron; Great Lakes,Small,Coastal (Natural),45.983333000000002,-81.933333000000005
4080.0,Canada Lake Huron -- 3640,Killarney,Shebaonaning,CA KLY,Canada,Lake Huron; Great Lakes,Very Small,Coastal (Natural),45.966667000000001,-81.516666999999998
4060.0,Canada Lake Huron -- 3640,Key Harbour, ,CA KHO,Canada,Lake Huron; Great Lakes,Very Small,Coastal (Natural),45.883333000000000,-80.750000000000000
4050.0,Canada Lake Huron -- 3640,Byng Inlet,Britt,CA BTT,Canada,Lake Huron; Great Lakes,Very Small,Coastal (Natural),45.766666999999998,-80.566666999999995
3940.0,Canada Lake Huron -- 3640,Midland, ,CA MID,Canada,Lake Huron; Great Lakes,Small,Coastal (Natural),44.750000000000000,-79.916667000000004
3900.0,Canada Lake Huron -- 3640,Collingwood, ,CA COL,Canada,Lake Huron; Great Lakes,Small,Coastal (Breakwater),44.500000000000000,-80.233333000000002
3880.0,Canada Lake Huron -- 3640,Meaford, ,CA MFD,Canada,Lake Huron; Great Lakes,Very Small,Coastal (Breakwater),44.616667000000000,-80.599999999999994
3730.0,Canada Lake Huron -- 3640,Goderich, ,CA GOH,Canada,Lake Huron; Great Lakes,Small,Coastal (Breakwater),43.750000000000000,-81.733333000000002
3670.0,Canada Lake Huron -- 3640,Courtright, ,CA CRR,Canada,Lake Saint Clair; Great Lakes,Very Small,River (Natural),42.816667000000002,-82.466667000000001
3620.0,US Lake Erie -- 3400,Detroit, ,US DET,United States,Lake Erie; Great Lakes,Large,River (Natural),42.333333000000003,-83.033332999999999
3520.0,US Lake Erie -- 3400,Huron, ,US HUB,United States,Lake Erie; Great Lakes,Small,River (Natural),41.399999999999999,-82.549999999999997
3500.0,US Lake Erie -- 3400,Lorain, ,US LOR,United States,Lake Erie; Great Lakes,Small,River (Natural),41.466667000000001,-82.183333000000005
3470.0,US Lake Erie -- 3400,Ashtabula, ,US ASF,United States,Lake Erie; Great Lakes,Small,River (Basins),41.899999999999999,-80.799999999999997
3460.0,US Lake Erie -- 3400,Conneaut, ,US CDY,United States,Lake Erie; Great Lakes,Small,River (Natural),41.966667000000001,-80.549999999999997
3450.0,US Lake Erie -- 3400,Erie, ,US ERI,United States,Lake Erie; Great Lakes,Small,Coastal (Natural),42.149999999999999,-80.099999999999994
3440.0,US Lake Erie -- 3400,Dunkirk, ,US DKK,United States,Lake Erie; Great Lakes,Very Small,Coastal (Breakwater),42.483333000000002,-79.333332999999996
3430.0,US Lake Erie -- 3400,Buffalo, ,US BUF,United States,Lake Erie; Great Lakes,Large,Coastal (Breakwater),42.883333000000000,-78.883332999999993
3130.0,US Lake Ontario -- 3120,Chaumont, , ,United States,Lake Ontario; Great Lakes,Very Small,Coastal (Natural),44.066667000000002,-76.133332999999993
3050.0,Canada Lake Ontario -- 2820,Hamilton, ,CA HAM,Canada,Lake Ontario; Great Lakes,Medium,Coastal (Natural),43.250000000000000,-79.849999999999994
3030.0,Canada Lake Ontario -- 2820,Bronte, , ,Canada,Lake Ontario; Great Lakes,Very Small,Coastal (Breakwater),43.399999999999999,-79.716667000000001
2930.0,Canada Lake Ontario -- 2820,Belleville, ,CA BLV,Canada,Lake Ontario; Great Lakes,Small,Coastal (Natural),44.149999999999999,-77.400000000000006
2130.0,Canada St Lawrence R -- 1930,Chicoutimi (Port Saguenay),Port Saguenay,CA CHI,Canada,Gulf of Saint Lawrence; North Atlantic Ocean,Small,River (Natural),48.433332999999998,-71.066666999999995
2015.0,Canada St Lawrence R -- 1930,Baie Comeau,Baie Du Moulin,CA BCO,Canada,Gulf of Saint Lawrence; North Atlantic Ocean,Small,River (Natural),49.233333000000002,-68.133332999999993
1990.0,Canada St Lawrence R -- 1930,Matane, ,CA MNE,Canada,Gulf of Saint Lawrence; North Atlantic Ocean,Very Small,River (Natural),48.850000000000001,-67.533332999999999
1830.0,Newfoundland  W Coast -- 1800,Corner Brook, ,CA CBK,Canada,Gulf of Saint Lawrence; North Atlantic Ocean,Small,Coastal (Natural),48.950000000000003,-57.950000000000003
640.0,Greenland  West Coast -- 545,Nuuk,Godthab,GL GOH,Greenland,Labrador Sea; North Atlantic Ocean,Small,Coastal (Natural),64.183333000000005,-51.750000000000000
20000.0,Alaska -- 19080,Kanatak, , ,United States,North Pacific Ocean,Very Small,Open Roadstead,57.566667000000002,-156.033332999999999
5270.0,US Lake Superior -- 5230,Munising, ,US MGS,United States,Lake Superior; Great Lakes,Very Small,Coastal (Natural),46.416666999999997,-86.650000000000006
5320.0,US Lake Superior -- 5230,Baraga, ,US RGA,United States,Lake Superior; Great Lakes,Very Small,Coastal (Natural),46.783332999999999,-88.483333000000002
5520.0,South Side -- 5501,Douglastown, , ,Canada,Gulf of Saint Lawrence; North Atlantic Ocean,Very Small,Open Roadstead,48.766666999999998,-64.383332999999993
21490.0,Norway -- 20620,Finnsnes, ,NO FNE,Norway,Norwegian Sea; North Atlantic Ocean,Very Small,Coastal (Natural),69.233333000000002,17.966667000000001
21660.0,Norway -- 20620,Andenes, ,NO ADN,Norway,Norwegian Sea; North Atlantic Ocean,Very Small,Open Roadstead,69.328333333000003,16.127777777999999
13740.0,Argentina -- 13310,Concepcion Del Uruguay, ,AR COU,Argentina,Rio de la Plata; South Atlantic Ocean,Small,River (Natural),-32.483333000000002,-58.233333000000002
14670.0,Chile -- 14070,Mejillones, ,CL MJS,Chile,South Pacific Ocean,Small,Coastal (Natural),-23.100000000000001,-70.466667000000001
18780.0,Canada West Coast -- 18080,Clayoquot, , ,Canada,North Pacific Ocean,Very Small,Coastal (Natural),49.149999999999999,-125.916667000000004
17050.0,United States W Coast -- 16000,Bay City, , ,United States,North Pacific Ocean,Very Small,River (Natural),46.866667000000000,-124.066666999999995
28615.0,Latvia -- 28600,Lielupe, , ,Latvia,Gulf of Riga; Baltic Sea; North Atlantic Ocean,Very Small,River (Natural),57.000000000000000,23.433333000000001
28900.0,Germany -- 28826,Neustadt, ,DE NGL,Germany,Baltic Sea; North Atlantic Ocean,Very Small,River (Natural),54.100000000000001,10.816667000000001
18140.0,Canada West Coast -- 18080,Mission City, ,CA MIB,Canada,Alaska-Canada coastal waters; North Pacific Ocean,Very Small,River (Natural),49.146388889000001,-122.258611110999993
18630.0,Canada West Coast -- 18080,Lyall Harbor, ,CA YAJ,Canada,Alaska-Canada coastal waters; North Pacific Ocean,Very Small,Coastal (Natural),48.799999999999997,-123.200000000000003
18860.0,Canada West Coast -- 18080,Alert Bay, ,CA AAL,Canada,Alaska-Canada coastal waters; North Pacific Ocean,Very Small,Coastal (Natural),50.583333000000003,-126.933333000000005
18890.0,Canada West Coast -- 18080,Bella Coola, ,CA BLC,Canada,Alaska-Canada coastal waters; North Pacific Ocean,Very Small,Coastal (Natural),52.366667000000000,-126.799999999999997
18925.0,Canada West Coast -- 18080,Kitimat, ,CA KTM,Canada,Alaska-Canada coastal waters; North Pacific Ocean,Small,Coastal (Natural),54.000000000000000,-128.683333000000005
19630.0,Alaska -- 19080,Katalla, , ,United States,Gulf of Alaska; North Pacific Ocean,Very Small,Open Roadstead,60.200000000000003,-144.533332999999999
6630.0,United States E Coast -- 6585,Machias, ,US ACI,United States,North Atlantic Ocean,Very Small,River (Natural),44.716667000000001,-67.466667000000001
33310.0,Scotland West Coast -- 32790,Lamlash Harbor, ,GB LAH,United Kingdom,North Atlantic Ocean,Very Small,Open Roadstead,55.533332999999999,-5.116667000000000
33450.0,Scotland West Coast -- 32790,Bowling, ,GB BOW,United Kingdom,North Atlantic Ocean,Very Small,River (Natural),55.933332999999998,-4.483333000000000
33530.0,Scotland West Coast -- 32790,Ardrossan, ,GB ARD,United Kingdom,North Atlantic Ocean,Small,Coastal (Breakwater),55.649999999999999,-4.816667000000000
34260.0,Ireland -- 33840,Bantry,Bantry Bay Oil Terminal,IE BTH,Ireland,North Atlantic Ocean,Very Small,Coastal (Natural),51.683332999999998,-9.449999999999999
34648.0,England West Coast -- 34580,Garlston, ,GB GIS,United Kingdom,Irish Sea; North Atlantic Ocean,Very Small,River (Tide Gates),53.350000000000001,-2.900000000000000
34780.0,Wales -- 34710,Caernarvon,Carnarvon,GB CNV,United Kingdom,Irish Sea; North Atlantic Ocean,Small,River (Basins),53.149999999999999,-4.266667000000000
35760.0,France NW Coast -- 35720,Boulogne-Sur-Mer, ,FR BOL,France,English Channel; North Atlantic Ocean,Medium,River (Tide Gates),50.733333000000002,1.600000000000000
37170.0,France West Coast -- 36450,Ambes,Bec Dambes,FR AMS,France,Bay of Biscay; North Atlantic Ocean,Small,River (Natural),45.016666999999998,-0.533333000000000
3100.0,Canada Lake Ontario -- 2820,Niagara, ,CA NOL,Canada,Lake Ontario; Great Lakes,Very Small,River (Natural),43.250000000000000,-79.066666999999995
7330.0,United States E Coast -- 6585,Nantucket, ,US ACK,United States,North Atlantic Ocean,Very Small,Coastal (Natural),41.283332999999999,-70.099999999999994
23850.0,Norway -- 20620,Halden, ,NO HAL,Norway,Skagerrak; North Atlantic Ocean,Small,River (Natural),59.116667000000000,11.383333000000000
23950.0,Sweden -- 23860,Brofjorden, ,SE BRO,Sweden,Skagerrak; North Atlantic Ocean,Small,Coastal (Natural),58.360277777999997,11.421111111000000
29180.0,Sjaelland -- 29150,Fakse Ladeplads Havn,Faxe Haven,DK FAK,Denmark,Baltic Sea; North Atlantic Ocean,Very Small,Coastal (Breakwater),55.216667000000001,12.166667000000000
29790.0,Aero -- 29780,Marstal, ,DK MRS,Denmark,Baltic Sea; North Atlantic Ocean,Small,Coastal (Breakwater),54.916666999999997,10.333333000000000
29800.0,Aero -- 29780,Aeroskobing, , ,Denmark,Baltic Sea; North Atlantic Ocean,Very Small,Coastal (Breakwater),54.883333000000000,10.416667000000000
30095.0,Jylland -- 30020,Augustenborg, ,DK AUB,Denmark,Baltic Sea; North Atlantic Ocean,Small,Coastal (Natural),54.950000000000003,9.866667000000000
30100.0,Jylland -- 30020,Abenra,Apenrade,DK AAB,Denmark,Baltic Sea; North Atlantic Ocean,Small,Coastal (Breakwater),55.049999999999997,9.433332999999999
30455.0,Jylland -- 30020,Hanstholm, ,DK HAN,Denmark,North Sea; North Atlantic Ocean,Very Small,Coastal (Breakwater),57.133333000000000,8.600000000000000
30870.0,Germany -- 30650,Oldenburg, ,DE OLO,Germany,North Sea; North Atlantic Ocean,Very Small,River (Natural),53.116667000000000,8.216666999999999
31080.0,Netherlands -- 30980,Hoek Van Holland,Berg Haven; Hook Of Holland,NL HVH,Netherlands,North Sea; North Atlantic Ocean,Very Small,River (Basins),51.950000000000003,4.133333000000000
31668.0,England East Coast -- 31330,New Holland, ,GB NHO,United Kingdom,North Sea; North Atlantic Ocean,Very Small,Open Roadstead,53.700000000000003,-0.366667000000000
31972.0,Scotland East Coast -- 31870,Hound Point Terminal, ,GB HPT,United Kingdom,North Sea; North Atlantic Ocean,Small,Open Roadstead,56.000000000000000,-3.366667000000000
32990.0,Scotland West Coast -- 32790,Lochboisdale, ,GB LBD,United Kingdom,North Atlantic Ocean,Very Small,Coastal (Natural),57.149999999999999,-7.300000000000000
43670.0,Ukraine -- 43620,Mykolayiv, ,UA NLV,Ukraine,Black Sea; North Atlantic Ocean,Small,River (Basins),46.950000000000003,31.983332999999998
43950.0,Ukraine -- 43620,Kyrylivka, , ,Ukraine,Sea of Azov; Black Sea; North Atlantic Ocean,Very Small,Open Roadstead,46.350000000000001,35.366667000000000
48470.0,Iran -- 48410,Bushehr, ,IR BUZ,Iran,Persian Gulf; Indian Ocean,Medium,Coastal (Natural),28.983332999999998,50.833333000000003
48533.0,Iran -- 48410,Bandar Taheri Offshore Terminal, , ,Iran,Persian Gulf; Indian Ocean,Very Small,Coastal (Natural),27.649999999999999,52.350000000000001
48550.0,Iran -- 48410,Chah Bahar,Chabahar,IR ZBR,Iran,Gulf of Oman; Indian Ocean,Very Small,Coastal (Natural),25.266667000000002,60.616667000000000
50340.0,Indonesia -- 50020,Ardjuna Oil Field, ,ID AJN,Indonesia,Java Sea; South Pacific Ocean,Very Small,Open Roadstead,-5.883333000000000,107.716667000000001
44350.0,Georgia -- 44275,Batumi, ,GE BUS,Georgia,Black Sea; North Atlantic Ocean,Small,Coastal (Breakwater),41.649999999999999,41.649999999999999
44620.0,Turkey Asia -- 44360,Izmit,Ismid,TR IZT,Turkey,Sea of Marmara; Mediterranean Sea; North Atlantic Ocean,Small,Coastal (Natural),40.766666999999998,29.916667000000000
45323.0,Libya -- 45200,Khoms, ,LY KHM,Libya,Mediterranean Sea; North Atlantic Ocean,Very Small,Coastal (Natural),32.666666999999997,14.250000000000000
56300.0,Hawaiian Islands -- 56050,Nawiliwili Bay, ,US NIJ,United States,North Pacific Ocean,Small,Coastal (Breakwater),21.949999999999999,-159.349999999999994
56730.0,Bismarck Archipelago -- 56700,Lorengau,Rengau,PG LOR,Papua New Guinea,South Pacific Ocean,Very Small,Open Roadstead,-2.016667000000000,147.266667000000012
56855.0,Bismarck Archipelago -- 56700,Kieta, ,PG KIE,Papua New Guinea,South Pacific Ocean,Small,Coastal (Natural),-6.216667000000000,155.633332999999993
57200.0,Vanuatu -- 57160,Luganville,Santo,VU LUG,Vanuatu,South Pacific Ocean,Small,Coastal (Natural),-15.516667000000000,167.166666999999990
52523.0,Pulau Batcan -- 52520,Labuha,Laboeha,ID LAH,Indonesia,Molucca Sea; South Pacific Ocean,Very Small,Open Roadstead,-0.633333000000000,127.466667000000001
53520.0,Australia -- 53290,Ballina, ,AU BNK,Australia,Tasman Sea; South Pacific Ocean,Small,River (Natural),-28.866667000000000,153.566666999999995
56130.0,Hawaiian Islands -- 56050,Napoopoo, , ,United States,North Pacific Ocean,Very Small,Coastal (Natural),19.483332999999998,-155.933333000000005
56170.0,Hawaiian Islands -- 56050,Mahukona, , ,United States,North Pacific Ocean,Very Small,Coastal (Natural),20.183333000000001,-155.900000000000006
56270.0,United States -- 56045,Barbers Point Terminal, , ,United States,North Pacific Ocean,Very Small,Open Roadstead,21.266667000000002,-158.099999999999994
310.0,Iceland  North Coast -- 200,Akureyri,Krossanes,IS AKU,Iceland,Greenland Sea; Arctic Ocean,Very Small,Coastal (Natural),65.683333000000005,-18.083333000000000
320.0,Iceland  North Coast -- 200,Husavik, ,IS HUS,Iceland,Greenland Sea; Arctic Ocean,Very Small,Coastal (Natural),66.033332999999999,-17.333333000000000
430.0,Iceland  East Coast -- 360,Eskifjordhur,Eske Fsord,IS ESK,Iceland,North Atlantic Ocean,Very Small,Coastal (Natural),65.066666999999995,-14.016667000000000
450.0,Iceland  East Coast -- 360,Budir,Budhir,IS FAS,Iceland,North Atlantic Ocean,Very Small,Coastal (Natural),64.933333000000005,-14.016667000000000
480.0,Iceland  East Coast -- 360,Hornafjordur,Hofn,IS HFN,Iceland,North Atlantic Ocean,Very Small,Coastal (Natural),64.250000000000000,-15.233333000000000
560.0,Greenland  West Coast -- 545,Nanortalik Havn,Nanortalik,GL JNN,Greenland,Labrador Sea; North Atlantic Ocean,Very Small,Coastal (Natural),60.116667000000000,-45.200000000000003
590.0,Greenland  West Coast -- 545,Narsarssuaq,Narssarssuaq,GL UAK,Greenland,Labrador Sea; North Atlantic Ocean,Very Small,Coastal (Natural),61.149999999999999,-45.433332999999998
670.0,Greenland  West Coast -- 545,Maniitsoq,Manitsok; Sukkertoppen,GL JSU,Greenland,Labrador Sea; North Atlantic Ocean,Very Small,Coastal (Natural),65.416667000000004,-52.916666999999997
2310.0,Ottawa River -- 2270,Oka Sur Le Lac, ,CA OKA,Canada,Lake Ontario; Great Lakes,Very Small,River (Natural),45.466667000000001,-74.083332999999996
2420.0,Ottawa River -- 2270,Montebello, ,CA MBO,Canada,Lake Ontario; Great Lakes,Very Small,River (Natural),45.649999999999999,-74.933333000000005
2510.0,Ottawa River -- 2270,Gatineau,Pointe Gatineau,CA GAT,Canada,Lake Ontario; Great Lakes,Very Small,River (Natural),45.483333000000002,-75.650000000000006
2530.0,Ottawa River -- 2270,Hull, ,CA HUL,Canada,Lake Ontario; Great Lakes,Very Small,River (Natural),45.433332999999998,-75.700000000000003
2960.0,Canada Lake Ontario -- 2820,Cobourg, ,CA CBG,Canada,Lake Ontario; Great Lakes,Small,Coastal (Breakwater),43.950000000000003,-78.166667000000004
3015.0,Canada Lake Ontario -- 2820,Clarkson,Clarkson Harbor,CA CSN,Canada,Lake Ontario; Great Lakes,Very Small,Open Roadstead,43.500000000000000,-79.599999999999994
3790.0,Canada Lake Huron -- 3640,Lions Head, , ,Canada,Lake Huron; Great Lakes,Very Small,Coastal (Breakwater),44.983333000000002,-81.250000000000000
4150.0,Canada Lake Huron -- 3640,Honora, , ,Canada,Lake Huron; Great Lakes,Very Small,Coastal (Natural),45.866667000000000,-82.166667000000004
4210.0,Canada Lake Huron -- 3640,Cockburn, ,BSCBT,Canada,Lake Huron; Great Lakes,Very Small,Coastal (Natural),45.950000000000003,-83.316666999999995
280.0,Iceland  North Coast -- 200,Dalvik, ,IS DAL,Iceland,Greenland Sea; Arctic Ocean,Very Small,Coastal (Breakwater),65.983333000000002,-18.516667000000002
420.0,Iceland  East Coast -- 360,Neskaupstadur,Neseyri; Nordfjordur,IS NES,Iceland,Norwegian Sea; North Atlantic Ocean,Very Small,Coastal (Natural),65.150000000000006,-13.683332999999999
1600.0,Newfoundland  E Coast -- 1410,Catalina Harbor, ,CA CAT,Canada,North Atlantic Ocean,Small,Coastal (Natural),48.516111111000001,-53.070555556000002
1715.0,Newfoundland S Coast -- 1680,Come By Chance Harbor, ,CA CBC,Canada,North Atlantic Ocean,Small,Open Roadstead,47.799999999999997,-54.016666999999998
1890.0,North Side -- 1871,Havre St Pierre, ,CA HSP,Canada,Gulf of Saint Lawrence; North Atlantic Ocean,Very Small,Coastal (Natural),50.233333000000002,-63.600000000000001
2380.0,Ottawa River -- 2270,Grenville, ,CA GRZ,Canada,Lake Ontario; Great Lakes,Very Small,River (Natural),45.633333000000000,-74.599999999999994
2320.0,Ottawa River -- 2270,Hudson, ,CA HUD,Canada,Lake Ontario; Great Lakes,Very Small,River (Natural),45.466667000000001,-74.133332999999993
4490.0,US Lake Huron -- 4300,Calcite, ,US MI3,United States,Lake Huron; Great Lakes,Very Small,Coastal (Breakwater),45.416666999999997,-83.783332999999999
21880.0,Norway -- 20620,Henningsvaer, ,NO HEN,Norway,Norwegian Sea; North Atlantic Ocean,Very Small,Open Roadstead,68.153611111000004,14.212777778000000
23080.0,Norway -- 20620,Hommelvik, ,NO HOK,Norway,Norwegian Sea; North Atlantic Ocean,Very Small,Coastal (Natural),63.416666999999997,10.800000000000001
23180.0,Norway -- 20620,Brattholmen, ,NO NZG,Norway,North Sea; North Atlantic Ocean,Very Small,Coastal (Natural),60.348611110999997,5.177500000000000
23240.0,Norway -- 20620,Odda, ,NO ODD,Norway,North Sea; North Atlantic Ocean,Very Small,River (Basins),60.096944444000002,6.541111111000000
23300.0,Norway -- 20620,Meling, , ,Norway,North Sea; North Atlantic Ocean,Very Small,Coastal (Natural),59.783332999999999,5.116667000000000
23465.0,Norway -- 20620,Akrahamn, ,NO AKM,Norway,North Sea; North Atlantic Ocean,Very Small,Coastal (Breakwater),59.266666999999998,5.183333000000000
21920.0,Norway -- 20620,Brettesnes, ,NO BTS,Norway,Norwegian Sea; North Atlantic Ocean,Very Small,Coastal (Natural),68.233333000000002,14.850000000000000
22120.0,Norway -- 20620,Drag, ,NO DRG,Norway,Norwegian Sea; North Atlantic Ocean,Very Small,Coastal (Natural),68.049999999999997,16.083333000000000
22320.0,Norway -- 20620,Fauske, ,NO FAU,Norway,Norwegian Sea; North Atlantic Ocean,Very Small,Coastal (Natural),67.250000000000000,15.398888889000000
22790.0,Norway -- 20620,Hemnesberget, ,NO HNE,Norway,Norwegian Sea; North Atlantic Ocean,Very Small,Coastal (Natural),66.233333000000002,13.616667000000000
23050.0,Norway -- 20620,Namsos, ,NO OSY,Norway,Norwegian Sea; North Atlantic Ocean,Small,Coastal (Natural),64.458333332999999,11.509444444000000
23100.0,Norway -- 20620,Kristiansund, ,NO KSU,Norway,Norwegian Sea; North Atlantic Ocean,Small,Coastal (Natural),63.113888889000002,7.738611111000000
23107.0,Norway -- 20620,Bud, , ,Norway,Norwegian Sea; North Atlantic Ocean,Very Small,Coastal (Breakwater),62.899999999999999,6.916667000000000
23108.0,Norway -- 20620,Haroysund, ,NO HRS,Norway,Norwegian Sea; North Atlantic Ocean,Small,Coastal (Natural),62.891111111000001,6.958055556000000
23111.0,Norway -- 20620,Andalsnes, ,NO AND,Norway,Norwegian Sea; North Atlantic Ocean,Very Small,Coastal (Natural),62.568055555999997,7.677222222000000
23112.0,Norway -- 20620,Hareid, ,NO HRI,Norway,Norwegian Sea; North Atlantic Ocean,Very Small,Coastal (Breakwater),62.372222221999998,6.035555556000000
23115.0,Norway -- 20620,Moldtustranda, ,NO MLT,Norway,Norwegian Sea; North Atlantic Ocean,Very Small,Coastal (Natural),62.299999999999997,5.650000000000000
23120.0,Norway -- 20620,Alesund,Aalesund,NO AES,Norway,Norwegian Sea; North Atlantic Ocean,Small,Coastal (Breakwater),62.466667000000001,6.166667000000000
23125.0,Norway -- 20620,Maloy,Maaloy,NO MAY,Norway,Norwegian Sea; North Atlantic Ocean,Small,Coastal (Natural),61.933332999999998,5.116667000000000
23136.0,Norway -- 20620,Ardalstangen, ,NO ARD,Norway,Norwegian Sea; North Atlantic Ocean,Very Small,River (Natural),61.232777777999999,7.698611111000000
23138.0,Norway -- 20620,Mongstad, ,NO MON,Norway,North Sea; North Atlantic Ocean,Medium,Open Roadstead,60.830833333000001,5.036666667000000
23451.0,Norway -- 20620,Karsto, ,NO KAR,Norway,North Sea; North Atlantic Ocean,Medium,Open Roadstead,59.266666999999998,5.516667000000000
23455.0,Norway -- 20620,Espevaer, , ,Norway,North Sea; North Atlantic Ocean,Very Small,Coastal (Natural),59.583333000000003,5.150000000000000
23505.0,Norway -- 20620,Kirkehamn,Kirkjehamn,NO KIR,Norway,North Sea; North Atlantic Ocean,Very Small,Coastal (Breakwater),58.231388889000002,6.527222222000000
23510.0,Norway -- 20620,Flekkefjorden, ,NO FFD,Norway,North Sea; North Atlantic Ocean,Small,River (Basins),58.264166666999998,6.655277778000000
12455.0,French Guiana -- 12440,Degrad Des Cannes, ,GF DDC,French Guiana,North Atlantic Ocean,Very Small,River (Natural),4.850000000000000,-52.266666999999998
19970.0,Alaska -- 19080,Bear Island, , ,United States,Gulf of Alaska; North Pacific Ocean,Very Small,Coastal (Natural),58.450000000000003,-152.683333000000005
20010.0,Alaska -- 19080,Chignik, ,US KCL,United States,North Pacific Ocean,Very Small,Coastal (Natural),56.299999999999997,-158.400000000000006
20020.0,Alaska -- 19080,Ivanof Bay, ,US KIB,United States,North Pacific Ocean,Very Small,Coastal (Natural),55.799999999999997,-159.466667000000001
20085.0,Alaska -- 19080,Cold Bay, ,US CDB,United States,North Pacific Ocean,Very Small,Coastal (Natural),55.200000000000003,-162.699999999999989
20097.0,Aleutian Islands -- 20095,Akutan Harbor, ,US KQA,United States,Bering Sea; North Pacific Ocean,Very Small,Coastal (Natural),54.133333000000000,-165.800000000000011
20100.0,Aleutian Islands -- 20095,Cannery Bay, , ,United States,Bering Sea; North Pacific Ocean,Very Small,Coastal (Natural),53.700000000000003,-166.750000000000000
20110.0,Aleutian Islands -- 20095,Makushin, , ,United States,Bering Sea; North Pacific Ocean,Very Small,Open Roadstead,53.766666999999998,-166.983332999999988
20160.0,Aleutian Islands -- 20095,Kiska, ,US KIS,United States,Bering Sea; North Pacific Ocean,Very Small,Coastal (Natural),51.966667000000001,177.550000000000011
20250.0,Alaska Continued -- 20185,Naknek, ,US NNK,United States,Bristol Bay; Bering Sea; North Pacific Ocean,Very Small,Coastal (Natural),58.716667000000001,-157.016667000000012
20270.0,Alaska Continued -- 20185,Koggiung, , ,United States,Bristol Bay; Bering Sea; North Pacific Ocean,Very Small,Coastal (Natural),58.966667000000001,-156.916666999999990
20280.0,Alaska Continued -- 20185,Ekuk, ,US KKU,United States,Bristol Bay; Bering Sea; North Pacific Ocean,Very Small,Open Roadstead,58.816667000000002,-158.566666999999995
20300.0,Alaska Continued -- 20185,Dillingham, ,US DLG,United States,Bristol Bay; Bering Sea; North Pacific Ocean,Very Small,Coastal (Natural),59.033332999999999,-158.483332999999988
20340.0,Alaska Continued -- 20185,Kotlik, ,US KOT,United States,Bering Sea; North Pacific Ocean,Very Small,River (Natural),63.033332999999999,-163.550000000000011
20350.0,Alaska Continued -- 20185,Hamilton, , ,United States,Bering Sea; North Pacific Ocean,Very Small,River (Natural),62.899999999999999,-163.916666999999990
20450.0,Alaska Continued -- 20185,Kotzebue, ,US OTZ,United States,Chukchi Sea; Arctic Ocean,Very Small,Coastal (Natural),66.916667000000004,-162.583333000000010
20486.0,Alaska Continued -- 20185,Bernard Harbor, , ,United States,Beaufort Sea; Arctic Ocean,Very Small,Open Roadstead,70.133332999999993,-143.633332999999993
20560.0,Svalbard -- 20540,Barentsburg, ,SJ BAR,Svalbard,Greenland Sea; Arctic Ocean,Very Small,Coastal (Natural),78.059444443999993,14.202222222000000
20710.0,Norway -- 20620,Berlevag, ,NO BVG,Norway,Barents Sea; Arctic Ocean,Very Small,Open Roadstead,70.861666666999994,29.111944443999999
20740.0,Norway -- 20620,Kjollefjorden, ,NO KJF,Norway,Barents Sea; Arctic Ocean,Very Small,Coastal (Natural),70.950000000000003,27.333333000000000
21120.0,Norway -- 20620,Oksfjord, ,NO OKF,Norway,Norwegian Sea; North Atlantic Ocean,Very Small,Coastal (Natural),70.233333000000002,22.350000000000001
21380.0,Norway -- 20620,Gibostad, ,NO GBD,Norway,Norwegian Sea; North Atlantic Ocean,Very Small,Coastal (Natural),69.356111111000004,18.081944444000001
4820.0,US Lake Michigan -- 4570,Great Lakes, ,US GRL,United States,Lake Michigan; Great Lakes,Very Small,Coastal (Breakwater),42.299999999999997,-87.833332999999996
5130.0,Canada Lake Superior -- 5120,Goulais Bay, ,CA 345,Canada,Lake Superior; Great Lakes,Very Small,Coastal (Natural),46.733333000000002,-84.500000000000000
5150.0,Canada Lake Superior -- 5120,Gargantua, , ,Canada,Lake Superior; Great Lakes,Very Small,Coastal (Natural),47.566667000000002,-84.966667000000001
29720.0,Lolland -- 29650,Nysted, ,DK NTD,Denmark,Baltic Sea; North Atlantic Ocean,Very Small,Coastal (Breakwater),54.666666999999997,11.733333000000000
29860.0,Fyn -- 29820,Nyborg, ,DK NBG,Denmark,Baltic Sea; North Atlantic Ocean,Small,Coastal (Breakwater),55.316667000000002,10.800000000000001
29910.0,Fyn -- 29820,Middelfart, ,DK MID,Denmark,Kattegat; North Atlantic Ocean,Small,Coastal (Breakwater),55.500000000000000,9.733333000000000
29930.0,Fyn -- 29820,Assens, ,DK ASN,Denmark,Baltic Sea; North Atlantic Ocean,Small,Coastal (Breakwater),55.266666999999998,9.883333000000000
30105.0,Jylland -- 30020,Ensted, ,DK ENS,Denmark,Baltic Sea; North Atlantic Ocean,Very Small,Open Roadstead,55.016666999999998,9.433332999999999
30160.0,Jylland -- 30020,Kolding, ,DK KOL,Denmark,Kattegat; North Atlantic Ocean,Small,River (Basins),55.483333000000002,9.500000000000000
30340.0,Jylland -- 30020,Hadsund, ,DK HSU,Denmark,Kattegat; North Atlantic Ocean,Very Small,Coastal (Natural),56.716667000000001,10.116667000000000
30350.0,Jylland -- 30020,Mariager, ,DK MRR,Denmark,Kattegat; North Atlantic Ocean,Very Small,Coastal (Natural),56.649999999999999,9.983333000000000
30360.0,Jylland -- 30020,Hobro, ,DK HBO,Denmark,Kattegat; North Atlantic Ocean,Very Small,River (Natural),56.633333000000000,9.800000000000001
30380.0,Jylland -- 30020,Hals, ,DK HAS,Denmark,Kattegat; North Atlantic Ocean,Very Small,River (Natural),56.983333000000002,10.316667000000001
32330.0,Scotland East Coast -- 31870,Inverness, ,GB INV,United Kingdom,North Sea; North Atlantic Ocean,Small,River (Natural),57.483333000000002,-4.233333000000000
30430.0,Jylland -- 30020,Frederikshavn, ,DK FDH,Denmark,Kattegat; North Atlantic Ocean,Small,Coastal (Breakwater),57.433332999999998,10.550000000000001
30480.0,Jylland -- 30020,Lemvig, ,DK LVG,Denmark,Kattegat; North Atlantic Ocean,Very Small,Coastal (Breakwater),56.583333000000003,8.283333000000001
30500.0,Jylland -- 30020,Holstebro-Stuer, ,DK HSB,Denmark,Kattegat; North Atlantic Ocean,Small,Coastal (Breakwater),56.500000000000000,8.583333000000000
42760.0,Aegean Islands -- 42640,Mitilini, ,GR MJT,Greece,Aegean Sea; Mediterranean Sea; North Atlantic Ocean,Small,Coastal (Breakwater),39.100000000000001,26.566666999999999
30710.0,Germany -- 30650,Brunsbuttel Elbahafen, ,DE BRB,Germany,North Sea; North Atlantic Ocean,Very Small,River (Natural),53.883333000000000,9.166667000000000
30720.0,Germany -- 30650,Brunsbuttel Canal Terminals, ,DE BRB,Germany,North Sea; North Atlantic Ocean,Small,Canal or Lake,53.899999999999999,9.150000000000000
30740.0,Germany -- 30650,Neuhaus, ,DE NEH,Germany,North Sea; North Atlantic Ocean,Very Small,River (Natural),53.799999999999997,9.033333000000001
30760.0,Germany -- 30650,Gluckstadt, ,DE GLU,Germany,North Sea; North Atlantic Ocean,Small,Coastal (Tide Gates),53.783332999999999,9.416667000000000
30785.0,Germany -- 30650,Butzfleth, ,DE BUZ,Germany,North Sea; North Atlantic Ocean,Small,Open Roadstead,53.649999999999999,9.516667000000000
30985.0,Netherlands -- 30980,Eemshaven, ,NL EEM,Netherlands,North Sea; North Atlantic Ocean,Small,River (Basins),53.450000000000003,6.833333000000000
31085.0,Netherlands -- 30980,Europoort, ,NL EUR,Netherlands,North Sea; North Atlantic Ocean,Medium,Canal or Lake,51.950000000000003,4.116667000000000
31100.0,Netherlands -- 30980,Maassluis,Massluis,NL MSL,Netherlands,North Sea; North Atlantic Ocean,Very Small,Canal or Lake,51.916666999999997,4.250000000000000
31375.0,England East Coast -- 31330,Isle Of Grain, ,GB IOG,United Kingdom,North Sea; North Atlantic Ocean,Small,Coastal (Natural),51.433332999999998,0.700000000000000
31470.0,England East Coast -- 31330,London, ,GB LON,United Kingdom,North Sea; North Atlantic Ocean,Large,River (Basins),51.500000000000000,-0.083332999999900
31630.0,England East Coast -- 31330,Boston, ,GB BOS,United Kingdom,North Sea; North Atlantic Ocean,Small,River (Tide Gates),52.966667000000001,-0.016666999999900
31940.0,Scotland East Coast -- 31870,Granton, ,GB GRN,United Kingdom,North Sea; North Atlantic Ocean,Very Small,Coastal (Breakwater),55.983333000000002,-3.216667000000000
31945.0,Scotland East Coast -- 31870,Braefoot Bay Terminal, ,GB BFB,United Kingdom,North Sea; North Atlantic Ocean,Small,Open Roadstead,56.033332999999999,-3.316667000000000
32030.0,Scotland East Coast -- 31870,Burntisland, ,GB BTL,United Kingdom,North Sea; North Atlantic Ocean,Small,Coastal (Tide Gates),56.049999999999997,-3.233333000000000
32070.0,Scotland East Coast -- 31870,Methil, ,GB MTH,United Kingdom,North Sea; North Atlantic Ocean,Small,Coastal (Tide Gates),56.183332999999998,-3.000000000000000
32250.0,Scotland East Coast -- 31870,Macduff, ,GB MCD,United Kingdom,North Sea; North Atlantic Ocean,Very Small,Coastal (Breakwater),57.666666999999997,-2.500000000000000
32300.0,Scotland East Coast -- 31870,Lossiemouth, ,GB LSS,United Kingdom,North Sea; North Atlantic Ocean,Very Small,Coastal (Breakwater),57.716667000000001,-3.283333000000000
32340.0,Scotland East Coast -- 31870,Cromarty, ,GB CRN,United Kingdom,North Sea; North Atlantic Ocean,Small,Coastal (Breakwater),57.683332999999998,-4.033333000000000
32350.0,Scotland East Coast -- 31870,Invergordon, ,GB IVG,United Kingdom,North Sea; North Atlantic Ocean,Small,Open Roadstead,57.683332999999998,-4.166667000000000
32370.0,Scotland East Coast -- 31870,Helmsdale Harbor, ,GB HMA,United Kingdom,North Sea; North Atlantic Ocean,Small,Coastal (Breakwater),58.116667000000000,-3.650000000000000
32700.0,Faroe Islands -- 32660,Kongshavn, , ,Faroe Islands,Norwegian Sea; North Atlantic Ocean,Very Small,Coastal (Breakwater),62.116667000000000,-6.733333000000000
32740.0,Faroe Islands -- 32660,Fuglafjordur,Fuglefjord,FO FUG,Faroe Islands,Norwegian Sea; North Atlantic Ocean,Very Small,Coastal (Natural),62.250000000000000,-6.800000000000000
32980.0,Scotland West Coast -- 32790,Castle Bay, ,GB CBA,United Kingdom,North Atlantic Ocean,Very Small,Coastal (Natural),56.950000000000003,-7.483333000000000
59380.0,Philippine Islands -- 57960,Hinatuan, ,PH HNT,Philippines,Bohol Sea; Philippine inland seas; North Pacific Ocean,Very Small,Coastal (Natural),8.366667000000000,126.333332999999996
40830.0,Italy East Coast -- 40390,Muggia, ,IT UGG,Italy,Adriatic Sea; Mediterranean Sea; North Atlantic Ocean,Very Small,Coastal (Breakwater),45.600000000000001,13.766667000000000
43388.0,Turkey Europe -- 43325,Ambarli, ,TR AMR,Turkey,Sea of Marmara; Mediterranean Sea; North Atlantic Ocean,Very Small,Coastal (Natural),40.966667000000001,28.699999999999999
43435.0,Turkey Europe -- 43325,Istinye,Istenieh,TR ITY,Turkey,Sea of Marmara; Mediterranean Sea; North Atlantic Ocean,Very Small,Coastal (Natural),41.116667000000000,29.050000000000001
43566.0,Romania -- 43540,Cernavoda, ,RO CEV,Romania,Black Sea; North Atlantic Ocean,Very Small,River (Natural),44.333333000000003,28.050000000000001
43677.0,Ukraine -- 43620,Dnipro-Buzkyy, , ,Ukraine,Black Sea; North Atlantic Ocean,Small,Coastal (Breakwater),46.733333000000002,31.883333000000000
43720.0,Ukraine -- 43620,Khorly, , ,Ukraine,Black Sea; North Atlantic Ocean,Very Small,Coastal (Natural),46.083333000000003,33.283332999999999
43940.0,Ukraine -- 43620,Henichesk, , ,Ukraine,Sea of Azov; Black Sea; North Atlantic Ocean,Very Small,Coastal (Natural),46.166666999999997,34.816667000000002
56835.0,Bismarck Archipelago -- 56700,Kimbe, ,PG KIM,Papua New Guinea,Bismarck Sea; South Pacific Ocean,Very Small,Coastal (Natural),-5.133333000000000,150.533332999999999
44162.0,Russia -- 44030,Kavkaz Oil Terminal, ,RU KZP,Russia,Sea of Azov; Black Sea; North Atlantic Ocean,Very Small,Open Roadstead,45.333333000000003,36.649999999999999
44180.0,Russia -- 44030,Anapa, ,RU AAQ,Russia,Black Sea; North Atlantic Ocean,Very Small,Open Roadstead,44.883333000000000,37.316667000000002
48464.0,Iran -- 48410,Barkan Oil-loading Terminal,Bahregan Oil Center, ,Iran,Persian Gulf; Indian Ocean,Very Small,Open Roadstead,29.733332999999998,50.166666999999997
48635.0,India West Coast -- 48610,Navlakhi, ,IN NAV,India,Arabian Sea; Indian Ocean,Very Small,Open Roadstead,22.956388888999999,70.447583332999997
49580.0,Bangladesh -- 49570,Mongla,Chalna Bazar,BD MGL,Bangladesh,Bay of Bengal; Indian Ocean,Small,River (Natural),22.466667000000001,89.599999999999994
50740.0,Sumatera -- 50515,Kuala Kapus, ,ID KKA,Indonesia,South China Sea; North Pacific Ocean,Very Small,Open Roadstead,3.000000000000000,114.366667000000007
50785.0,Sumatera -- 50515,Dumai,Doemai,ID DUM,Indonesia,Strait of Malacca; Indian Ocean,Medium,River (Natural),1.683333000000000,101.450000000000003
51010.0,Jawa -- 50920,Cirebon, ,ID CBN,Indonesia,Java Sea; South Pacific Ocean,Very Small,Coastal (Breakwater),-6.716667000000000,108.566666999999995
51220.0,Jawa -- 50920,Cilacap,Tjilatjap,ID CXP,Indonesia,Indian Ocean,Large,Coastal (Natural),-7.733333000000000,109.000000000000000
51290.0,Lesser Sunda Islands -- 51250,Labuhanhaji,Labuan Hadji, ,Indonesia,Indian Ocean,Very Small,Open Roadstead,-8.699999999999999,116.566666999999995
51320.0,Lesser Sunda Islands -- 51250,Maumere, ,ID MOF,Indonesia,Flores Sea; Java Sea; South Pacific Ocean,Very Small,Open Roadstead,-8.616667000000000,122.216667000000001
56840.0,Bismarck Archipelago -- 56700,Bialla, ,PG BAA,Papua New Guinea,Bismarck Sea; South Pacific Ocean,Very Small,Coastal (Natural),-5.300000000000000,150.983332999999988
57642.0,Vietnam -- 57510,Dai Hang, , ,Vietnam,South China Sea; North Pacific Ocean,Very Small,Open Roadstead,8.483333000000000,108.683333000000005
47974.0,Egypt Red Sea -- 47950,Hamrawein, ,EG HAM,Egypt,Red Sea; Indian Ocean,Very Small,Open Roadstead,26.250000000000000,34.200000000000003
51850.0,Indonesia - Borneo -- 51760,Gunung Batu Besar, ,ID BTH,Indonesia,Makassar Strait; South Pacific Ocean,Very Small,River (Natural),-2.616667000000000,116.299999999999997
52040.0,Sulawesi -- 51970,Manado, ,ID MDC,Indonesia,Celebes Sea; North Pacific Ocean,Small,Coastal (Natural),1.500000000000000,124.833332999999996
52090.0,Sulawesi -- 51970,Gorontalo, ,ID GTO,Indonesia,Teluk Tomini; Molucca Sea; South Pacific Ocean,Very Small,Open Roadstead,0.500000000000000,123.049999999999997
52760.0,Buru -- 52735,Namlea, ,ID NAM,Indonesia,Ceram Sea; Banda Sea; South Pacific Ocean,Very Small,Coastal (Natural),-3.283333000000000,127.083332999999996
53000.0,New Guinea West Coast - Irian Jaya -- 52900,Miei, , ,Indonesia,Teluk Cenderawasih; South Pacific Ocean,Very Small,Coastal (Natural),-2.733333000000000,134.500000000000000
5180.0,Canada Lake Superior -- 5120,Heron Bay, ,CA HBY,Canada,Lake Superior; Great Lakes,Very Small,Coastal (Natural),48.649999999999999,-86.316666999999995
5370.0,US Lake Superior -- 5230,Houghton,Hancock,US HTL,United States,Lake Superior; Great Lakes,Small,Canal or Lake,47.116667000000000,-88.566666999999995
5380.0,US Lake Superior -- 5230,Ontonagon, ,US ONG,United States,Lake Superior; Great Lakes,Very Small,River (Natural),46.883333000000000,-89.333332999999996
5430.0,US Lake Superior -- 5230,Cornucopia, , ,United States,Lake Superior; Great Lakes,Very Small,River (Basins),46.866667000000000,-91.099999999999994
13100.0,Uruguay -- 13090,La Paloma,Paloma,UY LAP,Uruguay,South Atlantic Ocean,Very Small,Coastal (Natural),-34.649999999999999,-54.149999999999999
13140.0,Uruguay -- 13090,Colonia,Colonia Del Sacremento,UY CYR,Uruguay,Rio de la Plata; South Atlantic Ocean,Very Small,Open Roadstead,-34.466667000000001,-57.850000000000001
13160.0,Uruguay -- 13090,Fray Bentos, ,UY FZB,Uruguay,Rio de la Plata; South Atlantic Ocean,Very Small,River (Natural),-33.116667000000000,-58.316667000000002
16808.0,United States W Coast -- 16000,Cushman, , ,United States,North Pacific Ocean,Very Small,River (Natural),43.983333000000002,-124.066666999999995
16835.0,United States W Coast -- 16000,Depoe Bay, , ,United States,North Pacific Ocean,Very Small,Coastal (Natural),44.799999999999997,-124.066666999999995
16838.0,United States W Coast -- 16000,Ilwaco, ,US IQL,United States,North Pacific Ocean,Very Small,River (Natural),46.299999999999997,-124.049999999999997
16920.0,United States W Coast -- 16000,Kalama, ,US KAM,United States,North Pacific Ocean,Very Small,River (Natural),46.016666999999998,-122.849999999999994
17190.0,United States W Coast -- 16000,Hoodsport, ,US 9WA,United States,Alaska-Canada coastal waters; North Pacific Ocean,Very Small,Coastal (Natural),47.416666999999997,-123.133332999999993
17260.0,United States W Coast -- 16000,Keyport, ,US KYP,United States,Alaska-Canada coastal waters; North Pacific Ocean,Very Small,Coastal (Natural),47.700000000000003,-122.616667000000007
17350.0,United States W Coast -- 16000,Fort Ward, , ,United States,Alaska-Canada coastal waters; North Pacific Ocean,Very Small,Coastal (Natural),47.583333000000003,-122.516666999999998
17670.0,United States W Coast -- 16000,Nisqually Head, , ,United States,Alaska-Canada coastal waters; North Pacific Ocean,Very Small,Coastal (Natural),47.116667000000000,-122.750000000000000
27560.0,Finland -- 27380,Kokkola,Ykspihlaja,FI KOK,Finland,Gulf of Bothnia; Baltic Sea; North Atlantic Ocean,Large,Coastal (Natural),63.850000000000001,23.016667000000002
27610.0,Finland -- 27380,Hellnas, ,FI HLL,Finland,Gulf of Bothnia; Baltic Sea; North Atlantic Ocean,Very Small,Open Roadstead,63.283332999999999,22.233332999999998
27670.0,Finland -- 27380,Kaskinen,Kasko,FI KAS,Finland,Gulf of Bothnia; Baltic Sea; North Atlantic Ocean,Medium,Coastal (Natural),62.383333000000000,21.233332999999998
28170.0,Finland -- 27380,Ekenas, ,FI TAI,Finland,Gulf of Finland; Baltic Sea; North Atlantic Ocean,Small,Coastal (Natural),59.983333000000002,23.433333000000001
28180.0,Finland -- 27380,Jussaro,Stor Jussaro,FI JUS,Finland,Gulf of Finland; Baltic Sea; North Atlantic Ocean,Very Small,Coastal (Natural),59.833333000000003,23.566666999999999
28187.0,Finland -- 27380,Inkoo, ,FI INK,Finland,Gulf of Finland; Baltic Sea; North Atlantic Ocean,Very Small,River (Basins),60.016666999999998,23.916667000000000
28310.0,Russia -- 28250,Gavan Vysotsk,Trangsund; Uras; Vysotsk,RU VYS,Russia,Gulf of Finland; Baltic Sea; North Atlantic Ocean,Small,Canal or Lake,60.616667000000000,28.566666999999999
33190.0,Scotland West Coast -- 32790,Corpach, ,GB COR,United Kingdom,North Atlantic Ocean,Small,Coastal (Natural),56.850000000000001,-5.116667000000000
28654.0,Lithuania -- 28650,Butinge Oil Terminal,Butinge Marine Terminal,LT BOT,Lithuania,Baltic Sea; North Atlantic Ocean,Very Small,Open Roadstead,56.033332999999999,20.949999999999999
28680.0,Russia -- 28670,Baltiysk,Pillau,RU BLT,Russia,Baltic Sea; North Atlantic Ocean,Small,Coastal (Breakwater),54.633333000000000,19.899999999999999
28920.0,Germany -- 28826,Heiligenhafen, ,DE HHF,Germany,Baltic Sea; North Atlantic Ocean,Very Small,Coastal (Breakwater),54.366667000000000,10.983333000000000
28950.0,Germany -- 28826,Eckernforde, ,DE ECK,Germany,Baltic Sea; North Atlantic Ocean,Small,River (Basins),54.483333000000002,9.833333000000000
17840.0,United States W Coast -- 16000,Coupeville, ,US CBL,United States,Alaska-Canada coastal waters; North Pacific Ocean,Very Small,Coastal (Natural),48.233333000000002,-122.683333000000005
18518.0,Canada West Coast -- 18080,Nanoose Harbor, ,CA NNE,Canada,Alaska-Canada coastal waters; North Pacific Ocean,Very Small,Coastal (Natural),49.266666999999998,-124.150000000000006
18790.0,Canada West Coast -- 18080,Ahousat, , ,Canada,North Pacific Ocean,Very Small,Coastal (Natural),49.283332999999999,-126.066666999999995
18525.0,Canada West Coast -- 18080,Harmac, ,CA HMC,Canada,Alaska-Canada coastal waters; North Pacific Ocean,Very Small,Coastal (Natural),49.133333000000000,-123.849999999999994
18600.0,Canada West Coast -- 18080,Ganges, ,CA GGS,Canada,Alaska-Canada coastal waters; North Pacific Ocean,Very Small,Coastal (Natural),48.850000000000001,-123.483333000000002
18818.0,Canada West Coast -- 18080,Bergh Cove, , ,Canada,North Pacific Ocean,Very Small,Coastal (Natural),50.533332999999999,-127.616667000000007
18915.0,Canada West Coast -- 18080,Bella Bella, , ,Canada,Alaska-Canada coastal waters; North Pacific Ocean,Very Small,Coastal (Natural),52.166666999999997,-128.150000000000006
19290.0,Alaska -- 19080,Fishermans Harbor, , ,United States,Alaska-Canada coastal waters; North Pacific Ocean,Very Small,Coastal (Natural),55.966667000000001,-133.800000000000011
19510.0,Alaska -- 19080,Hood Bay, , ,United States,Alaska-Canada coastal waters; North Pacific Ocean,Very Small,Coastal (Natural),57.399999999999999,-134.500000000000000
19788.0,Alaska -- 19080,Ninilchik, ,US NIN,United States,Cook Inlet; Gulf of Alaska; North Pacific Ocean,Very Small,Coastal (Natural),60.049999999999997,-151.683333000000005
23760.0,Norway -- 20620,Holmestrand, ,NO HOL,Norway,Skagerrak; North Atlantic Ocean,Very Small,Coastal (Breakwater),59.490555555999997,10.326666667000000
5970.0,Cape Breton Island -- 5860,Grand Narrows, , ,Canada,North Atlantic Ocean,Very Small,Coastal (Natural),45.950000000000003,-60.783332999999999
6170.0,Nova Scotia Cont -- 6070,Goldsboro, ,CA GBR,Canada,North Atlantic Ocean,Very Small,Coastal (Natural),45.183332999999998,-61.649999999999999
6660.0,United States E Coast -- 6585,Milbridge, ,US MLQ,United States,North Atlantic Ocean,Very Small,River (Natural),44.533332999999999,-67.883332999999993
33160.0,Scotland West Coast -- 32790,Lochaline,Loch Aline,GB LOL,United Kingdom,North Atlantic Ocean,Very Small,River (Basins),56.549999999999997,-5.766667000000000
33170.0,Scotland West Coast -- 32790,Craignure, ,GB CNU,United Kingdom,North Atlantic Ocean,Very Small,Coastal (Natural),56.466667000000001,-5.700000000000000
33210.0,Scotland West Coast -- 32790,Glensanda, ,GB GSA,United Kingdom,North Atlantic Ocean,Very Small,River (Natural),56.566667000000002,-5.533333000000000
33250.0,Scotland West Coast -- 32790,Oban, ,GB OBA,United Kingdom,North Atlantic Ocean,Small,Coastal (Natural),56.416666999999997,-5.466667000000000
33290.0,Scotland West Coast -- 32790,Crinan (Canal), ,GB CNC,United Kingdom,North Atlantic Ocean,Very Small,Canal or Lake,56.083333000000003,-5.566667000000000
33577.0,Scotland West Coast -- 32790,Bangor, ,GB BAN,United Kingdom,North Atlantic Ocean,Very Small,River (Basins),54.649999999999999,-5.666667000000000
34190.0,Ireland -- 33840,Castletown Bearhaven, ,IE CTB,Ireland,North Atlantic Ocean,Very Small,Coastal (Natural),51.649999999999999,-9.916667000000000
34200.0,Ireland -- 33840,Kilrush, ,IE KLR,Ireland,North Atlantic Ocean,Very Small,River (Tide Gates),52.633333000000000,-9.500000000000000
34640.0,England West Coast -- 34580,Heysham, ,GB HYM,United Kingdom,Irish Sea; North Atlantic Ocean,Very Small,Coastal (Breakwater),54.033332999999999,-2.916667000000000
34650.0,England West Coast -- 34580,Liverpool Bay Terminal, ,GB LIB,United Kingdom,Irish Sea; North Atlantic Ocean,Very Small,Open Roadstead,53.533332999999999,-3.550000000000000
34850.0,Wales -- 34710,Fishguard, ,GB FIS,United Kingdom,Irish Sea; North Atlantic Ocean,Small,Coastal (Breakwater),52.016666999999998,-4.983333000000000
34970.0,Wales -- 34710,Neath, ,GB NEA,United Kingdom,Bristol Channel; North Atlantic Ocean,Very Small,Coastal (Natural),51.633333000000000,-3.833333000000000
35240.0,England South Coast -- 35220,Newlyn, ,GB NYL,United Kingdom,English Channel; North Atlantic Ocean,Very Small,Coastal (Breakwater),50.100000000000001,-5.550000000000000
35590.0,England South Coast -- 35220,Fawley Marine Terminal, ,GB FAW,United Kingdom,English Channel; North Atlantic Ocean,Small,River (Natural),50.816667000000002,-1.333333000000000
35800.0,France NW Coast -- 35720,Le Treport,Treport,FR LTR,France,English Channel; North Atlantic Ocean,Very Small,River (Tide Gates),50.066667000000002,1.366667000000000
37160.0,France West Coast -- 36450,Blaye, ,FR BYE,France,Bay of Biscay; North Atlantic Ocean,Small,River (Natural),45.133333000000000,-0.666667000000000
7240.0,United States E Coast -- 6585,Lynn, ,US LZN,United States,North Atlantic Ocean,Very Small,Coastal (Natural),42.450000000000003,-70.950000000000003
7315.0,United States E Coast -- 6585,Hyannis Port, , ,United States,North Atlantic Ocean,Very Small,Coastal (Breakwater),41.633333000000000,-70.299999999999997
23817.0,Norway -- 20620,Fagerstrand, ,NO FAX,Norway,Skagerrak; North Atlantic Ocean,Small,Open Roadstead,59.733055555999996,10.584722222000000
23829.0,Norway -- 20620,Kambo, ,NO KMO,Norway,Skagerrak; North Atlantic Ocean,Very Small,Coastal (Natural),59.473055555999998,10.679722222000001
23890.0,Sweden -- 23860,Grebbestad, ,SE GRE,Sweden,Skagerrak; North Atlantic Ocean,Very Small,Coastal (Natural),58.676944444000000,11.247777778000000
23900.0,Sweden -- 23860,Fjallbacka, ,SE FJA,Sweden,Skagerrak; North Atlantic Ocean,Very Small,Coastal (Natural),58.600277777999999,11.277222222000001
23910.0,Sweden -- 23860,Hunnebostrand, ,SE HUN,Sweden,Skagerrak; North Atlantic Ocean,Very Small,Coastal (Natural),58.437777777999997,11.286111111000000
24050.0,Sweden -- 23860,Halmstad, ,SE HAD,Sweden,Kattegat; North Atlantic Ocean,Small,Coastal (Breakwater),56.666666999999997,12.866667000000000
24530.0,Sweden -- 23860,Bergkvara, ,SE BEA,Sweden,Baltic Sea; North Atlantic Ocean,Very Small,Open Roadstead,56.383333000000000,16.100000000000001
24720.0,Sweden -- 23860,Figeholm, ,SE FIG,Sweden,Baltic Sea; North Atlantic Ocean,Very Small,Coastal (Natural),57.366667000000000,16.500000000000000
24900.0,Gotland -- 24806,Farosund, ,SE FSD,Sweden,Baltic Sea; North Atlantic Ocean,Small,Coastal (Natural),57.916666999999997,19.050000000000001
24960.0,Gotland -- 24806,Klintehamn, ,SE KLI,Sweden,Baltic Sea; North Atlantic Ocean,Very Small,Coastal (Breakwater),57.383333000000000,18.199999999999999
25440.0,Sweden Cont -- 24975,Grisslehamn, ,SE GRH,Sweden,Baltic Sea; North Atlantic Ocean,Very Small,Coastal (Natural),60.100000000000001,18.816666999999999
25610.0,Sweden Cont -- 24975,Norrsundet, ,SE NOT,Sweden,Gulf of Bothnia; Baltic Sea; North Atlantic Ocean,Very Small,Coastal (Natural),60.933332999999998,17.166667000000000
26240.0,Sweden Cont -- 24975,Harnosand,Hernosand,SE HND,Sweden,Gulf of Bothnia; Baltic Sea; North Atlantic Ocean,Small,Coastal (Natural),62.633333000000000,17.933333000000001
26310.0,Sweden Cont -- 24975,Gustavsvik, ,SE GUS,Sweden,Gulf of Bothnia; Baltic Sea; North Atlantic Ocean,Very Small,Coastal (Natural),62.833333000000003,17.883333000000000
26340.0,Sweden Cont -- 24975,Lunde, , ,Sweden,Gulf of Bothnia; Baltic Sea; North Atlantic Ocean,Very Small,Coastal (Natural),62.883333000000000,17.883333000000000
26380.0,Sweden Cont -- 24975,Kramfors, ,SE KRF,Sweden,Gulf of Bothnia; Baltic Sea; North Atlantic Ocean,Very Small,Coastal (Natural),62.933332999999998,17.800000000000001
26720.0,Sweden Cont -- 24975,Domsjo, ,SE DOM,Sweden,Gulf of Bothnia; Baltic Sea; North Atlantic Ocean,Very Small,Coastal (Natural),63.266666999999998,18.733332999999998
26790.0,Sweden Cont -- 24975,Husum, ,SE HUS,Sweden,Gulf of Bothnia; Baltic Sea; North Atlantic Ocean,Very Small,Coastal (Natural),63.333333000000003,19.149999999999999
29455.0,Sjaelland -- 29150,Nykobing (Mor), ,DK NYM,Denmark,Kattegat; North Atlantic Ocean,Very Small,Coastal (Breakwater),56.766666999999998,11.866667000000000
27130.0,Sweden Cont -- 24975,Brannfors, ,SE BNF,Sweden,Gulf of Bothnia; Baltic Sea; North Atlantic Ocean,Very Small,Coastal (Natural),65.016666999999998,21.383333000000000
27540.0,Finland -- 27380,Himanka,Khimango,FI HIM,Finland,Gulf of Bothnia; Baltic Sea; North Atlantic Ocean,Small,Coastal (Natural),64.000000000000000,23.649999999999999
29130.0,Bornholm -- 29020,Christianso Harbor, ,DK CSO,Denmark,Baltic Sea; North Atlantic Ocean,Very Small,Coastal (Breakwater),55.316667000000002,15.183332999999999
29410.0,Sjaelland -- 29150,Frederiksvaerk, ,DK FDV,Denmark,Kattegat; North Atlantic Ocean,Very Small,Coastal (Breakwater),55.966667000000001,12.016667000000000
29420.0,Sjaelland -- 29150,Frederikssund, ,DK FDS,Denmark,Kattegat; North Atlantic Ocean,Very Small,Coastal (Breakwater),55.833333000000003,12.050000000000001
29440.0,Sjaelland -- 29150,Holbaek, ,DK HBK,Denmark,Kattegat; North Atlantic Ocean,Very Small,Coastal (Breakwater),55.716667000000001,11.716666999999999
29546.0,Sjaelland -- 29150,Gulfhaven, ,DK GFH,Denmark,Baltic Sea; North Atlantic Ocean,Very Small,Open Roadstead,55.200000000000003,11.266667000000000
54671.0,Australia -- 53290,Milner Bay, ,AU MIB,Australia,Gulf of Carpentaria; Arafura Sea; South Pacific Ocean,Very Small,Open Roadstead,-13.866667000000000,136.416666999999990
54943.0,Tasmania -- 54700,Beauty Point, ,AU BYP,Australia,Bass Strait; South Pacific Ocean,Small,Coastal (Natural),-41.149999999999999,146.816666999999995
55617.0,Tuvalu -- 55615,Funafuti Atoll, ,TV FUN,Tuvalu,South Pacific Ocean,Very Small,Coastal (Natural),-8.516667000000000,179.133332999999993
56010.0,Iles Marquises -- 56000,Atuona, ,PF AUQ,French Polynesia,South Pacific Ocean,Very Small,Coastal (Natural),-9.816667000000001,-139.033332999999999
56015.0,Iles Marquises -- 56000,Baie Taiohae,Anne Marie Bay,PF TAI,French Polynesia,South Pacific Ocean,Very Small,Coastal (Natural),-8.933332999999999,-140.083333000000010
56140.0,Hawaiian Islands -- 56050,Kailua, ,US KA7,United States,North Pacific Ocean,Very Small,Coastal (Natural),19.633333000000000,-156.000000000000000
56160.0,Hawaiian Islands -- 56050,Kawaihae, ,US KWH,United States,North Pacific Ocean,Small,Coastal (Breakwater),20.033332999999999,-155.833333000000010
56190.0,Hawaiian Islands -- 56050,Hana, ,US HNM,United States,North Pacific Ocean,Very Small,Coastal (Natural),20.750000000000000,-155.983332999999988
56230.0,Hawaiian Islands -- 56050,Kaumalapau Harbor, , ,United States,North Pacific Ocean,Very Small,Coastal (Breakwater),20.783332999999999,-157.000000000000000
58630.0,Philippine Islands -- 57960,Laoang, , ,Philippines,Philippine inland seas; North Pacific Ocean,Very Small,River (Natural),12.566667000000001,125.016666999999998
58655.0,Philippine Islands -- 57960,Guiuan, ,PH GUN,Philippines,Philippine inland seas; North Pacific Ocean,Very Small,Coastal (Natural),11.033333000000001,125.716667000000001
58670.0,Philippine Islands -- 57960,Catbalogan, ,PH CTS,Philippines,Philippine inland seas; North Pacific Ocean,Very Small,Open Roadstead,11.766667000000000,124.883332999999993
59800.0,Philippine Islands -- 57960,Jolo, ,PH JOL,Philippines,Sulu Sea; North Pacific Ocean,Very Small,Open Roadstead,6.050000000000000,121.000000000000000
59974.0,China Continued -- 59850,Changshu, ,CN CGS,China,East China Sea; North Pacific Ocean,Small,Open Roadstead,31.766667000000002,120.950000000000003
59991.0,China Continued -- 59850,Nantong, ,CN NTG,China,East China Sea; North Pacific Ocean,Small,River (Natural),32.000000000000000,120.799999999999997
60470.0,North Korea Continued -- 60438,Ch'aho,Shako, ,North Korea,Sea of Japan; North Pacific Ocean,Very Small,Coastal (Breakwater),40.200000000000003,128.650000000000006
60860.0,Sakhalin -- 60840,Okha, ,RU OKA,Russia,Sea of Okhotsk; North Pacific Ocean,Very Small,Coastal (Natural),53.549999999999997,143.000000000000000
12340.0,Venezuela -- 11950,Ciudad Bolivar, ,VE CBL,Venezuela,Caribbean Sea; North Atlantic Ocean,Small,River (Natural),8.133333000000000,-63.549999999999997
12420.0,Suriname -- 12395,Moengo,Abina; Albina,SR MOJ,Suriname,North Atlantic Ocean,Very Small,River (Natural),5.633333000000000,-54.416666999999997
12710.0,Brazil SE Coast -- 12700,Cabedelo, ,BR CDO,Brazil,South Atlantic Ocean,Small,River (Natural),-6.966667000000000,-34.833333000000003
19890.0,Alaska -- 19080,Karluk, ,US KYK,United States,Gulf of Alaska; North Pacific Ocean,Very Small,Open Roadstead,57.566667000000002,-154.449999999999989
19930.0,Alaska -- 19080,Dry Spruce Bay, , ,United States,Gulf of Alaska; North Pacific Ocean,Very Small,Coastal (Natural),57.933332999999998,-153.033332999999999
19980.0,Alaska -- 19080,Hogg Island, , ,United States,Gulf of Alaska; North Pacific Ocean,Very Small,Coastal (Natural),58.466667000000001,-152.683333000000005
20070.0,Alaska -- 19080,Belkofski, , ,United States,North Pacific Ocean,Very Small,Open Roadstead,55.083333000000003,-162.033332999999999
20170.0,Aleutian Islands -- 20095,Alcan Harbor, ,US ZAK,United States,Bering Sea; North Pacific Ocean,Very Small,Coastal (Natural),52.733333000000002,174.066666999999995
20180.0,Aleutian Islands -- 20095,Massacre Bay, , ,United States,North Pacific Ocean,Very Small,Coastal (Natural),52.833333000000003,173.233332999999988
20240.0,Alaska Continued -- 20185,Egegik, ,US EGX,United States,Bristol Bay; Bering Sea; North Pacific Ocean,Very Small,Coastal (Natural),58.200000000000003,-157.366667000000007
20310.0,Alaska Continued -- 20185,Bethel, ,US BET,United States,Bering Sea; North Pacific Ocean,Very Small,River (Natural),60.816667000000002,-161.716667000000001
20320.0,Alaska Continued -- 20185,Nash Harbor, , ,United States,Bering Sea; North Pacific Ocean,Very Small,Open Roadstead,60.200000000000003,-166.983332999999988
20330.0,Alaska Continued -- 20185,Kwiguk, , ,United States,Bering Sea; North Pacific Ocean,Very Small,River (Natural),62.733333000000002,-164.466667000000001
20410.0,Alaska Continued -- 20185,Grantley Harbor, , ,United States,Bering Sea; North Pacific Ocean,Very Small,Open Roadstead,65.266666999999998,-166.333333000000010
20570.0,Svalbard -- 20540,Longyearbyen, ,SJ LYR,Svalbard,Greenland Sea; Arctic Ocean,Very Small,Coastal (Natural),78.227222221999995,15.633333332999999
20580.0,Svalbard -- 20540,Ny Alesund, ,SJ NYA,Svalbard,Greenland Sea; Arctic Ocean,Very Small,Coastal (Natural),78.928333332999998,11.933055555999999
20800.0,Norway -- 20620,Honningsvag, ,NO HVG,Norway,Barents Sea; Arctic Ocean,Small,Coastal (Natural),70.982587559999999,25.950055502000001
20910.0,Norway -- 20620,Kvalsund, ,NO KVS,Norway,Norwegian Sea; North Atlantic Ocean,Very Small,Coastal (Natural),70.506944443999998,23.983333333000001
20920.0,Norway -- 20620,Hammerfest, ,NO HFT,Norway,Norwegian Sea; North Atlantic Ocean,Medium,Coastal (Natural),70.666667000000004,23.666667000000000
21130.0,Norway -- 20620,Alta, ,NO ALF,Norway,Norwegian Sea; North Atlantic Ocean,Very Small,Coastal (Natural),69.973333332999999,23.235277778000000
4770.0,US Lake Michigan -- 4570,Buffington, , ,United States,Lake Michigan; Great Lakes,Medium,Coastal (Breakwater),41.633333000000000,-87.416667000000004
5140.0,Canada Lake Superior -- 5120,Batchawana Bay, , ,Canada,Lake Superior; Great Lakes,Very Small,Coastal (Natural),46.916666999999997,-84.599999999999994
5310.0,US Lake Superior -- 5230,L Anse, ,US LAJ,United States,Lake Superior; Great Lakes,Very Small,Coastal (Natural),46.766666999999998,-88.466667000000001
5350.0,US Lake Superior -- 5230,Copper Harbor, , ,United States,Lake Superior; Great Lakes,Very Small,Coastal (Natural),47.466667000000001,-87.866667000000007
5360.0,US Lake Superior -- 5230,Eagle Harbor, , ,United States,Lake Superior; Great Lakes,Very Small,Coastal (Natural),47.466667000000001,-88.166667000000004
5420.0,US Lake Superior -- 5230,La Pointe,Madeline Island,US JPP,United States,Lake Superior; Great Lakes,Very Small,Coastal (Natural),46.783332999999999,-90.783332999999999
5510.0,South Side -- 5501,Gaspe, ,CA GPE,Canada,Gulf of Saint Lawrence; North Atlantic Ocean,Small,Coastal (Natural),48.833333000000003,-64.483333000000002
5560.0,New Brunswick -- 5555,Dalhousie, ,CA DHS,Canada,Gulf of Saint Lawrence; North Atlantic Ocean,Small,Open Roadstead,48.066667000000002,-66.366667000000007
5600.0,New Brunswick -- 5555,Caraquet, ,CA CAQ,Canada,Gulf of Saint Lawrence; North Atlantic Ocean,Small,Coastal (Natural),47.799999999999997,-64.933333000000005
21495.0,Norway -- 20620,Medby, , ,Norway,Norwegian Sea; North Atlantic Ocean,Very Small,Coastal (Natural),68.908888888999996,17.728333332999998
13050.0,Brazil SE Coast -- 12700,Laguna,Villa Laguna,BR LGA,Brazil,South Atlantic Ocean,Very Small,River (Natural),-28.500000000000000,-48.783332999999999
13115.0,Uruguay -- 13090,Jose Ignacio, ,UY JIT,Uruguay,South Atlantic Ocean,Very Small,Open Roadstead,-34.950000000000003,-54.700000000000003
13120.0,Uruguay -- 13090,Montevideo, ,UY MVD,Uruguay,South Atlantic Ocean,Medium,Coastal (Breakwater),-34.899999999999999,-56.216667000000001
13720.0,Argentina -- 13310,Concordia, ,AR COC,Argentina,Rio de la Plata; South Atlantic Ocean,Very Small,River (Natural),-31.399999999999999,-58.033332999999999
13730.0,Argentina -- 13310,Colon, ,AR COL,Argentina,Rio de la Plata; South Atlantic Ocean,Very Small,River (Natural),-32.216667000000001,-58.133333000000000
16805.0,United States W Coast -- 16000,Glenada, , ,United States,North Pacific Ocean,Very Small,River (Natural),43.966667000000001,-124.116667000000007
51340.0,Lesser Sunda Islands -- 51250,Ende, ,ID ENE,Indonesia,Savu Sea; Indian Ocean,Very Small,Coastal (Natural),-8.833333000000000,121.650000000000006
44270.0,Russia -- 44030,Adler,Mezyumata, ,Russia,Black Sea; North Atlantic Ocean,Very Small,Open Roadstead,43.433332999999998,39.933332999999998
44370.0,Turkey Asia -- 44360,Hopa,Khoppa,TR HOP,Turkey,Black Sea; North Atlantic Ocean,Very Small,Coastal (Breakwater),41.416666999999997,41.399999999999999
44500.0,Turkey Asia -- 44360,Eregli,Bender Eregli; Eregli Anatolia,TR ERE,Turkey,Black Sea; North Atlantic Ocean,Very Small,Coastal (Breakwater),41.299999999999997,31.449999999999999
44542.0,Turkey Asia -- 44360,Botas Natural Gas Terminal, , ,Turkey,Sea of Marmara; Mediterranean Sea; North Atlantic Ocean,Very Small,Open Roadstead,41.000000000000000,27.983332999999998
44622.0,Turkey Asia -- 44360,Gebze, ,TR GEB,Turkey,Sea of Marmara; Mediterranean Sea; North Atlantic Ocean,Very Small,Open Roadstead,40.766666999999998,29.550000000000001
44625.0,Turkey Asia -- 44360,Golcuk Burnu, ,TR GOK,Turkey,Sea of Marmara; Mediterranean Sea; North Atlantic Ocean,Very Small,Coastal (Breakwater),40.733333000000002,29.816666999999999
45823.0,Senegal -- 45817,Lyndiane, ,SN LYN,Senegal,North Atlantic Ocean,Very Small,River (Natural),14.166667000000000,-16.166667000000000
46710.0,Tristan Island -- 46700,Edinburgh Of The Seven Seas,Settlement Of Edinburgh; Edinburgh, ,"Saint Helena, Ascension, and Tristan da Cunha",South Atlantic Ocean,Very Small,Open Roadstead,-37.049999999999997,-12.300000000000001
56310.0,Hawaiian Islands -- 56050,Ahukini Landing, , ,United States,North Pacific Ocean,Very Small,Coastal (Breakwater),22.000000000000000,-159.333333000000010
56400.0,Marshall Islands -- 56340,Majuro Atoll, ,MH MAJ,Marshall Islands,North Pacific Ocean,Very Small,Open Roadstead,7.083333000000000,171.383332999999993
16740.0,United States W Coast -- 16000,Empire, , ,United States,North Pacific Ocean,Medium,Coastal (Natural),43.399999999999999,-124.283332999999999
16750.0,United States W Coast -- 16000,North Bend, ,US OTH,United States,North Pacific Ocean,Very Small,Coastal (Natural),43.399999999999999,-124.216667000000001
16770.0,United States W Coast -- 16000,Coos Bay, ,US COB,United States,North Pacific Ocean,Small,Coastal (Natural),43.366667000000000,-124.216667000000001
16795.0,United States W Coast -- 16000,Gardiner, ,US GDR,United States,North Pacific Ocean,Very Small,River (Natural),43.716667000000001,-124.099999999999994
16803.0,United States W Coast -- 16000,Florence, ,US FNE,United States,North Pacific Ocean,Very Small,River (Natural),43.966667000000001,-124.116667000000007
17170.0,United States W Coast -- 16000,Glen Cove, , ,United States,Alaska-Canada coastal waters; North Pacific Ocean,Very Small,Coastal (Natural),48.083333000000003,-122.783332999999999
17330.0,United States W Coast -- 16000,Creosote, , ,United States,Alaska-Canada coastal waters; North Pacific Ocean,Very Small,Coastal (Natural),47.616667000000000,-122.500000000000000
17380.0,United States W Coast -- 16000,East Bremerton,Manette, ,United States,Alaska-Canada coastal waters; North Pacific Ocean,Very Small,Coastal (Natural),47.566667000000002,-122.616667000000007
27590.0,Finland -- 27380,Kantlax, ,FI KAN,Finland,Gulf of Bothnia; Baltic Sea; North Atlantic Ocean,Very Small,Open Roadstead,63.416666999999997,22.283332999999999
27805.0,Finland -- 27380,Naantali, ,FI NLI,Finland,Baltic Sea; North Atlantic Ocean,Very Small,Coastal (Natural),60.466667000000001,22.016667000000002
28230.0,Finland -- 27380,Kotka, ,FI KTK,Finland,Gulf of Finland; Baltic Sea; North Atlantic Ocean,Large,Coastal (Breakwater),60.466667000000001,26.966667000000001
28390.0,Russia -- 28250,Lomonosov,Odensholm,RU LOM,Russia,Gulf of Finland; Baltic Sea; North Atlantic Ocean,Very Small,Coastal (Natural),59.916666999999997,29.766667000000002
28640.0,Latvia -- 28600,Liepaja,Libau,LV LPX,Latvia,Baltic Sea; North Atlantic Ocean,Medium,Coastal (Breakwater),56.516666999999998,21.016667000000002
28790.0,Poland -- 28700,Darlowo,Rugenwalde,PL DAR,Poland,Baltic Sea; North Atlantic Ocean,Very Small,River (Basins),54.433332999999998,16.416667000000000
28800.0,Poland -- 28700,Kolobrzeg,Kolberg,PL KOL,Poland,Baltic Sea; North Atlantic Ocean,Very Small,River (Natural),54.216667000000001,15.550000000000001
18580.0,Canada West Coast -- 18080,Cowichan Bay, ,CA CCB,Canada,Alaska-Canada coastal waters; North Pacific Ocean,Very Small,Coastal (Natural),48.750000000000000,-123.616667000000007
18650.0,Canada West Coast -- 18080,Hope Bay, , ,Canada,Alaska-Canada coastal waters; North Pacific Ocean,Very Small,Coastal (Natural),48.799999999999997,-123.283332999999999
18665.0,Canada West Coast -- 18080,Bamberton, ,CA BAM,Canada,Alaska-Canada coastal waters; North Pacific Ocean,Very Small,Coastal (Natural),48.549999999999997,-123.516666999999998
18792.0,Canada West Coast -- 18080,Gold River, ,CA GOR,Canada,North Pacific Ocean,Very Small,River (Natural),49.683332999999998,-126.116667000000007
18916.0,Canada West Coast -- 18080,Klemtu, ,CA YKT,Canada,Alaska-Canada coastal waters; North Pacific Ocean,Very Small,Coastal (Natural),52.600000000000001,-128.516667000000012
18920.0,Canada West Coast -- 18080,Butedale, , ,Canada,Alaska-Canada coastal waters; North Pacific Ocean,Very Small,Coastal (Natural),53.166666999999997,-128.683333000000005
19055.0,Canada West Coast -- 18080,Alliford Bay, , ,Canada,Alaska-Canada coastal waters; North Pacific Ocean,Very Small,Coastal (Natural),53.216667000000001,-131.983332999999988
19090.0,Alaska -- 19080,Hyder, ,US WHD,United States,Alaska-Canada coastal waters; North Pacific Ocean,Very Small,Coastal (Natural),55.916666999999997,-130.000000000000000
19100.0,Alaska -- 19080,Hidden Inlet, , ,United States,Alaska-Canada coastal waters; North Pacific Ocean,Very Small,Canal or Lake,54.950000000000003,-130.333333000000010
19120.0,Alaska -- 19080,George Inlet, , ,United States,Alaska-Canada coastal waters; North Pacific Ocean,Very Small,Coastal (Natural),55.383333000000000,-131.466667000000001
19200.0,Alaska -- 19080,Burnett Inlet, , ,United States,Alaska-Canada coastal waters; North Pacific Ocean,Very Small,Coastal (Natural),56.066667000000002,-132.466667000000001
19330.0,Alaska -- 19080,Bay Of Pillars, , ,United States,Alaska-Canada coastal waters; North Pacific Ocean,Very Small,Coastal (Natural),56.600000000000001,-134.233332999999988
19430.0,Alaska -- 19080,Kimshan Cove, , ,United States,North Pacific Ocean,Very Small,Coastal (Natural),57.683332999999998,-136.116667000000007
19600.0,Alaska -- 19080,Letnikof Cove, , ,United States,Alaska-Canada coastal waters; North Pacific Ocean,Very Small,Coastal (Natural),59.183332999999998,-135.400000000000006
19710.0,Alaska -- 19080,Crab Bay, , ,United States,Gulf of Alaska; North Pacific Ocean,Very Small,Coastal (Natural),60.066667000000002,-148.000000000000000
19790.0,Alaska -- 19080,Kenai, ,US ENA,United States,Cook Inlet; Gulf of Alaska; North Pacific Ocean,Very Small,Coastal (Natural),60.549999999999997,-151.266667000000012
19805.0,Alaska -- 19080,Drift River, ,US DRF,United States,Cook Inlet; Gulf of Alaska; North Pacific Ocean,Very Small,Coastal (Natural),60.549999999999997,-152.133332999999993
19850.0,Alaska -- 19080,Mccord, ,US QMW,United States,North Pacific Ocean,Very Small,Coastal (Natural),57.149999999999999,-153.199999999999989
33200.0,Scotland West Coast -- 32790,Fort William, ,GB FWM,United Kingdom,North Atlantic Ocean,Very Small,River (Basins),56.816667000000002,-5.116667000000000
5990.0,Cape Breton Island -- 5860,North Sydney, ,CA NSY,Canada,North Atlantic Ocean,Small,Coastal (Natural),46.216667000000001,-60.250000000000000
6020.0,Cape Breton Island -- 5860,Louisbourg, ,CA LOU,Canada,North Atlantic Ocean,Very Small,Coastal (Natural),45.916666999999997,-59.966667000000001
6330.0,Nova Scotia Cont -- 6070,Musquodoboit Harbour, ,CA MUS,Canada,North Atlantic Ocean,Very Small,Coastal (Natural),44.783332999999999,-63.149999999999999
6470.0,Nova Scotia Cont -- 6070,Digby, ,CA DIG,Canada,Bay of Fundy; North Atlantic Ocean,Small,Coastal (Natural),44.616667000000000,-65.766666999999998
6545.0,Nova Scotia Cont -- 6070,Canaport (St. John),St. John,CA CPT,Canada,Bay of Fundy; North Atlantic Ocean,Large,Open Roadstead,45.200000000000003,-65.983333000000002
6600.0,United States E Coast -- 6585,Eastport, ,US EPM,United States,Bay of Fundy; North Atlantic Ocean,Very Small,Coastal (Natural),44.899999999999999,-66.983333000000002
6620.0,United States E Coast -- 6585,Machiasport, ,US 9MP,United States,North Atlantic Ocean,Very Small,Coastal (Natural),44.700000000000003,-67.400000000000006
33390.0,Scotland West Coast -- 32790,Greenock, ,GB GRK,United Kingdom,North Atlantic Ocean,Medium,Coastal (Natural),55.950000000000003,-4.750000000000000
33405.0,Scotland West Coast -- 32790,Finnart Oil Terminal, ,GB FNT,United Kingdom,North Atlantic Ocean,Small,River (Natural),56.116667000000000,-4.833333000000000
33460.0,Scotland West Coast -- 32790,Old Kilpatrick, ,GB OKK,United Kingdom,North Atlantic Ocean,Very Small,River (Natural),55.916666999999997,-4.466667000000000
33500.0,Scotland West Coast -- 32790,Largs, ,GB LGS,United Kingdom,North Atlantic Ocean,Very Small,Coastal (Natural),55.799999999999997,-4.866667000000000
33515.0,Scotland West Coast -- 32790,Hunterston, ,GB HST,United Kingdom,North Atlantic Ocean,Very Small,Open Roadstead,55.750000000000000,-4.883333000000000
33820.0,Northern Ireland -- 33630,Coleraine, ,GB CLR,United Kingdom,North Atlantic Ocean,Small,River (Natural),55.133333000000000,-6.666667000000000
33985.0,Ireland -- 33840,Lancaster, ,GB LAN,United Kingdom,Irish Sea; North Atlantic Ocean,Small,River (Basins),54.049999999999997,-2.783333000000000
34110.0,Ireland -- 33840,Limerick,Luimneach,IE LMK,Ireland,North Atlantic Ocean,Small,River (Tide Gates),52.633333000000000,-8.616667000000000
34130.0,Ireland -- 33840,Foynes,Shannon Foynes,IE FOV,Ireland,North Atlantic Ocean,Large,River (Natural),52.616667000000000,-9.116667000000000
34685.0,England West Coast -- 34580,Mostyn, ,GB CHE,United Kingdom,Irish Sea; North Atlantic Ocean,Very Small,Coastal (Natural),53.316667000000002,-3.266667000000000
43625.0,Ukraine -- 43620,Izmayil, ,UA IZM,Ukraine,Black Sea; North Atlantic Ocean,Very Small,River (Natural),45.333333000000003,28.850000000000001
43700.0,Ukraine -- 43620,Belgorod-Dnestrovsky, ,UA BGD,Ukraine,Black Sea; North Atlantic Ocean,Very Small,Coastal (Natural),46.183332999999998,30.366667000000000
43745.0,Ukraine -- 43620,Chornomors Ke,Akmechet,UA ILK,Ukraine,Black Sea; North Atlantic Ocean,Very Small,Coastal (Natural),45.516666999999998,32.700000000000003
43780.0,Ukraine -- 43620,Balaklava, , ,Ukraine,Black Sea; North Atlantic Ocean,Very Small,Coastal (Natural),44.500000000000000,33.600000000000001
43810.0,Ukraine -- 43620,Alushta, , ,Ukraine,Black Sea; North Atlantic Ocean,Very Small,Open Roadstead,44.683332999999998,34.416666999999997
44210.0,Russia -- 44030,Gelendzhik, ,RU GDZ,Russia,Black Sea; North Atlantic Ocean,Very Small,Coastal (Natural),44.549999999999997,38.066667000000002
48475.0,Iran -- 48410,Bandar-E Pars Terminal,Assaluyeh, ,Iran,Persian Gulf; Indian Ocean,Very Small,Open Roadstead,27.533332999999999,52.533332999999999
50440.0,Indonesia -- 50020,Bengkulu,Benhoelen; Benkulen,ID BKS,Indonesia,Indian Ocean,Very Small,Open Roadstead,-3.783333000000000,102.250000000000000
44480.0,Turkey Asia -- 44360,Inebolu, ,TR INE,Turkey,Black Sea; North Atlantic Ocean,Very Small,Coastal (Breakwater),41.983333000000002,33.766666999999998
44605.0,Turkey Asia -- 44360,Kaba Burnu, , ,Turkey,Sea of Marmara; Mediterranean Sea; North Atlantic Ocean,Very Small,Coastal (Natural),40.766666999999998,29.533332999999999
543.0,Greenland East Coast -- 540,Kusanartoq, , ,Greenland,North Atlantic Ocean,Small,Coastal (Natural),61.766666999999998,-42.216667000000001
700.0,Greenland  West Coast -- 545,Attu, , ,Greenland,Baffin Bay; Arctic Ocean,Very Small,Coastal (Natural),67.950000000000003,-53.733333000000002
940.0,Greenland  West Coast -- 545,Kajalleq Upernavik,South Upernavik; Upernavik,GLJUV,Greenland,Baffin Bay; Arctic Ocean,Very Small,Coastal (Natural),72.150000000000006,-55.533332999999999
1611.0,Newfoundland  E Coast -- 1410,Clarenville, ,CA CLE,Canada,North Atlantic Ocean,Small,Coastal (Natural),48.175150000000002,-53.959099999999999
1710.0,Newfoundland S Coast -- 1680,Argentia, ,CA NWP,Canada,North Atlantic Ocean,Medium,Coastal (Natural),47.299999999999997,-53.983333000000002
1880.0,North Side -- 1871,Blanc Sablon, ,CA YBX,Canada,Gulf of Saint Lawrence; North Atlantic Ocean,Very Small,River (Natural),51.416666999999997,-57.133333000000000
2110.0,Canada St Lawrence R -- 1930,La Baie (Port Alfred),Port Alfred,CA LBA,Canada,Gulf of Saint Lawrence; North Atlantic Ocean,Small,River (Natural),48.333333000000003,-70.883332999999993
2350.0,Ottawa River -- 2270,Carillon, , ,Canada,Lake Ontario; Great Lakes,Very Small,River (Natural),45.566667000000002,-74.366667000000007
2370.0,Ottawa River -- 2270,Chute A Blondeau, ,CA CAB,Canada,Lake Ontario; Great Lakes,Very Small,River (Natural),45.583333000000003,-74.466667000000001
2390.0,Ottawa River -- 2270,Hawkesbury, ,CA HAW,Canada,Lake Ontario; Great Lakes,Very Small,River (Natural),45.616667000000000,-74.616667000000007
2400.0,Ottawa River -- 2270,Fassett, ,CA FSS,Canada,Lake Ontario; Great Lakes,Very Small,River (Natural),45.649999999999999,-74.866667000000007
2480.0,Ottawa River -- 2270,Cumberland, ,CA OCL,Canada,Lake Ontario; Great Lakes,Very Small,River (Natural),45.516666999999998,-75.400000000000006
2490.0,Ottawa River -- 2270,Masson, ,CA MAS,Canada,Lake Ontario; Great Lakes,Very Small,River (Natural),45.533332999999999,-75.416667000000004
2830.0,Canada Lake Ontario -- 2820,Millhaven, ,CA ILL,Canada,Lake Ontario; Great Lakes,Very Small,Coastal (Natural),44.200000000000003,-76.733333000000002
3020.0,Canada Lake Ontario -- 2820,Oakville, ,CA OAJ,Canada,Lake Ontario; Great Lakes,Very Small,Coastal (Breakwater),43.433332999999998,-79.666667000000004
3380.0,Canada Lake Erie -- 3240,Amherstburg, ,CA AMH,Canada,Lake Erie; Great Lakes,Small,River (Natural),42.100000000000001,-83.099999999999994
4020.0,Canada Lake Huron -- 3640,Depot Harbour, , ,Canada,Lake Huron; Great Lakes,Very Small,Coastal (Natural),45.316667000000002,-80.099999999999994
4120.0,Canada Lake Huron -- 3640,Manitowaning, ,CA YEM,Canada,Lake Huron; Great Lakes,Very Small,Coastal (Natural),45.750000000000000,-81.799999999999997
4370.0,US Lake Huron -- 4300,Harbor Beach, ,US HB4,United States,Lake Huron; Great Lakes,Very Small,Coastal (Breakwater),43.850000000000001,-82.650000000000006
8330.0,United States E Coast -- 6585,Hertford, ,US HD4,United States,North Atlantic Ocean,Very Small,River (Natural),36.183332999999998,-76.466667000000001
9420.0,Mexico East Coast -- 9350,Minatitlan, ,MX MTT,Mexico,Gulf of Mexico; North Atlantic Ocean,Very Small,River (Natural),17.899999999999999,-94.583332999999996
21840.0,Norway -- 20620,Ballstad, ,NO BSD,Norway,Norwegian Sea; North Atlantic Ocean,Very Small,Coastal (Natural),68.066666999999995,13.699999999999999
21950.0,Norway -- 20620,Lodingen, ,NO LOD,Norway,Norwegian Sea; North Atlantic Ocean,Very Small,Coastal (Natural),68.416667000000004,16.000000000000000
22010.0,Norway -- 20620,Lilandsgrunnen, ,NO LID,Norway,Norwegian Sea; North Atlantic Ocean,Very Small,Coastal (Natural),68.478055556000001,16.890555555999999
22050.0,Norway -- 20620,Litle Ballangen, ,NO BLL,Norway,Norwegian Sea; North Atlantic Ocean,Very Small,Coastal (Natural),68.348611110999997,16.872777778000000
22140.0,Norway -- 20620,Korsnes, , ,Norway,Norwegian Sea; North Atlantic Ocean,Very Small,Coastal (Natural),68.251944444000003,16.061666667000001
22270.0,Norway -- 20620,Kjerringoy, ,NO KJE,Norway,Norwegian Sea; North Atlantic Ocean,Very Small,Coastal (Natural),67.522499999999994,14.759722222000001
22540.0,Norway -- 20620,Glomfjord, ,NO GLO,Norway,Norwegian Sea; North Atlantic Ocean,Very Small,Coastal (Natural),66.807500000000005,13.980277778000000
23060.0,Norway -- 20620,Levanger, ,NO LEV,Norway,Norwegian Sea; North Atlantic Ocean,Very Small,River (Natural),63.754722221999998,11.293333333000000
23070.0,Norway -- 20620,Langstein, ,NO LGS,Norway,Norwegian Sea; North Atlantic Ocean,Very Small,Coastal (Natural),63.548611111000000,10.890000000000001
23230.0,Norway -- 20620,Norheimsund, ,NO NHS,Norway,North Sea; North Atlantic Ocean,Very Small,River (Basins),60.366111111000002,6.153888889000000
23310.0,Norway -- 20620,Mosterhamn, ,NO MOS,Norway,North Sea; North Atlantic Ocean,Very Small,Coastal (Natural),59.698888889000003,5.391111111000000
23340.0,Norway -- 20620,Leirvik, ,NO LRI,Norway,North Sea; North Atlantic Ocean,Very Small,Coastal (Natural),59.758333333000003,5.496666667000000
23450.0,Norway -- 20620,Kopervik, ,NO KOP,Norway,North Sea; North Atlantic Ocean,Very Small,Open Roadstead,59.283332999999999,5.316667000000000
23600.0,Norway -- 20620,Arendal, ,NO ARE,Norway,Skagerrak; North Atlantic Ocean,Small,Coastal (Breakwater),58.453888888999998,8.776944444000000
45795.0, ,El Jadida,Mazagan,MA ELJ,Morocco,North Atlantic Ocean,Very Small,Coastal (Breakwater),33.250000000000000,-8.500000000000000
56320.0,Hawaiian Islands -- 56050,Nonopapa, , ,United States,North Pacific Ocean,Very Small,Open Roadstead,21.866667000000000,-160.233332999999988
56350.0,Marshall Islands -- 56340,Enitwetak Island,Enewotok,MH ENT,Marshall Islands,North Pacific Ocean,Very Small,Open Roadstead,11.333333000000000,162.333333000000010
56740.0,Bismarck Archipelago -- 56700,Hamburg Harbor, , ,Papua New Guinea,South Pacific Ocean,Very Small,Coastal (Natural),-1.633333000000000,149.966667000000001
57436.0,Thailand -- 57431,Benchamas Terminal, ,TH BEN,Thailand,Gulf of Thailand; South China Sea; North Pacific Ocean,Very Small,Open Roadstead,10.516667000000000,101.250000000000000
48106.0,Saudi Arabia -- 48100,Duba,Dhiba; Dhuba,SA DHU,Saudi Arabia,Red Sea; Indian Ocean,Small,Open Roadstead,27.566666999999999,35.533332999999999
51736.0,Malaysia -- 51647,Mostyn, ,MY MZS,Malaysia,Celebes Sea; North Pacific Ocean,Very Small,Open Roadstead,4.683333000000000,118.250000000000000
52220.0,Sulawesi -- 51970,Luwuk, ,ID LUW,Indonesia,Banda Sea; South Pacific Ocean,Very Small,Open Roadstead,-0.950000000000000,122.799999999999997
52230.0,Sulawesi -- 51970,Kolonodale, ,ID KNL,Indonesia,Banda Sea; South Pacific Ocean,Very Small,Coastal (Natural),-1.983333000000000,121.333332999999996
52680.0,Seram -- 52650,Bula,Boela,ID BUA,Indonesia,Ceram Sea; Banda Sea; South Pacific Ocean,Very Small,Open Roadstead,-3.100000000000000,130.500000000000000
53010.0,New Guinea West Coast - Irian Jaya -- 52900,Manokwari Road,Menukwari,ID MKW,Indonesia,Teluk Cenderawasih; South Pacific Ocean,Very Small,Coastal (Natural),-0.866667000000000,134.083333000000010
53045.0,New Guinea West Coast - Irian Jaya -- 52900,Kasim Terminal, ,ID KAS,Indonesia,South Pacific Ocean,Large,Open Roadstead,-1.300000000000000,131.016667000000012
53100.0,New Guinea West Coast - Irian Jaya -- 52900,Fakfak, ,ID FKQ,Indonesia,Ceram Sea; Banda Sea; South Pacific Ocean,Very Small,Coastal (Natural),-2.933333000000000,132.283332999999999
53115.0,New Guinea West Coast - Irian Jaya -- 52900,Amamapare, ,ID AMA,Indonesia,Arafura Sea; South Pacific Ocean,Small,Coastal (Natural),-4.816667000000000,136.966667000000001
53195.0,New Guinea SE Coast -- 53140,Discovery Bay, , ,Papua New Guinea,Solomon Sea; South Pacific Ocean,Very Small,Coastal (Natural),-10.416667000000000,150.416666999999990
54690.0,Australia -- 53290,Karumba, ,AU KRB,Australia,Gulf of Carpentaria; Arafura Sea; South Pacific Ocean,Very Small,River (Natural),-17.483332999999998,140.833333000000010
54970.0,Tasmania -- 54700,Launceston, ,AU LST,Australia,Bass Strait; South Pacific Ocean,Small,River (Natural),-41.450000000000003,147.116667000000007
55030.0,New Zealand N Island -- 54990,Opua, ,NZ OPX,New Zealand,South Pacific Ocean,Very Small,River (Natural),-35.316667000000002,174.116667000000007
56025.0,Kiribati (Phoenix) Islands -- 56019,Canton Island, ,KI CIS,Kiribati,South Pacific Ocean,Very Small,Open Roadstead,-2.833333000000000,-171.716667000000001
56039.0,Tabuaeran Atoll (Fanning Island) -- 56037,English Harbor, , ,Kiribati,North Pacific Ocean,Very Small,Coastal (Natural),3.850000000000000,-159.366667000000007
56250.0,Hawaiian Islands -- 56050,Kamalo, , ,United States,North Pacific Ocean,Very Small,Coastal (Natural),21.050000000000001,-156.883332999999993
57775.0,China -- 57740,Lon Shui Terminal, , ,China,South China Sea; North Pacific Ocean,Large,Open Roadstead,20.833333000000000,115.683333000000005
61020.0,Sakhalin -- 60840,Mys Rogatyy Oktyabrskiy,Rogati; Rogatyy,RU OKT,Russia,Tatar Strait; North Pacific Ocean,Very Small,Open Roadstead,50.733333000000002,142.099999999999994
34770.0,Wales -- 34710,Holyhead, ,GB HLY,United Kingdom,Irish Sea; North Atlantic Ocean,Small,Coastal (Breakwater),53.316667000000002,-4.633333000000000
35100.0,England SW Coast -- 35030,Bridgwater, ,GB BRW,United Kingdom,Bristol Channel; North Atlantic Ocean,Very Small,River (Natural),51.133333000000000,-3.000000000000000
35300.0,England South Coast -- 35220,Mevagissey, ,GB MVG,United Kingdom,English Channel; North Atlantic Ocean,Very Small,Coastal (Breakwater),50.266666999999998,-4.783333000000000
35320.0,England South Coast -- 35220,Charlestown, ,GB CHF,United Kingdom,English Channel; North Atlantic Ocean,Very Small,Coastal (Tide Gates),50.333333000000003,-4.750000000000000
35440.0,England South Coast -- 35220,Bridport Harbour, ,GB BRP,United Kingdom,English Channel; North Atlantic Ocean,Very Small,Coastal (Breakwater),50.716667000000001,-2.766667000000000
35700.0,England South Coast -- 35220,Folkestone Harbour, ,GB FOL,United Kingdom,English Channel; North Atlantic Ocean,Small,Coastal (Breakwater),51.083333000000003,1.200000000000000
35980.0,Channel Islands -- 35970,Alderney Harbour,Alderney Harbor; Little Crabby Harbor,GG ACI,Guernsey,English Channel; North Atlantic Ocean,Very Small,Coastal (Breakwater),49.733333000000002,-2.200000000000000
7310.0,United States E Coast -- 6585,Hyannis, ,US HYA,United States,North Atlantic Ocean,Very Small,Coastal (Natural),41.649999999999999,-70.283332999999999
23780.0,Norway -- 20620,Drammen, ,NO DRM,Norway,Skagerrak; North Atlantic Ocean,Medium,Coastal (Breakwater),59.733333000000002,10.250000000000000
23820.0,Norway -- 20620,Drobak, ,NO DRK,Norway,Skagerrak; North Atlantic Ocean,Very Small,Coastal (Breakwater),59.660555555999998,10.625000000000000
23905.0,Sweden -- 23860,Bovallstrand, ,SE BLD,Sweden,Skagerrak; North Atlantic Ocean,Very Small,Coastal (Natural),58.483333000000002,11.333333000000000
24010.0,Sweden -- 23860,Marstrand, ,SE MSD,Sweden,Kattegat; North Atlantic Ocean,Very Small,Coastal (Natural),57.883888888999998,11.588333333000000
24100.0,Sweden -- 23860,Hoganas, ,SE HOG,Sweden,Kattegat; North Atlantic Ocean,Very Small,Coastal (Breakwater),56.196666667000002,12.544722222000001
25190.0,Sweden Cont -- 24975,Norrkoping, ,SE NRK,Sweden,Baltic Sea; North Atlantic Ocean,Medium,River (Natural),58.583333000000003,16.199999999999999
25360.0,Sweden Cont -- 24975,Gustavsberg, ,SE GUB,Sweden,Baltic Sea; North Atlantic Ocean,Very Small,Coastal (Natural),59.316667000000002,18.383333000000000
25460.0,Sweden Cont -- 24975,Hallstavik, ,SE HAK,Sweden,Gulf of Bothnia; Baltic Sea; North Atlantic Ocean,Very Small,River (Basins),60.049999999999997,18.583333000000000
25780.0,Sweden Cont -- 24975,Hudiksvall, ,SE HUV,Sweden,Gulf of Bothnia; Baltic Sea; North Atlantic Ocean,Small,River (Basins),61.733333000000002,17.116667000000000
26430.0,Sweden Cont -- 24975,Bollstabruk, ,SE BOL,Sweden,Gulf of Bothnia; Baltic Sea; North Atlantic Ocean,Very Small,Coastal (Natural),63.000000000000000,17.699999999999999
26710.0,Sweden Cont -- 24975,Kopmanholmen, ,SE KMH,Sweden,Gulf of Bothnia; Baltic Sea; North Atlantic Ocean,Very Small,Coastal (Natural),63.166666999999997,18.583333000000000
26810.0,Sweden Cont -- 24975,Nordmaling, ,SE NOG,Sweden,Gulf of Bothnia; Baltic Sea; North Atlantic Ocean,Very Small,Coastal (Natural),63.566667000000002,19.483332999999998
26880.0,Sweden Cont -- 24975,Obbola, ,SE OBB,Sweden,Gulf of Bothnia; Baltic Sea; North Atlantic Ocean,Very Small,Coastal (Natural),63.700000000000003,20.333333000000000
26990.0,Sweden Cont -- 24975,Gumbodahamn, , ,Sweden,Gulf of Bothnia; Baltic Sea; North Atlantic Ocean,Very Small,River (Basins),64.233333000000002,21.100000000000001
27090.0,Sweden Cont -- 24975,Kagehamn, , ,Sweden,Gulf of Bothnia; Baltic Sea; North Atlantic Ocean,Very Small,Coastal (Natural),64.833332999999996,21.033332999999999
28955.0,Germany -- 28826,Kappeln, ,DE KAP,Germany,Baltic Sea; North Atlantic Ocean,Very Small,River (Natural),54.666666999999997,9.933332999999999
29120.0,Bornholm -- 29020,Hasle, ,DK HSL,Denmark,Baltic Sea; North Atlantic Ocean,Very Small,Coastal (Breakwater),55.183332999999998,14.699999999999999
29220.0,Sjaelland -- 29150,Koge, ,DK KOG,Denmark,Baltic Sea; North Atlantic Ocean,Very Small,Coastal (Breakwater),55.450000000000003,12.199999999999999
29390.0,Sjaelland -- 29150,Hundested Havn, ,DK HUN,Denmark,Kattegat; North Atlantic Ocean,Very Small,Coastal (Breakwater),55.966667000000001,11.850000000000000
29520.0,Sjaelland -- 29150,Korsor, ,DK KRR,Denmark,Baltic Sea; North Atlantic Ocean,Small,Coastal (Breakwater),55.333333000000003,11.133333000000000
29555.0,Sjaelland -- 29150,Naestved, ,DK NVD,Denmark,Baltic Sea; North Atlantic Ocean,Small,River (Basins),55.233333000000002,11.750000000000000
29630.0,Falster -- 29570,Nykobing,Falster,DK NYF,Denmark,Baltic Sea; North Atlantic Ocean,Small,River (Natural),54.766666999999998,11.866667000000000
29700.0,Lolland -- 29650,Nakskov, ,DK NAK,Denmark,Baltic Sea; North Atlantic Ocean,Small,Coastal (Natural),54.833333000000003,11.133333000000000
29870.0,Fyn -- 29820,Kerteminde, ,DK KTD,Denmark,Kattegat; North Atlantic Ocean,Very Small,Coastal (Breakwater),55.450000000000003,10.666667000000000
29940.0,Fyn -- 29820,Faborg,Faaborg,DK FAA,Denmark,Baltic Sea; North Atlantic Ocean,Small,Coastal (Natural),55.100000000000001,10.250000000000000
30120.0,Jylland -- 30020,Haderslev, ,DK HAD,Denmark,Baltic Sea; North Atlantic Ocean,Small,River (Basins),55.250000000000000,9.500000000000000
30170.0,Jylland -- 30020,Fredericia, ,DK FRC,Denmark,Kattegat; North Atlantic Ocean,Small,Coastal (Natural),55.566667000000002,9.766667000000000
30640.0,Jylland -- 30020,Esbjerg, ,DK EBJ,Denmark,North Sea; North Atlantic Ocean,Small,Coastal (Natural),55.466667000000001,8.449999999999999
30695.0,Germany -- 30650,Busum, ,DE BUM,Germany,North Sea; North Atlantic Ocean,Very Small,Coastal (Natural),54.133333000000000,8.866667000000000
30850.0,Germany -- 30650,Brake, ,DE BKE,Germany,North Sea; North Atlantic Ocean,Medium,River (Tide Gates),53.333333000000003,8.483333000000000
30860.0,Germany -- 30650,Elsfleth, ,DE ELS,Germany,North Sea; North Atlantic Ocean,Very Small,River (Tide Gates),53.233333000000002,8.466666999999999
30960.0,Germany -- 30650,Leer, ,DE LEE,Germany,North Sea; North Atlantic Ocean,Very Small,River (Tide Gates),53.233333000000002,7.450000000000000
31020.0,Netherlands -- 30980,Den Helder,Willemsoord,NL DHR,Netherlands,North Sea; North Atlantic Ocean,Small,River (Basins),52.966667000000001,4.783333000000000
31215.0,Netherlands -- 30980,Hansweert, ,NL HAN,Netherlands,North Sea; North Atlantic Ocean,Very Small,Coastal (Tide Gates),51.450000000000003,4.000000000000000
31320.0,Belgium -- 31240,Nieuwpoort, ,BE NIE,Belgium,North Sea; North Atlantic Ocean,Very Small,Canal or Lake,51.133333000000000,2.750000000000000
31390.0,England East Coast -- 31330,Chatham Docks, ,GB CTM,United Kingdom,North Sea; North Atlantic Ocean,Small,River (Basins),51.399999999999999,0.550000000000000
31506.0,England East Coast -- 31330,Colchester, ,GB COL,United Kingdom,North Sea; North Atlantic Ocean,Very Small,River (Natural),51.883333000000000,0.916667000000000
31665.0,England East Coast -- 31330,Howdendyke, ,GB HDD,United Kingdom,North Sea; North Atlantic Ocean,Very Small,River (Natural),53.733333000000002,-0.883333000000000
31740.0,England East Coast -- 31330,Hartlepool, ,GB HTP,United Kingdom,North Sea; North Atlantic Ocean,Small,Coastal (Tide Gates),54.700000000000003,-1.183333000000000
31880.0,Scotland East Coast -- 31870,Eyemouth, ,GB EYM,United Kingdom,North Sea; North Atlantic Ocean,Very Small,River (Natural),55.866667000000000,-2.083333000000000
31890.0,Scotland East Coast -- 31870,Dunbar, ,GB DBR,United Kingdom,North Sea; North Atlantic Ocean,Very Small,Coastal (Breakwater),56.000000000000000,-2.516667000000000
32420.0,Orkney Islands -- 32390,Kettletoft,Kittletoft,GB KET,United Kingdom,North Sea; North Atlantic Ocean,Very Small,Coastal (Natural),59.233333000000002,-2.600000000000000
32440.0,Orkney Islands -- 32390,Kirkwall, ,GB KWL,United Kingdom,North Sea; North Atlantic Ocean,Very Small,Coastal (Breakwater),58.983333000000002,-2.966667000000000
32490.0,Orkney Islands -- 32390,Lyness, ,GB LYS,United Kingdom,North Sea; North Atlantic Ocean,Medium,Coastal (Natural),58.833333000000003,-3.200000000000000
32830.0,Scotland West Coast -- 32790,Aultbea, ,GB AUL,United Kingdom,North Atlantic Ocean,Very Small,Open Roadstead,57.833333000000003,-5.583333000000000
32850.0,Scotland West Coast -- 32790,Gairloch, ,GB GAR,United Kingdom,North Atlantic Ocean,Very Small,River (Natural),57.716667000000001,-5.683333000000000
32900.0,Scotland West Coast -- 32790,Kyle Of Lochalsh, ,GB KYL,United Kingdom,North Atlantic Ocean,Very Small,Open Roadstead,57.283332999999999,-5.716667000000000
32910.0,Scotland West Coast -- 32790,Kyleakin, ,GB KYN,United Kingdom,North Atlantic Ocean,Very Small,Coastal (Natural),57.266666999999998,-5.733333000000000
32920.0,Scotland West Coast -- 32790,Broadford Bay, ,GB BDF,United Kingdom,North Atlantic Ocean,Very Small,Coastal (Natural),57.250000000000000,-5.883333000000000
43562.0,Romania -- 43540,Medgidia, ,RO MED,Romania,Black Sea; North Atlantic Ocean,Very Small,Canal or Lake,44.250000000000000,28.266667000000002
40790.0,Italy East Coast -- 40390,Monfalcone, ,IT MNF,Italy,Adriatic Sea; Mediterranean Sea; North Atlantic Ocean,Medium,River (Basins),45.783332999999999,13.550000000000001
43430.0,Turkey Europe -- 43325,Defterdar Burnu, , ,Turkey,Sea of Marmara; Mediterranean Sea; North Atlantic Ocean,Very Small,Coastal (Natural),41.049999999999997,29.033332999999999
43500.0,Bulgaria -- 43460,Burgas,Burghaz; Druiba,BG BOJ,Bulgaria,Black Sea; North Atlantic Ocean,Small,Coastal (Breakwater),42.483333000000002,27.483332999999998
43558.0,Romania -- 43540,Basarabi, ,RO BAB,Romania,Black Sea; North Atlantic Ocean,Very Small,River (Natural),44.166666999999997,28.433333000000001
43565.0,Romania -- 43540,Danube-Black Sea Canal, , ,Romania,Black Sea; North Atlantic Ocean,Medium,Canal or Lake,44.266666999999998,28.183333000000001
43568.0,Romania -- 43540,Midia, ,RO MID,Romania,Black Sea; North Atlantic Ocean,Very Small,Open Roadstead,44.350000000000001,28.666667000000000
58620.0,Philippine Islands -- 57960,Masbate, ,PH MBT,Philippines,Philippine inland seas; North Pacific Ocean,Small,Coastal (Natural),12.366667000000000,123.616667000000007
59985.0,China Continued -- 59850,Jiangyin, ,CN JGY,China,East China Sea; North Pacific Ocean,Small,River (Natural),31.916667000000000,120.233333000000002
59986.0,China Continued -- 59850,Changzhou, ,CN CZX,China,East China Sea; North Pacific Ocean,Small,Open Roadstead,31.966667000000001,119.983333000000002
59987.0,China Continued -- 59850,Gaogang,Taizhou,CN GAO,China,East China Sea; North Pacific Ocean,Small,River (Natural),32.283332999999999,119.849999999999994
60450.0,North Korea Continued -- 60438,Hungnam,Konan,KP HGM,North Korea,Sea of Japan; North Pacific Ocean,Small,Coastal (Breakwater),39.833333000000003,127.616667000000007
60480.0,North Korea Continued -- 60438,Kimch'aek,Songjin,KP SON,North Korea,Sea of Japan; North Pacific Ocean,Very Small,Open Roadstead,40.666666999999997,129.199999999999989
60510.0,North Korea Continued -- 60438,Najin,Rashin,KP RJN,North Korea,Sea of Japan; North Pacific Ocean,Small,River (Basins),42.233333000000002,130.300000000000011
61040.0,Sakhalin -- 60840,Aleksandrovsk -Sakhalinskiy, ,RU SAK,Russia,Tatar Strait; North Pacific Ocean,Small,Open Roadstead,50.899999999999999,142.133332999999993
61110.0,Japan -- 61100,Mombetsu Ko,Monbetu Ko, ,Japan,Sea of Okhotsk; North Pacific Ocean,Very Small,Coastal (Breakwater),44.350000000000001,143.349999999999994
14110.0,Chile -- 14070,Bahia Agua Fresca,Agua Fresca, ,Chile,South Pacific Ocean,Very Small,Coastal (Natural),-53.383333000000000,-70.966667000000001
14140.0,Chile -- 14070,Bahia Harris,Harriss Bay, ,Chile,South Pacific Ocean,Very Small,Coastal (Natural),-53.850000000000001,-70.450000000000003
60290.0,North Korea -- 60270,Kyomip'o,Songnim,KP SGN,North Korea,Korea Bay; Yellow Sea; North Pacific Ocean,Very Small,River (Natural),38.733333000000002,125.616667000000007
18441.0,Canada West Coast -- 18080,Duncan Bay, ,CA DCN,Canada,Alaska-Canada coastal waters; North Pacific Ocean,Very Small,Coastal (Natural),50.066667000000002,-125.283332999999999
23220.0,Norway -- 20620,Strandvik, , ,Norway,North Sea; North Atlantic Ocean,Very Small,Coastal (Natural),60.158611110999999,5.677777778000000
57840.0,Hong Kong -- 57835,Hong Kong, ,HK HKG,Hong Kong,South China Sea; North Pacific Ocean,Large,Coastal (Natural),22.266667000000002,114.200000000000003
57810.0,Macau -- 57805,Macau, ,MO MFM,Macau,South China Sea; North Pacific Ocean,Medium,Coastal (Breakwater),22.183333000000001,113.566666999999995
28400.0,Russia -- 28250,Kronshtadt, ,RU KDT,Russia,Gulf of Finland; Baltic Sea; North Atlantic Ocean,Small,Coastal (Breakwater),59.983333000000002,29.783332999999999
28190.0,Finland -- 27380,Helsinki,Helsingfors,FI HEL,Finland,Gulf of Finland; Baltic Sea; North Atlantic Ocean,Large,Coastal (Breakwater),60.166666999999997,24.966667000000001
57859.0,China -- 57855,Huizhou, ,CN HUI,China,South China Sea; North Pacific Ocean,Very Small,Coastal (Natural),22.716667000000001,114.516666999999998
57862.0,China -- 57855,Chaozhou,Sanbaimen,CN COZ,China,South China Sea; North Pacific Ocean,Medium,Coastal (Natural),23.616667000000000,117.083332999999996
60720.0,Russia -- 60530,Bukhta Gaydamak,Gaydamak, ,Russia,Sea of Japan; North Pacific Ocean,Very Small,Coastal (Natural),42.866667000000000,132.683333000000005
35020.0,Wales -- 34710,Bird Port, ,GB BPT,United Kingdom,Bristol Channel; North Atlantic Ocean,Very Small,River (Natural),51.566667000000002,-2.966667000000000
35015.0,Wales -- 34710,Newport, ,GB NPT,United Kingdom,Bristol Channel; North Atlantic Ocean,Medium,River (Tide Gates),51.549999999999997,-2.983333000000000
28140.0,Finland -- 27380,Hanko, ,FI HKO,Finland,Gulf of Finland; Baltic Sea; North Atlantic Ocean,Small,Coastal (Breakwater),59.816667000000002,22.949999999999999
60060.0,China Continued -- 59850,Hankow,Wu Han,CN HNK,China,East China Sea; North Pacific Ocean,Medium,River (Natural),30.583333000000000,114.283332999999999
60000.0,China Continued -- 59850,Nanjing,Nanking,CN NJI,China,East China Sea; North Pacific Ocean,Very Small,River (Natural),32.083333000000003,118.750000000000000
60030.0,China Continued -- 59850,Ankingcheng,Anking; Anqing; Huai Ning, ,China,East China Sea; North Pacific Ocean,Very Small,River (Natural),30.516667000000002,117.033332999999999
45163.0,Egypt Mediterranean -- 45120,El Maadiya, ,EG EMD,Egypt,Mediterranean Sea; North Atlantic Ocean,Very Small,Coastal (Breakwater),31.266667000000002,30.149999999999999
57953.0,Taiwan -- 57880,Mailiao, ,TW MLI,Taiwan,Taiwan Strait; North Pacific Ocean,Very Small,Coastal (Breakwater),23.783332999999999,120.166667000000004
14060.0,South Georgia -- 14010,Grytviken,Grytviken Harbor; King Edward Cove,GS GRV,South Georgia and South Sandwich Islands,South Atlantic Ocean,Very Small,Coastal (Natural),-54.266666999999998,-36.500000000000000
27920.0,Finland -- 27380,Mariehamn,Maarianhamina,FI MHQ,Finland,Baltic Sea; North Atlantic Ocean,Small,Coastal (Natural),60.100000000000001,19.916667000000000
18570.0,Canada West Coast -- 18080,Crofton, ,CA CRO,Canada,Alaska-Canada coastal waters; North Pacific Ocean,Very Small,Coastal (Natural),48.866667000000000,-123.633332999999993
8170.0,United States E Coast -- 6585,Ocean City, ,US OCE,United States,North Atlantic Ocean,Very Small,Coastal (Natural),38.333333000000003,-75.083332999999996
7510.0,United States E Coast -- 6585,Norwich, ,US NOC,United States,North Atlantic Ocean,Very Small,River (Natural),41.516666999999998,-72.083332999999996
7490.0,United States E Coast -- 6585,Mystic, ,US MYC,United States,North Atlantic Ocean,Very Small,River (Natural),41.350000000000001,-71.966667000000001
7480.0,United States E Coast -- 6585,Noank, ,US NK3,United States,North Atlantic Ocean,Very Small,Coastal (Natural),41.316667000000002,-71.983333000000002
7450.0,United States E Coast -- 6585,Montauk Harbor, ,US MTP,United States,North Atlantic Ocean,Very Small,Coastal (Breakwater),41.066667000000002,-71.933333000000005
62950.0,Russia -- 62530,Murmansk,Rosta,RU MMK,Russia,Barents Sea; Arctic Ocean,Large,River (Natural),68.983333000000002,33.049999999999997
62800.0,Russia -- 62530,Arkhangels'k,Archangel,RU ARH,Russia,White Sea; Barents Sea; Arctic Ocean,Medium,River (Natural),64.529722222000004,40.521666666999998
62730.0,Russia -- 62530,Igarka, ,RU IAA,Russia,Kara Sea; Arctic Ocean,Small,River (Natural),67.458333332999999,86.588888889000003
3480.0,US Lake Erie -- 3400,Fairport, ,US FPT,United States,Lake Erie; Great Lakes,Small,River (Natural),41.766666999999998,-81.299999999999997
80.0,Iceland  West Coast -- 60,Hafnarfjordur,Straumsvik,IS HAF,Iceland,North Atlantic Ocean,Very Small,Coastal (Natural),64.066666999999995,-21.949999999999999
190.0,Iceland  West Coast -- 60,Isafjordur, ,IS ISA,Iceland,Denmark Strait; North Atlantic Ocean,Very Small,Coastal (Natural),66.066666999999995,-23.116667000000000
160.0,Iceland  West Coast -- 60,Bildudalur, ,IS BIL,Iceland,Denmark Strait; North Atlantic Ocean,Very Small,Coastal (Natural),65.683333000000005,-23.600000000000001
61270.0,Japan -- 61100,Aomori Ko, ,JP AOJ,Japan,North Pacific Ocean,Small,Coastal (Breakwater),40.833333000000003,140.750000000000000
62720.0,Russia -- 62530,Dudinka, ,RU DUD,Russia,Kara Sea; Arctic Ocean,Medium,River (Natural),69.400000000000006,86.166667000000004
8020.0,United States E Coast -- 6585,Atlantic City, ,US AIY,United States,North Atlantic Ocean,Very Small,Coastal (Natural),39.366667000000000,-74.416667000000004
8120.0,United States E Coast -- 6585,Gloucester, ,US GLC,United States,North Atlantic Ocean,Small,River (Natural),42.600000000000001,-70.666667000000004
8140.0,United States E Coast -- 6585,Burlington, ,US BUH,United States,North Atlantic Ocean,Very Small,River (Natural),40.083333000000003,-74.866667000000007
185.0,Iceland  West Coast -- 60,Bolungarvik, ,IS BOL,Iceland,Denmark Strait; North Atlantic Ocean,Very Small,Coastal (Breakwater),66.166667000000004,-23.233332999999998
61862.0,Japan -- 61100,Himekawa, ,JP HMK,Japan,Sea of Japan; North Pacific Ocean,Very Small,Coastal (Natural),37.033332999999999,137.849999999999994
61875.0,Japan -- 61100,Eastern Part Of Niigata-Ko,Niigata-higashi (East Port),JP NIH,Japan,Sea of Japan; North Pacific Ocean,Small,Coastal (Breakwater),38.016666999999998,139.233332999999988
62775.0,Russia -- 62530,Mezen, ,RU MEZ,Russia,White Sea; Barents Sea; Arctic Ocean,Small,Coastal (Natural),65.833332999999996,44.183332999999998
3350.0,Canada Lake Erie -- 3240,Leamington, ,CA LMN,Canada,Lake Erie; Great Lakes,Very Small,Open Roadstead,42.033332999999999,-82.599999999999994
62890.0,Russia -- 62530,Kandalaksha, ,RU KAN,Russia,White Sea; Barents Sea; Arctic Ocean,Very Small,River (Natural),67.133332999999993,32.416666999999997
62970.0,Russia -- 62530,Mys Abram,Abram Point, ,Russia,Barents Sea; Arctic Ocean,Very Small,Coastal (Natural),68.983333000000002,33.033332999999999
7440.0,United States E Coast -- 6585,Davisville Depot, ,US DVV,United States,North Atlantic Ocean,Very Small,Coastal (Natural),41.616667000000000,-71.400000000000006
8000.0,United States E Coast -- 6585,Barnegat, ,US BG7,United States,North Atlantic Ocean,Very Small,Coastal (Natural),39.766666999999998,-74.099999999999994
61277.0,Japan -- 61100,Noshiro Ko,Nosiro Ko,JP NSR,Japan,Sea of Japan; North Pacific Ocean,Very Small,Coastal (Natural),40.216667000000001,140.000000000000000
61232.0,Japan -- 61100,Isikari Wan, , ,Japan,Sea of Japan; North Pacific Ocean,Very Small,Coastal (Breakwater),43.233333000000002,141.366667000000007
61820.0,Japan -- 61100,Fukui Ko, ,JP FKJ,Japan,Sea of Japan; North Pacific Ocean,Medium,River (Natural),36.183332999999998,136.099999999999994
8270.0,United States E Coast -- 6585,Fredericksburg, ,US FDB,United States,North Atlantic Ocean,Very Small,River (Natural),38.299999999999997,-77.450000000000003
105.0,Iceland  West Coast -- 60,Grundartangi, ,IS GRT,Iceland,North Atlantic Ocean,Medium,Coastal (Breakwater),64.266666999999998,-22.000000000000000
61822.0,Japan -- 61100,Kanazawa, ,JP KNZ,Japan,Sea of Japan; North Pacific Ocean,Small,River (Basins),36.616667000000000,136.599999999999994
61867.0,Japan -- 61100,Kashiwazaki, ,JP KWZ,Japan,Sea of Japan; North Pacific Ocean,Very Small,Coastal (Natural),37.366667000000000,138.550000000000011
62900.0,Russia -- 62530,Bolshaya Piryu Guba,Lyessnoy, ,Russia,White Sea; Barents Sea; Arctic Ocean,Small,Coastal (Natural),66.673055555999994,34.361388888999997
8150.0,United States E Coast -- 6585,Bristol, ,US UAC,United States,North Atlantic Ocean,Very Small,River (Natural),40.100000000000001,-74.849999999999994
760.0,Greenland  West Coast -- 545,Aasiaat,Egedesminde,GL JEG,Greenland,Baffin Bay; Arctic Ocean,Small,Coastal (Natural),68.710833332999997,-52.868333333000002
16960.0,United States W Coast -- 16000,Camas, ,US CMS,United States,North Pacific Ocean,Very Small,River (Natural),45.583333000000003,-122.400000000000006
1340.0,Labrador -- 1230,Goose Bay, ,CA GOO,Canada,Labrador Sea; North Atlantic Ocean,Very Small,Coastal (Natural),53.366667000000000,-60.299999999999997
56370.0,Marshall Islands -- 56340,Kwajalein, ,MH KWA,Marshall Islands,North Pacific Ocean,Very Small,Open Roadstead,8.716666999999999,167.733332999999988
19270.0,Alaska -- 19080,Klawock, ,US KLW,United States,Alaska-Canada coastal waters; North Pacific Ocean,Very Small,Coastal (Natural),55.549999999999997,-133.099999999999994
70.0,Iceland  West Coast -- 60,Keflavik,Njardvik,IS KEV,Iceland,North Atlantic Ocean,Very Small,Open Roadstead,64.000000000000000,-22.550000000000001
18070.0,United States W Coast -- 16000,Blaine, ,US BWS,United States,Alaska-Canada coastal waters; North Pacific Ocean,Very Small,Coastal (Natural),49.000000000000000,-122.750000000000000
810.0,Greenland  West Coast -- 545,Illulissat (Jakobshavn),Iliussat,GL JAV,Greenland,Baffin Bay; Arctic Ocean,Small,Coastal (Natural),69.216667000000001,-51.100000000000001
19260.0,Alaska -- 19080,Craig, ,US CGA,United States,Alaska-Canada coastal waters; North Pacific Ocean,Very Small,Coastal (Natural),55.466667000000001,-133.150000000000006
21315.0, ,Olavsvern,Ramfjordnes,NO RMJ,Norway,Norwegian Sea; North Atlantic Ocean, , ,69.525629248000001,19.007549286000000
28496.0, ,Meeruse, ,EE MRS,Estonia,Gulf of Finland; Baltic Sea; North Atlantic Ocean,Very Small,Coastal (Breakwater),59.450870000000002,24.672200000000000
28520.0, ,Heltermaa, ,EE HLT,Estonia,Gulf of Riga; Baltic Sea; North Atlantic Ocean,Very Small,Coastal (Breakwater),58.866683999999999,23.048341000000001
28498.0, ,Bekkeri, ,EE BEK,Estonia,Gulf of Finland; Baltic Sea; North Atlantic Ocean,Very Small,Coastal (Breakwater),59.454540000000001,24.667449999999999
28492.0, ,Lahesuu, ,EE LHS,Estonia,Gulf of Finland; Baltic Sea; North Atlantic Ocean,Very Small,Coastal (Breakwater),59.457056203999997,24.703002723000001
28482.0,Estonia -- 28420,Miiduranna, ,EE MDR,Estonia,Gulf of Finland; Baltic Sea; North Atlantic Ocean,Small,Coastal (Breakwater),59.499402000000003,24.816063000000000
19750.0,Alaska -- 19080,Latouche, , ,United States,Gulf of Alaska; North Pacific Ocean,Very Small,Coastal (Natural),60.050500000000000,-147.904200000000003
19785.0,Alaska -- 19080,Coal Point, , ,United States,Cook Inlet; Gulf of Alaska; North Pacific Ocean,Very Small,Coastal (Natural),59.601399999999998,-151.411100000000005
12760.0,Brazil SE Coast -- 12700,Port De Aracaju,Carmopolis,BR AJU,Brazil,South Atlantic Ocean,Small,River (Natural),-10.916667000000000,-37.049999999999997
35990.0,Channel Islands -- 35970,Saint Sampson, ,GG STS,Guernsey,English Channel; North Atlantic Ocean,Very Small,Coastal (Breakwater),49.483333000000002,-2.516667000000000
23055.0,Norway -- 20620,Steinkjer, ,NO STE,Norway,Norwegian Sea; North Atlantic Ocean,Very Small,Coastal (Natural),64.010000000000005,11.478611110999999
2200.0,Canada St Lawrence R -- 1930,Port De Becancour, ,CA BEC,Canada,Gulf of Saint Lawrence; North Atlantic Ocean,Very Small,River (Natural),46.399999999999999,-72.383332999999993
19860.0,Alaska -- 19080,Three Saints Bay, , ,United States,North Pacific Ocean,Very Small,Coastal (Natural),57.116667000000000,-153.500000000000000
3340.0,Canada Lake Erie -- 3240,Pelee I West Dock, , ,Canada,Lake Erie; Great Lakes,Very Small,Open Roadstead,41.766666999999998,-82.683333000000005
32730.0,Faroe Islands -- 32660,Sorvagur,Sorvaag,FO SRV,Faroe Islands,North Atlantic Ocean,Very Small,Coastal (Natural),62.083333000000003,-7.250000000000000
19190.0,Alaska -- 19080,Union Bay, , ,United States,Alaska-Canada coastal waters; North Pacific Ocean,Very Small,Coastal (Natural),55.766666999999998,-132.216667000000001
44380.0,Turkey Asia -- 44360,Rize, ,TR RIZ,Turkey,Black Sea; North Atlantic Ocean,Very Small,Coastal (Breakwater),41.066667000000002,40.516666999999998
23990.0,Sweden -- 23860,Uddevalla, ,SE UDD,Sweden,Kattegat; North Atlantic Ocean,Medium,River (Basins),58.334722222000003,11.877500000000000
17440.0,United States W Coast -- 16000,Port Orchard, ,US PXO,United States,Alaska-Canada coastal waters; North Pacific Ocean,Very Small,Coastal (Natural),47.533332999999999,-122.633332999999993
840.0,Greenland  West Coast -- 545,Qeqertarsuaq,Godhavn,GL JGO,Greenland,Baffin Bay; Arctic Ocean,Small,Coastal (Natural),69.233333000000002,-53.533332999999999
20370.0,Alaska Continued -- 20185,Unalakleet, ,US UNK,United States,Bering Sea; North Pacific Ocean,Very Small,Open Roadstead,63.883333000000000,-160.783332999999999
31140.0,Netherlands -- 30980,Rotterdam, ,NL RTM,Netherlands,North Sea; North Atlantic Ocean,Large,River (Basins),51.899999999999999,4.483333000000000
34950.0,Wales -- 34710,Swansea, ,GB SWA,United Kingdom,Bristol Channel; North Atlantic Ocean,Small,River (Tide Gates),51.616667000000000,-3.950000000000000
20425.0,Alaska Continued -- 20185,Shishmaref, ,US SHH,United States,Chukchi Sea; Arctic Ocean,Very Small,Coastal (Natural),66.250000000000000,-166.083333000000010
3610.0,US Lake Erie -- 3400,Rouge River,River Rouge, ,United States,Lake Erie; Great Lakes,Small,River (Natural),42.283332999999999,-83.116667000000007
1040.0,Baffin Island -- 1010,Pangnirtung, ,CA PNT,Canada,Cumberland Sound; Labrador Sea; North Atlantic Ocean,Very Small,Coastal (Natural),66.133332999999993,-65.750000000000000
17120.0,United States W Coast -- 16000,Port Angeles, ,US CLM,United States,Alaska-Canada coastal waters; North Pacific Ocean,Small,Coastal (Natural),48.116667000000000,-123.433333000000005
26730.0,Sweden Cont -- 24975,Ornskoldsvik, ,SE OER,Sweden,Gulf of Bothnia; Baltic Sea; North Atlantic Ocean,Small,Coastal (Breakwater),63.283332999999999,18.716667000000001
23139.0,Norway -- 20620,Stura, ,NO STU,Norway,North Sea; North Atlantic Ocean,Very Small,Open Roadstead,60.622222221999998,4.863333333000000
20700.0,Norway -- 20620,Vardo, ,NO VAO,Norway,Barents Sea; Arctic Ocean,Small,Coastal (Natural),70.376944444000003,31.105555555999999
2430.0,Ottawa River -- 2270,Papineauville, ,CA PPV,Canada,Lake Ontario; Great Lakes,Very Small,River (Natural),45.616667000000000,-75.016666999999998
26290.0,Sweden Cont -- 24975,Utansjo,Utansio,SE UTA,Sweden,Gulf of Bothnia; Baltic Sea; North Atlantic Ocean,Very Small,Coastal (Natural),62.766666999999998,17.933333000000001
18850.0,Canada West Coast -- 18080,Sointula, , ,Canada,Alaska-Canada coastal waters; North Pacific Ocean,Very Small,Coastal (Natural),50.633333000000000,-127.016666999999998
27870.0,Finland -- 27380,Signilskar, , ,Finland,Baltic Sea; North Atlantic Ocean,Very Small,Coastal (Natural),60.200000000000003,19.333333000000000
35370.0,England South Coast -- 35220,Plymouth, ,GB PLY,United Kingdom,English Channel; North Atlantic Ocean,Medium,Coastal (Natural),50.366667000000000,-4.150000000000000
19140.0,Alaska -- 19080,Ward Cove, ,US WDC,United States,Alaska-Canada coastal waters; North Pacific Ocean,Very Small,Coastal (Natural),55.399999999999999,-131.733332999999988
30630.0,Jylland -- 30020,Ringkobing, ,DK RKG,Denmark,North Sea; North Atlantic Ocean,Very Small,Coastal (Breakwater),56.083333000000003,8.250000000000000
23720.0,Norway -- 20620,Tonsberg, ,NO TON,Norway,Skagerrak; North Atlantic Ocean,Very Small,Canal or Lake,59.262222221999998,10.410000000000000
31760.0,England East Coast -- 31330,Sunderland, ,GB SUN,United Kingdom,North Sea; North Atlantic Ocean,Medium,River (Tide Gates),54.916666999999997,-1.366667000000000
19390.0,Alaska -- 19080,Port Conclusion, , ,United States,Alaska-Canada coastal waters; North Pacific Ocean,Very Small,Coastal (Natural),56.250000000000000,-134.683333000000005
6575.0,Nova Scotia Cont -- 6070,Port Bayside Nb, ,CA BST,Canada,Bay of Fundy; North Atlantic Ocean,Very Small,River (Natural),45.149999999999999,-67.133332999999993
16950.0,United States W Coast -- 16000,Vancouver, ,US VAN,United States,North Pacific Ocean,Medium,River (Natural),45.633333000000000,-122.683333000000005
44090.0,Russia -- 44030,Yeysk,Yeisk,RU YEY,Russia,Sea of Azov; Black Sea; North Atlantic Ocean,Very Small,Coastal (Breakwater),46.733333000000002,38.266666999999998
12750.0,Brazil SE Coast -- 12700,Porto De Maceio, ,BR MCZ,Brazil,South Atlantic Ocean,Small,Coastal (Breakwater),-9.666667000000000,-35.733333000000002
27400.0,Finland -- 27380,Tornio,Roytta,FI TOR,Finland,Gulf of Bothnia; Baltic Sea; North Atlantic Ocean,Small,River (Natural),65.766666999999998,24.166667000000000
27780.0,Finland -- 27380,Rauma, ,FI RAU,Finland,Gulf of Bothnia; Baltic Sea; North Atlantic Ocean,Medium,Coastal (Breakwater),61.125000000000000,21.446111111000000
19840.0,Alaska -- 19080,Port Hobron, , ,United States,North Pacific Ocean,Very Small,Coastal (Natural),57.166666999999997,-153.166666999999990
14250.0,Chile -- 14070,Puerto Quemchi, ,CL QMC,Chile,South Pacific Ocean,Very Small,Coastal (Natural),-42.149999999999999,-73.483333000000002
7270.0,United States E Coast -- 6585,Scituate, ,US SCU,United States,North Atlantic Ocean,Very Small,Coastal (Breakwater),42.200000000000003,-70.716667000000001
13790.0,Argentina -- 13310,Quequen,Necochea,AR QQN,Argentina,South Atlantic Ocean,Very Small,Coastal (Breakwater),-38.583333000000003,-58.700000000000003
8510.0,United States E Coast -- 6585,Port Royal, ,US PRJ,United States,North Atlantic Ocean,Very Small,River (Natural),32.366667000000000,-80.683333000000005
20060.0,Alaska -- 19080,Unga, , ,United States,North Pacific Ocean,Very Small,Open Roadstead,55.183332999999998,-160.500000000000000
27520.0,Finland -- 27380,Oulu,Uleaborg,FI OUL,Finland,Gulf of Bothnia; Baltic Sea; North Atlantic Ocean,Large,River (Natural),65.016666999999998,25.399999999999999
35715.0,England South Coast -- 35220,Ramsgate, ,GB RMG,United Kingdom,English Channel; North Atlantic Ocean,Small,Coastal (Breakwater),51.333333000000003,1.416667000000000
4000.0,Canada Lake Huron -- 3640,Port Severn, , ,Canada,Lake Huron; Great Lakes,Very Small,River (Natural),44.799999999999997,-79.716667000000001
19030.0,Canada West Coast -- 18080,Port Clements, ,CA PCS,Canada,Alaska-Canada coastal waters; North Pacific Ocean,Very Small,Coastal (Natural),53.683332999999998,-132.183333000000005
2980.0,Canada Lake Ontario -- 2820,Oshawa, ,CA OSH,Canada,Lake Ontario; Great Lakes,Small,Coastal (Breakwater),43.866667000000000,-78.816666999999995
20690.0,Norway -- 20620,Vadso, ,NO VDS,Norway,Barents Sea; Arctic Ocean,Small,Coastal (Breakwater),70.072222221999994,29.741388889000000
35600.0,England South Coast -- 35220,Portsmouth Harbour, ,GB PME,United Kingdom,English Channel; North Atlantic Ocean,Medium,Coastal (Tide Gates),50.799999999999997,-1.100000000000000
18942.0,Canada West Coast -- 18080,Porpoise Harbor, , ,Canada,Alaska-Canada coastal waters; North Pacific Ocean,Very Small,Coastal (Natural),54.216667000000001,-130.283332999999999
3330.0,Canada Lake Erie -- 3240,Pelee I North Wharf, ,CA DLM,Canada,Lake Erie; Great Lakes,Very Small,Coastal (Natural),41.816667000000002,-82.666667000000004
20220.0,Alaska Continued -- 20185,Pilot Point, ,US PIP,United States,Bristol Bay; Bering Sea; North Pacific Ocean,Very Small,Coastal (Natural),57.566667000000002,-157.599999999999994
32950.0,Scotland West Coast -- 32790,Uig, ,GB UIG,United Kingdom,North Atlantic Ocean,Very Small,Coastal (Natural),57.583333000000003,-6.350000000000000
3700.0,Canada Lake Huron -- 3640,Sarnia, ,CA SNI,Canada,Lake Saint Clair; Great Lakes,Small,River (Natural),42.983333000000002,-82.416667000000004
33020.0,Scotland West Coast -- 32790,Stornoway Harbor, ,GB STO,United Kingdom,North Atlantic Ocean,Very Small,Coastal (Natural),58.183332999999998,-6.366667000000000
2970.0,Canada Lake Ontario -- 2820,Port Hope, ,CA OPE,Canada,Lake Ontario; Great Lakes,Small,Coastal (Breakwater),43.933332999999998,-78.283332999999999
2150.0,Canada St Lawrence R -- 1930,Riviere Du Loup,Fraserville,CA RDL,Canada,Gulf of Saint Lawrence; North Atlantic Ocean,Small,River (Natural),47.833333000000003,-69.516666999999998
19400.0,Alaska -- 19080,Port Alexander, ,US PTD,United States,Alaska-Canada coastal waters; North Pacific Ocean,Very Small,Coastal (Natural),56.250000000000000,-134.650000000000006
34610.0,England West Coast -- 34580,Workington, ,GB WOR,United Kingdom,Irish Sea; North Atlantic Ocean,Very Small,River (Tide Gates),54.566667000000002,-3.633333000000000
32360.0,Scotland East Coast -- 31870,Portmahomack Harbor, ,GB PMK,United Kingdom,North Sea; North Atlantic Ocean,Small,Coastal (Breakwater),57.833333000000003,-3.833333000000000
26180.0,Sweden Cont -- 24975,Soraker, ,SE SOR,Sweden,Gulf of Bothnia; Baltic Sea; North Atlantic Ocean,Very Small,Coastal (Natural),62.500000000000000,17.500000000000000
18090.0,Canada West Coast -- 18080,Steveston, ,CA SVN,Canada,Alaska-Canada coastal waters; North Pacific Ocean,Very Small,River (Natural),49.133333000000000,-123.183333000000005
34980.0,Wales -- 34710,Port Talbot, ,GB PTB,United Kingdom,Bristol Channel; North Atlantic Ocean,Small,Coastal (Breakwater),51.583333000000003,-3.816667000000000
21820.0,Norway -- 20620,Reine, ,NO REI,Norway,Norwegian Sea; North Atlantic Ocean,Very Small,Coastal (Natural),67.938611111000000,13.101666667000000
12600.0,Brazil NE Coast Cont -- 12575,Tutoia,Tutoya,BR TUT,Brazil,South Atlantic Ocean,Very Small,River (Natural),-2.783333000000000,-42.283332999999999
19585.0,Alaska -- 19080,Port Chilkoot, , ,United States,Alaska-Canada coastal waters; North Pacific Ocean,Very Small,Coastal (Natural),59.233333000000002,-135.433333000000005
28605.0,Latvia -- 28600,Salacgriva, ,LV SAL,Latvia,Gulf of Riga; Baltic Sea; North Atlantic Ocean,Very Small,River (Natural),57.700000000000003,24.366667000000000
44490.0,Turkey Asia -- 44360,Zonguldak,Sungul,TR ZON,Turkey,Black Sea; North Atlantic Ocean,Very Small,Coastal (Breakwater),41.466667000000001,31.816666999999999
32590.0,Shetland Islands -- 32510,Scalloway, ,GB SWY,United Kingdom,North Atlantic Ocean,Very Small,Coastal (Natural),60.133333000000000,-1.283333000000000
20420.0,Alaska Continued -- 20185,Savoonga, ,US SVA,United States,Bering Sea; North Pacific Ocean,Very Small,Open Roadstead,63.683332999999998,-170.400000000000006
4480.0,US Lake Huron -- 4300,Rockport, , ,United States,Lake Huron; Great Lakes,Very Small,Open Roadstead,45.200000000000003,-83.383332999999993
610.0,Greenland  West Coast -- 545,Paamuit (Frederikshab),Frederikshab; Pamiut,GL JFR,Greenland,Labrador Sea; North Atlantic Ocean,Small,Coastal (Natural),62.000000000000000,-49.666666999999997
3980.0,Canada Lake Huron -- 3640,Waubaushene, , ,Canada,Lake Huron; Great Lakes,Very Small,Coastal (Natural),44.766666999999998,-79.716667000000001
19380.0,Alaska -- 19080,Port Armstrong, ,US PTL,United States,Alaska-Canada coastal waters; North Pacific Ocean,Very Small,Coastal (Natural),56.299999999999997,-134.666666999999990
19230.0,Alaska -- 19080,Rose Inlet, , ,United States,Alaska-Canada coastal waters; North Pacific Ocean,Very Small,Coastal (Natural),54.950000000000003,-132.966667000000001
30910.0,Germany -- 30650,Wilhelmshaven, ,DE WVN,Germany,North Sea; North Atlantic Ocean,Small,Coastal (Tide Gates),53.533332999999999,8.166667000000000
23195.0,Norway -- 20620,Tranneset, , ,Norway,North Sea; North Atlantic Ocean,Small,Coastal (Natural),60.416666999999997,5.016667000000000
20210.0,Alaska Continued -- 20185,Port Heiden, ,US PTH,United States,Bristol Bay; Bering Sea; North Pacific Ocean,Very Small,Coastal (Natural),56.883333000000000,-158.699999999999989
25380.0,Sweden Cont -- 24975,Stockholm, ,SE STO,Sweden,Baltic Sea; North Atlantic Ocean,Large,Coastal (Breakwater),59.333333000000003,18.050000000000001
19730.0,Alaska -- 19080,Port Ashton, , ,United States,Gulf of Alaska; North Pacific Ocean,Very Small,Coastal (Natural),60.066667000000002,-148.050000000000011
1795.0,Newfoundland  W Coast -- 1800,Port Aux Basques, ,CA PBQ,Canada,North Atlantic Ocean,Small,Coastal (Natural),47.566667000000002,-59.133333000000000
43572.0,Romania -- 43540,Tulcea, ,RO TCE,Romania,Black Sea; North Atlantic Ocean,Very Small,River (Natural),45.166666999999997,28.816666999999999
20175.0,Aleutian Islands -- 20095,Skoot Cove, , ,United States,North Pacific Ocean,Very Small,Coastal (Natural),52.716667000000001,174.066666999999995
32430.0,Orkney Islands -- 32390,Whitehall, ,GB WHL,United Kingdom,North Sea; North Atlantic Ocean,Very Small,Coastal (Natural),59.133333000000000,-2.600000000000000
4290.0,Canada Lake Huron -- 3640,Sault Ste Marie, ,CA SSM,Canada,Lake Superior; Great Lakes,Small,River (Natural),46.516666999999998,-84.349999999999994
19490.0,Alaska -- 19080,Todd, , ,United States,Alaska-Canada coastal waters; North Pacific Ocean,Very Small,Coastal (Natural),57.466667000000001,-135.050000000000011
6220.0,Nova Scotia Cont -- 6070,Sonora, , ,Canada,North Atlantic Ocean,Very Small,River (Natural),45.066667000000002,-61.916666999999997
44070.0,Russia -- 44030,Rostov-Na-Donu, ,RU RND,Russia,Sea of Azov; Black Sea; North Atlantic Ocean,Small,River (Basins),47.166666999999997,39.716667000000001
5170.0,Canada Lake Superior -- 5120,Quebec Harbour, , ,Canada,Lake Superior; Great Lakes,Very Small,Coastal (Natural),47.700000000000003,-85.799999999999997
2300.0,Ottawa River -- 2270,Vaudreuil, ,CA DON,Canada,Lake Ontario; Great Lakes,Very Small,River (Natural),45.399999999999999,-74.033332999999999
8390.0,United States E Coast -- 6585,Washington, ,US KJH,United States,North Atlantic Ocean,Very Small,River (Natural),35.549999999999997,-77.049999999999997
20230.0,Alaska Continued -- 20185,Ugashik, ,US UGS,United States,Bristol Bay; Bering Sea; North Pacific Ocean,Very Small,River (Natural),57.533332999999999,-157.416666999999990
5620.0,New Brunswick -- 5555,Shippegan, ,CA SHP,Canada,Gulf of Saint Lawrence; North Atlantic Ocean,Very Small,Coastal (Natural),47.750000000000000,-64.700000000000003
19620.0,Alaska -- 19080,Yakutat, ,US YAK,United States,Gulf of Alaska; North Pacific Ocean,Very Small,Coastal (Natural),59.549999999999997,-139.733332999999988
3095.0,Canada Lake Ontario -- 2820,St Catherine, ,CA SC4,Canada,Lake Ontario; Great Lakes,Very Small,Canal or Lake,43.183332999999998,-79.283332999999999
21970.0,Norway -- 20620,Ulvik, ,NO UVK,Norway,Norwegian Sea; North Atlantic Ocean,Very Small,River (Natural),68.560833333000005,16.233888888999999
43835.0,Ukraine -- 43620,Sudak, , ,Ukraine,Black Sea; North Atlantic Ocean,Very Small,Coastal (Natural),44.850000000000001,34.983333000000002
9270.0,US Gulf Coast -- 8650,Port Lavaca, ,US PLV,United States,Gulf of Mexico; North Atlantic Ocean,Very Small,Coastal (Natural),28.616667000000000,-96.616667000000007
23040.0,Norway -- 20620,Rorvik, ,NO RVK,Norway,Norwegian Sea; North Atlantic Ocean,Very Small,Coastal (Natural),64.864722221999997,11.251944443999999
35630.0,England South Coast -- 35220,Shoreham Harbour,New Shoreham,GB SHO,United Kingdom,English Channel; North Atlantic Ocean,Very Small,Canal or Lake,50.816667000000002,-0.250000000000000
16980.0,United States W Coast -- 16000,The Dalles, ,US DLS,United States,Alaska-Canada coastal waters; North Pacific Ocean,Very Small,River (Natural),45.600000000000001,-121.183333000000005
3580.0,US Lake Erie -- 3400,Trenton, ,US XNG,United States,Lake Erie; Great Lakes,Very Small,River (Natural),42.133333000000000,-83.166667000000004
4030.0,Canada Lake Huron -- 3640,Parry Sound, ,CA PRS,Canada,Lake Huron; Great Lakes,Small,Coastal (Natural),45.333333000000003,-80.033332999999999
33880.0,Ireland -- 33840,Rathmullan, ,IE RAT,Ireland,North Atlantic Ocean,Very Small,Coastal (Natural),55.100000000000001,-7.533333000000000
44060.0,Russia -- 44030,Taganrog, ,RU TAG,Russia,Sea of Azov; Black Sea; North Atlantic Ocean,Very Small,Coastal (Breakwater),47.200000000000003,38.950000000000003
25700.0,Sweden Cont -- 24975,Sandarne, ,SE SAE,Sweden,Gulf of Bothnia; Baltic Sea; North Atlantic Ocean,Small,Coastal (Natural),61.266666999999998,17.183333000000001
24000.0,Sweden -- 23860,Stenungsund, ,SE STE,Sweden,Kattegat; North Atlantic Ocean,Very Small,Open Roadstead,58.079722222000001,11.800000000000001
31980.0,Scotland East Coast -- 31870,Rosyth, ,GB ROY,United Kingdom,North Sea; North Atlantic Ocean,Small,River (Tide Gates),56.016666999999998,-3.433333000000000
18980.0,Canada West Coast -- 18080,Stewart, ,CA STW,Canada,Alaska-Canada coastal waters; North Pacific Ocean,Very Small,Coastal (Natural),55.933332999999998,-130.000000000000000
32470.0,Orkney Islands -- 32390,St Margarets Hope, ,GB SGP,United Kingdom,North Sea; North Atlantic Ocean,Very Small,Coastal (Natural),58.833333000000003,-2.950000000000000
19760.0,Alaska -- 19080,Seward, ,US SWD,United States,Gulf of Alaska; North Pacific Ocean,Small,Coastal (Natural),60.100000000000001,-149.433333000000005
3270.0,Canada Lake Erie -- 3240,Port Dover, ,CA PDV,Canada,Lake Erie; Great Lakes,Very Small,River (Natural),42.783332999999999,-80.200000000000003
19320.0,Alaska -- 19080,Washington Bay, ,US HQJ,United States,Alaska-Canada coastal waters; North Pacific Ocean,Very Small,Coastal (Natural),56.733333000000002,-134.349999999999994
17020.0,United States W Coast -- 16000,Raymond, ,US ACC,United States,North Pacific Ocean,Small,River (Natural),46.683332999999998,-123.733333000000002
3260.0,Canada Lake Erie -- 3240,Port Maitland, ,CAPTM,Canada,Lake Erie; Great Lakes,Small,River (Basins),42.850000000000001,-79.583332999999996
20130.0,Aleutian Islands -- 20095,Unalaska, ,US UAA,United States,Bering Sea; North Pacific Ocean,Very Small,Coastal (Natural),53.866667000000000,-166.533332999999999
28870.0,Germany -- 28826,Wismar, ,DE WIS,Germany,Baltic Sea; North Atlantic Ocean,Small,Coastal (Natural),53.899999999999999,11.466666999999999
21510.0,Norway -- 20620,Sjovegan, ,NO SJV,Norway,Norwegian Sea; North Atlantic Ocean,Very Small,Coastal (Natural),68.873611111000002,17.828611111000001
2940.0,Canada Lake Ontario -- 2820,Trenton, ,CA TTC,Canada,Lake Ontario; Great Lakes,Small,River (Natural),44.100000000000001,-77.566666999999995
5290.0,US Lake Superior -- 5230,Presque Isle, ,US PSS,United States,Lake Superior; Great Lakes,Very Small,Coastal (Breakwater),46.566667000000002,-87.383332999999993
7280.0,United States E Coast -- 6585,Plymouth, ,US PYM,United States,North Atlantic Ocean,Very Small,Coastal (Natural),41.950000000000003,-70.666667000000004
12335.0,Venezuela -- 11950,Puerto Ordaz, ,VE PZO,Venezuela,Caribbean Sea; North Atlantic Ocean,Small,River (Natural),8.350000000000000,-62.716667000000001
3092.0,Canada Lake Ontario -- 2820,Thorold, ,CA THD,Canada,Lake Ontario; Great Lakes,Small,Canal or Lake,43.083333000000003,-79.716667000000001
23118.0,Norway -- 20620,Orstav, ,NO ORS,Norway,Norwegian Sea; North Atlantic Ocean,Small,Coastal (Natural),62.196111111000000,6.114444444000000
35410.0,England South Coast -- 35220,Torquay Harbour, ,GB TOR,United Kingdom,English Channel; North Atlantic Ocean,Very Small,Coastal (Breakwater),50.466667000000001,-3.533333000000000
2880.0,Canada Lake Ontario -- 2820,Picton, ,CA PIC,Canada,Lake Ontario; Great Lakes,Very Small,Coastal (Natural),44.016666999999998,-77.133332999999993
19210.0,Alaska -- 19080,Wrangell, ,US WRG,United States,Alaska-Canada coastal waters; North Pacific Ocean,Small,Coastal (Natural),56.466667000000001,-132.383332999999993
24260.0,Sweden -- 23860,Ystad, ,SE YST,Sweden,Baltic Sea; North Atlantic Ocean,Small,Coastal (Breakwater),55.418333333000000,13.818055555999999
21910.0,Norway -- 20620,Skrova Havn, ,NO SRO,Norway,Norwegian Sea; North Atlantic Ocean,Very Small,Coastal (Natural),68.165833332999995,14.664166667000000
30970.0,Germany -- 30650,Papenburg, ,DE PAP,Germany,North Sea; North Atlantic Ocean,Small,Canal or Lake,53.100000000000001,7.383333000000000
43750.0,Ukraine -- 43620,Yevpatoriya,Eupatoria,UA ZKA,Ukraine,Black Sea; North Atlantic Ocean,Very Small,Coastal (Natural),45.200000000000003,33.383333000000000
26890.0,Sweden Cont -- 24975,Umea Hamn,Umea,SE UME,Sweden,Gulf of Bothnia; Baltic Sea; North Atlantic Ocean,Small,Coastal (Breakwater),63.700000000000003,20.350000000000001
14270.0,Chile -- 14070,Puerto Montt, ,CL PMC,Chile,South Pacific Ocean,Small,Coastal (Natural),-41.483333000000002,-72.966667000000001
38270.0,Spain SW Coast -- 38200,Sevilla,Seville,ES SVQ,Spain,North Atlantic Ocean,Medium,Canal or Lake,37.366667000000000,-6.000000000000000
27535.0,Finland -- 27380,Veitsiluoto, ,FI VEI,Finland,Gulf of Bothnia; Baltic Sea; North Atlantic Ocean,Small,Coastal (Natural),65.700000000000003,24.616667000000000
3110.0,Canada Lake Ontario -- 2820,Queenston, ,CA QNS,Canada,Lake Erie; Great Lakes,Very Small,River (Natural),43.166666999999997,-79.066666999999995
13970.0,Argentina -- 13310,Rio Grande, ,AR RGA,Argentina,South Atlantic Ocean,Very Small,River (Natural),-53.783332999999999,-67.683333000000005
3650.0,Canada Lake Huron -- 3640,Walpole Island, , ,Canada,Lake Saint Clair; Great Lakes,Very Small,River (Natural),42.616667000000000,-82.516666999999998
16810.0,United States W Coast -- 16000,Waldport,Alsea, ,United States,North Pacific Ocean,Very Small,Coastal (Natural),44.433332999999998,-124.066666999999995
22750.0,Norway -- 20620,Sandnessjoen, ,NO SSJ,Norway,Norwegian Sea; North Atlantic Ocean,Very Small,Coastal (Natural),66.026388889000003,12.629444444000001
1810.0,Newfoundland  W Coast -- 1800,Stephenville,Port Harmon,CA STV,Canada,Gulf of Saint Lawrence; North Atlantic Ocean,Very Small,Coastal (Breakwater),48.533332999999999,-58.533332999999999
16790.0,United States W Coast -- 16000,Winchester Bay,Salmon Harbor, ,United States,North Pacific Ocean,Very Small,River (Natural),43.683332999999998,-124.183333000000005
31120.0,Netherlands -- 30980,Vlaardingen, ,NL VLA,Netherlands,North Sea; North Atlantic Ocean,Very Small,River (Basins),51.899999999999999,4.350000000000000
20470.0,Alaska Continued -- 20185,Wainwright, ,US AIN,United States,Arctic Ocean,Very Small,Open Roadstead,70.650000000000006,-160.000000000000000
27530.0,Finland -- 27380,Raahe,Brahestad,FI RAA,Finland,Gulf of Bothnia; Baltic Sea; North Atlantic Ocean,Small,Coastal (Breakwater),64.683333000000005,24.416667000000000
24635.0,Sweden -- 23860,Stora Jatterson, ,SE JAT,Sweden,Baltic Sea; North Atlantic Ocean,Very Small,Open Roadstead,57.100000000000001,16.566666999999999
18950.0,Canada West Coast -- 18080,Prince Rupert, ,CA PRR,Canada,Alaska-Canada coastal waters; North Pacific Ocean,Medium,Coastal (Natural),54.316667000000002,-130.333333000000010
31130.0,Netherlands -- 30980,Schiedam, ,NL SCI,Netherlands,North Sea; North Atlantic Ocean,Very Small,River (Basins),51.899999999999999,4.400000000000000
5770.0,Prince Edward Island -- 5705,Summerside, ,CA SUM,Canada,Gulf of Saint Lawrence; North Atlantic Ocean,Small,Coastal (Natural),46.399999999999999,-63.783332999999999
29580.0,Falster -- 29570,Stubbekobing,Duunamunde,DK SBK,Denmark,Baltic Sea; North Atlantic Ocean,Small,Coastal (Breakwater),54.883333000000000,12.050000000000001
3420.0,US Lake Erie -- 3400,Tonawanda, ,US UZF,United States,Lake Erie; Great Lakes,Small,River (Natural),43.033332999999999,-78.883332999999993
44420.0,Turkey Asia -- 44360,Ordu, ,TR ORD,Turkey,Black Sea; North Atlantic Ocean,Very Small,Open Roadstead,41.000000000000000,37.883333000000000
19650.0,Alaska -- 19080,Shepard Point, , ,United States,Gulf of Alaska; North Pacific Ocean,Very Small,Open Roadstead,60.633333000000000,-145.666666999999990
2030.0,Canada St Lawrence R -- 1930,Rimouski, ,CA RIM,Canada,Gulf of Saint Lawrence; North Atlantic Ocean,Small,River (Natural),48.450000000000003,-68.516666999999998
32230.0,Scotland East Coast -- 31870,Peterhead,Peterhead Bay Harbor,GB PHD,United Kingdom,North Sea; North Atlantic Ocean,Medium,Coastal (Breakwater),57.500000000000000,-1.783333000000000
19870.0,Alaska -- 19080,Trap Point, , ,United States,North Pacific Ocean,Very Small,Coastal (Natural),57.000000000000000,-154.150000000000006
37150.0,France West Coast -- 36450,Pauillac, ,FR PAP,France,Bay of Biscay; North Atlantic Ocean,Small,River (Natural),45.200000000000003,-0.750000000000000
23046.0,Norway -- 20620,Salsbruket, ,NO SBU,Norway,Norwegian Sea; North Atlantic Ocean,Small,Coastal (Natural),64.797777777999997,11.860277778000000
29710.0,Lolland -- 29650,Rodby Havn, ,DK ROF,Denmark,Baltic Sea; North Atlantic Ocean,Very Small,Coastal (Breakwater),54.649999999999999,11.350000000000000
13080.0,Brazil SE Coast -- 12700,Porto Alegre, ,BR POA,Brazil,South Atlantic Ocean,Medium,River (Natural),-30.033332999999999,-51.233333000000002
32890.0,Scotland West Coast -- 32790,Plockton, ,GB PLO,United Kingdom,North Atlantic Ocean,Very Small,Coastal (Natural),57.333333000000003,-5.650000000000000
3390.0,Canada Lake Erie -- 3240,Windsor, ,CA WND,Canada,Lake Erie; Great Lakes,Medium,River (Natural),42.316667000000002,-83.033332999999999
44460.0,Turkey Asia -- 44360,Sinop,Sinub,TR SIC,Turkey,Black Sea; North Atlantic Ocean,Very Small,Open Roadstead,42.049999999999997,35.166666999999997
27650.0,Finland -- 27380,Vaasa,Vasa,FI VAA,Finland,Gulf of Bothnia; Baltic Sea; North Atlantic Ocean,Medium,Coastal (Natural),63.100000000000001,21.583333000000000
28820.0,Poland -- 28700,Swinoujscie,Swinemunde,PL SWI,Poland,Baltic Sea; North Atlantic Ocean,Small,River (Natural),53.916666999999997,14.266667000000000
3890.0,Canada Lake Huron -- 3640,Thornbury, ,CA TBY,Canada,Lake Huron; Great Lakes,Very Small,Coastal (Breakwater),44.566667000000002,-80.450000000000003
28840.0,Germany -- 28826,Sassnitz, ,DE SAS,Germany,Baltic Sea; North Atlantic Ocean,Very Small,Open Roadstead,54.516666999999998,13.650000000000000
23090.0,Norway -- 20620,Trondheim, ,NO TRD,Norway,Norwegian Sea; North Atlantic Ocean,Medium,Coastal (Natural),63.448333333000001,10.401666667000001
27250.0,Sweden Cont -- 24975,Torehamn, ,SE TOE,Sweden,Gulf of Bothnia; Baltic Sea; North Atlantic Ocean,Very Small,Coastal (Natural),65.900000000000006,22.649999999999999
13950.0,Argentina -- 13310,Puerto Santa Cruz, ,AR RZA,Argentina,South Atlantic Ocean,Very Small,River (Natural),-50.016666999999998,-68.516666999999998
19050.0,Canada West Coast -- 18080,Queen Charlotte, ,CA QCH,Canada,Alaska-Canada coastal waters; North Pacific Ocean,Very Small,Coastal (Natural),53.250000000000000,-132.083333000000010
24940.0,Gotland -- 24806,Storugns, ,SE SUS,Sweden,Baltic Sea; North Atlantic Ocean,Very Small,Open Roadstead,57.833333000000003,18.800000000000001
28912.0,Germany -- 28826,Orth, ,DE ORT,Germany,Baltic Sea; North Atlantic Ocean,Very Small,Coastal (Breakwater),54.450000000000003,11.050000000000001
1035.0,Baffin Island -- 1010,Padloping Island, , ,Canada,Baffin Bay; Arctic Ocean,Very Small,Coastal (Natural),67.033332999999999,-62.733333000000002
510.0,Iceland  South Coast -- 490,Vestmannaeyjar, ,IS VES,Iceland,North Atlantic Ocean,Small,Coastal (Natural),63.433332999999998,-20.283332999999999
31430.0,England East Coast -- 31330,Tilbury, ,GB TIL,United Kingdom,North Sea; North Atlantic Ocean,Small,River (Tide Gates),51.466667000000001,0.333333000000000
19920.0,Alaska -- 19080,Port Obrien, , ,United States,Gulf of Alaska; North Pacific Ocean,Very Small,Coastal (Natural),57.733333000000002,-153.316666999999995
3930.0,Canada Lake Huron -- 3640,Penetanguishene, ,CA PTH,Canada,Lake Huron; Great Lakes,Very Small,Coastal (Natural),44.766666999999998,-79.933333000000005
17320.0,United States W Coast -- 16000,Winslow, , ,United States,Alaska-Canada coastal waters; North Pacific Ocean,Very Small,Coastal (Natural),47.616667000000000,-122.516666999999998
31376.0,England East Coast -- 31330,Thamesport, ,GB THP,United Kingdom,North Sea; North Atlantic Ocean,Small,River (Natural),51.433332999999998,0.700000000000000
18705.0,Canada West Coast -- 18080,Port San Juan, , ,Canada,Alaska-Canada coastal waters; North Pacific Ocean,Very Small,Coastal (Natural),48.549999999999997,-124.433333000000005
5440.0,US Lake Superior -- 5230,Port Wing, , ,United States,Lake Superior; Great Lakes,Very Small,Coastal (Breakwater),46.783332999999999,-91.383332999999993
25370.0,Sweden Cont -- 24975,Sandhamn, , ,Sweden,Baltic Sea; North Atlantic Ocean,Very Small,Coastal (Natural),59.283332999999999,18.916667000000000
19440.0,Alaska -- 19080,Pelican, ,US PEC,United States,Alaska-Canada coastal waters; North Pacific Ocean,Very Small,Coastal (Natural),57.966667000000001,-136.233332999999988
13000.0,Brazil SE Coast -- 12700,Sao Francisco, ,BR SFS,Brazil,South Atlantic Ocean,Small,River (Natural),-26.250000000000000,-48.633333000000000
23105.0,Norway -- 20620,Sunndalsora, ,NO SUN,Norway,Norwegian Sea; North Atlantic Ocean,Very Small,River (Basins),62.683332999999998,8.550000000000001
17940.0,United States W Coast -- 16000,Roche  Harbor, ,US RCE,United States,Alaska-Canada coastal waters; North Pacific Ocean,Very Small,Coastal (Natural),48.616667000000000,-123.166667000000004
18660.0,Canada West Coast -- 18080,Sidney, ,CA SDY,Canada,Alaska-Canada coastal waters; North Pacific Ocean,Very Small,Coastal (Natural),48.649999999999999,-123.383332999999993
17040.0,United States W Coast -- 16000,Westhaven Cove,West Haven; Westport,US WSZ,United States,North Pacific Ocean,Very Small,River (Natural),46.916666999999997,-124.116667000000007
4850.0,US Lake Michigan -- 4570,Racine, ,US RAC,United States,Lake Michigan; Great Lakes,Small,Coastal (Breakwater),42.733333000000002,-87.783332999999999
29830.0,Fyn -- 29820,Svendborg, ,DK SVE,Denmark,Baltic Sea; North Atlantic Ocean,Small,Coastal (Natural),55.066667000000002,10.616667000000000
32460.0,Orkney Islands -- 32390,South Ness, , ,United Kingdom,North Sea; North Atlantic Ocean,Very Small,Coastal (Natural),58.799999999999997,-3.200000000000000
43790.0,Ukraine -- 43620,Yalta, ,UA YAL,Ukraine,Black Sea; North Atlantic Ocean,Very Small,Coastal (Breakwater),44.483333000000002,34.166666999999997
23736.0,Norway -- 20620,Slagenstangen,Slagen,NOSEG,Norway,Skagerrak; North Atlantic Ocean,Very Small,Open Roadstead,59.327777777999998,10.519444443999999
23480.0,Norway -- 20620,Stavanger, ,NO SVG,Norway,North Sea; North Atlantic Ocean,Medium,Coastal (Breakwater),58.966667000000001,5.750000000000000
5400.0,US Lake Superior -- 5230,Washburn, ,US WZU,United States,Lake Superior; Great Lakes,Very Small,Coastal (Natural),46.666666999999997,-90.883332999999993
23470.0,Norway -- 20620,Sandnes, ,NO SAS,Norway,North Sea; North Atlantic Ocean,Very Small,River (Basins),58.873333332999998,5.752777778000000
1958.0,Canada St Lawrence R -- 1930,Port Cartier, ,CAPCA,Canada,Gulf of Saint Lawrence; North Atlantic Ocean,Very Small,River (Natural),50.033332999999999,-66.783332999999999
25280.0,Sweden Cont -- 24975,Oxelosund, ,SE OXE,Sweden,Baltic Sea; North Atlantic Ocean,Small,Coastal (Natural),58.666666999999997,17.116667000000000
5870.0,Cape Breton Island -- 5860,Port Hawkesbury, ,CA PHW,Canada,North Atlantic Ocean,Very Small,Coastal (Natural),45.616667000000000,-61.366667000000000
32820.0,Scotland West Coast -- 32790,Ullapool,Broom Loch,GB ULL,United Kingdom,North Atlantic Ocean,Very Small,Open Roadstead,57.899999999999999,-5.150000000000000
3530.0,US Lake Erie -- 3400,Sandusky, ,US SKY,United States,Lake Erie; Great Lakes,Small,Coastal (Natural),41.450000000000003,-82.716667000000001
31690.0,England East Coast -- 31330,Scarborough, ,GB SCA,United Kingdom,North Sea; North Atlantic Ocean,Very Small,Coastal (Breakwater),54.283332999999999,-0.400000000000000
33030.0,Scotland West Coast -- 32790,Tarbert, ,GB TAR,United Kingdom,North Atlantic Ocean,Very Small,Coastal (Natural),57.899999999999999,-6.816667000000000
1820.0,Newfoundland  W Coast -- 1800,St George's,Saint George's Harbor, ,Canada,Gulf of Saint Lawrence; North Atlantic Ocean,Small,Coastal (Natural),48.450000000000003,-58.450000000000003
32930.0,Scotland West Coast -- 32790,Portree Harbor, ,GB PRT,United Kingdom,North Atlantic Ocean,Very Small,Coastal (Natural),57.416666999999997,-6.200000000000000
13170.0,Uruguay -- 13090,Paysandu, ,UY PDU,Uruguay,Rio de la Plata; South Atlantic Ocean,Small,River (Natural),-32.316667000000002,-58.066667000000002
4500.0,US Lake Huron -- 4300,Rogers City, ,US RCY,United States,Lake Huron; Great Lakes,Very Small,Open Roadstead,45.450000000000003,-83.816666999999995
2990.0,Canada Lake Ontario -- 2820,Port Whitby, ,CA WHI,Canada,Lake Ontario; Great Lakes,Small,Coastal (Breakwater),43.850000000000001,-78.933333000000005
34590.0,England West Coast -- 34580,Silloth, ,GB SIL,United Kingdom,Irish Sea; North Atlantic Ocean,Small,Coastal (Tide Gates),54.866667000000000,-3.400000000000000
23630.0,Norway -- 20620,Risor, ,NO RIS,Norway,Skagerrak; North Atlantic Ocean,Very Small,Coastal (Natural),58.721944444000002,9.245277778000000
19410.0,Alaska -- 19080,Sitka, ,US SIT,United States,Alaska-Canada coastal waters; North Pacific Ocean,Small,Coastal (Natural),57.049999999999997,-135.333333000000010
18805.0,Canada West Coast -- 18080,Tahsis, ,CA PTA,Canada,North Pacific Ocean,Very Small,Coastal (Natural),49.916666999999997,-126.666667000000004
33280.0,Scotland West Coast -- 32790,Port Ellen, ,GB PLN,United Kingdom,North Atlantic Ocean,Very Small,Open Roadstead,55.633333000000000,-6.200000000000000
36000.0,Channel Islands -- 35970,Saint Peter Port, ,GG SPT,Guernsey,English Channel; North Atlantic Ocean,Small,Coastal (Breakwater),49.450000000000003,-2.533333000000000
8320.0,United States E Coast -- 6585,Richmond, ,US RIC,United States,North Atlantic Ocean,Very Small,River (Natural),37.533332999999999,-77.416667000000004
4350.0,US Lake Huron -- 4300,Port Huron, ,US PHN,United States,Lake Saint Clair; Great Lakes,Very Small,River (Natural),43.000000000000000,-82.433333000000005
17730.0,United States W Coast -- 16000,Seattle, ,US SEA,United States,Alaska-Canada coastal waters; North Pacific Ocean,Large,Coastal (Natural),47.600000000000001,-122.333332999999996
34196.0,Ireland -- 33840,Valentia, , ,Ireland,North Atlantic Ocean,Very Small,Coastal (Natural),51.933332999999998,-10.300000000000001
35450.0,England South Coast -- 35220,Portland Harbour, ,GB PRH,United Kingdom,English Channel; North Atlantic Ocean,Medium,Coastal (Breakwater),50.583333000000003,-2.433333000000000
4430.0,US Lake Huron -- 4300,Tawas City, ,US TWY,United States,Lake Huron; Great Lakes,Very Small,Coastal (Natural),44.266666999999998,-83.500000000000000
43747.0,Ukraine -- 43620,Ust-Dunaisk, ,UA UDY,Ukraine,Black Sea; North Atlantic Ocean,Very Small,Coastal (Natural),45.466667000000001,29.699999999999999
19780.0,Alaska -- 19080,Seldovia, ,US SOV,United States,Cook Inlet; Gulf of Alaska; North Pacific Ocean,Very Small,Coastal (Natural),59.433332999999998,-151.733332999999988
7260.0,United States E Coast -- 6585,Quincy, ,US MQI,United States,North Atlantic Ocean,Small,River (Natural),42.250000000000000,-70.966667000000001
25320.0,Sweden Cont -- 24975,Sodertalje, ,SE SOE,Sweden,Baltic Sea; North Atlantic Ocean,Small,Canal or Lake,59.183332999999998,17.649999999999999
3950.0,Canada Lake Huron -- 3640,Tiffin, , ,Canada,Lake Huron; Great Lakes,Very Small,Coastal (Natural),44.750000000000000,-79.849999999999994
27790.0,Finland -- 27380,Uusikaupunki,Nystad,FI UKI,Finland,Gulf of Bothnia; Baltic Sea; North Atlantic Ocean,Small,Coastal (Breakwater),60.799999999999997,21.399999999999999
24310.0,Sweden -- 23860,Solvesborg, ,SE SOL,Sweden,Baltic Sea; North Atlantic Ocean,Small,Coastal (Natural),56.045555555999996,14.586388889000000
32690.0,Faroe Islands -- 32660,Torshavn,Thorshavn,FO TOR,Faroe Islands,Norwegian Sea; North Atlantic Ocean,Very Small,Coastal (Breakwater),62.000000000000000,-6.750000000000000
7290.0,United States E Coast -- 6585,Provincetown, ,US PVC,United States,North Atlantic Ocean,Very Small,Coastal (Natural),42.049999999999997,-70.183333000000005
27330.0,Sweden Cont -- 24975,Sandvik, ,SE SAK,Sweden,Gulf of Bothnia; Baltic Sea; North Atlantic Ocean,Very Small,Coastal (Natural),65.733333000000002,23.766667000000002
4720.0,US Lake Michigan -- 4570,Saugatuck, , ,United States,Lake Michigan; Great Lakes,Very Small,River (Natural),42.666666999999997,-86.200000000000003
32720.0,Faroe Islands -- 32660,Vestmanna,Vestmanhavn,FO VES,Faroe Islands,North Atlantic Ocean,Very Small,Coastal (Natural),62.149999999999999,-7.166667000000000
26280.0,Sweden Cont -- 24975,Ulvvik, , ,Sweden,Gulf of Bothnia; Baltic Sea; North Atlantic Ocean,Very Small,Coastal (Natural),62.666666999999997,17.866667000000000
13965.0,Argentina -- 13310,San Sebastian Bay, ,AR SSN,Argentina,South Atlantic Ocean,Small,Coastal (Natural),-53.166666999999997,-68.500000000000000
44603.0,Turkey Asia -- 44360,Yarimca, ,TR YAR,Turkey,Sea of Marmara; Mediterranean Sea; North Atlantic Ocean,Small,Open Roadstead,40.799999999999997,29.699999999999999
32500.0,Orkney Islands -- 32390,Scapa Bay, ,GB SCF,United Kingdom,North Sea; North Atlantic Ocean,Small,Coastal (Natural),58.950000000000003,-2.983333000000000
31600.0,England East Coast -- 31330,Wisbech, ,GB WIS,United Kingdom,North Sea; North Atlantic Ocean,Small,Canal or Lake,52.666666999999997,0.150000000000000
23710.0,Norway -- 20620,Sandefjorden, ,NOSAD,Norway,Skagerrak; North Atlantic Ocean,Small,River (Basins),59.100555556000003,10.233055556000000
23730.0,Norway -- 20620,Valloy, ,NO VAL,Norway,Skagerrak; North Atlantic Ocean,Very Small,Open Roadstead,59.258055556000002,10.490000000000000
9260.0,US Gulf Coast -- 8650,Palacios, ,US PSX,United States,Gulf of Mexico; North Atlantic Ocean,Very Small,Coastal (Natural),28.683333000000001,-96.216667000000001
5470.0,US Lake Superior -- 5230,Two Harbors,Agate Bay,US THB,United States,Lake Superior; Great Lakes,Small,Coastal (Breakwater),47.016666999999998,-91.650000000000006
17030.0,United States W Coast -- 16000,Willapa Harbor, ,US WIH,United States,North Pacific Ocean,Very Small,River (Natural),46.683332999999998,-123.750000000000000
24440.0,Sweden -- 23860,Ronneby,Ronneby Redd,SE RNB,Sweden,Baltic Sea; North Atlantic Ocean,Small,River (Natural),56.172777777999997,15.301388889000000
28300.0,Russia -- 28250,Vyborg,Viipuri,RU VYG,Russia,Gulf of Finland; Baltic Sea; North Atlantic Ocean,Medium,Coastal (Natural),60.716667000000001,28.750000000000000
19639.0,Alaska -- 19080,Orca, ,US OSZ,United States,Gulf of Alaska; North Pacific Ocean,Very Small,Coastal (Natural),60.583333000000003,-145.716667000000001
400.0,Iceland  East Coast -- 360,Seydhisfjordhur, ,IS SEY,Iceland,Norwegian Sea; North Atlantic Ocean,Small,Coastal (Natural),65.266666999999998,-14.000000000000000
5800.0,Nova Scotia -- 5775,Pictou, ,CA PTO,Canada,Gulf of Saint Lawrence; North Atlantic Ocean,Small,Coastal (Natural),45.666666999999997,-62.716667000000001
3540.0,US Lake Erie -- 3400,Port Clinton, ,US PCN,United States,Lake Erie; Great Lakes,Very Small,River (Natural),41.516666999999998,-82.933333000000005
35250.0,England South Coast -- 35220,Penzance, ,GB PEN,United Kingdom,English Channel; North Atlantic Ocean,Small,Coastal (Tide Gates),50.116667000000000,-5.533333000000000
35690.0,England South Coast -- 35220,Rye Harbour, ,GB RU7,United Kingdom,English Channel; North Atlantic Ocean,Very Small,River (Natural),50.933332999999998,0.766667000000000
25800.0,Sweden Cont -- 24975,Stocka,Stockvik,SE STA,Sweden,Gulf of Bothnia; Baltic Sea; North Atlantic Ocean,Very Small,Coastal (Natural),61.899999999999999,17.350000000000001
30440.0,Jylland -- 30020,Skagen Havn, ,DK SKA,Denmark,Kattegat; North Atlantic Ocean,Small,Coastal (Breakwater),57.716667000000001,10.600000000000000
33060.0,Scotland West Coast -- 32790,Ornsay, , ,United Kingdom,North Atlantic Ocean,Very Small,Coastal (Natural),57.149999999999999,-5.800000000000000
19470.0,Alaska -- 19080,Tenakee Springs, ,US TKE,United States,Alaska-Canada coastal waters; North Pacific Ocean,Very Small,Coastal (Natural),57.783332999999999,-135.199999999999989
33140.0,Scotland West Coast -- 32790,Tobermory, ,GB TOB,United Kingdom,North Atlantic Ocean,Very Small,Coastal (Natural),56.616667000000000,-6.066667000000000
21690.0,Norway -- 20620,Stokkmarknes, ,NO SKN,Norway,Norwegian Sea; North Atlantic Ocean,Very Small,Coastal (Breakwater),68.566666999999995,14.916667000000000
32180.0,Scotland East Coast -- 31870,Perth, ,GB PER,United Kingdom,North Sea; North Atlantic Ocean,Small,River (Basins),56.399999999999999,-3.450000000000000
27755.0,Finland -- 27380,Tahkoluoto, ,FI THK,Finland,Gulf of Bothnia; Baltic Sea; North Atlantic Ocean,Very Small,Open Roadstead,61.633333000000000,21.399999999999999
16710.0,United States W Coast -- 16000,Port Orford, ,US PO2,United States,North Pacific Ocean,Very Small,Coastal (Natural),42.733333000000002,-124.500000000000000
22160.0,Norway -- 20620,Tranoy, ,NO TRY,Norway,Norwegian Sea; North Atlantic Ocean,Very Small,Coastal (Natural),68.180833332999995,15.673611111000000
7200.0,United States E Coast -- 6585,Rockport, ,US JRT,United States,North Atlantic Ocean,Very Small,Coastal (Breakwater),42.666666999999997,-70.616667000000007
29905.0,Fyn -- 29820,Skaerbaek, ,DK SKB,Denmark,Kattegat; North Atlantic Ocean,Very Small,Open Roadstead,55.516666999999998,9.616667000000000
32450.0,Orkney Islands -- 32390,Stromness, ,GB SNS,United Kingdom,North Atlantic Ocean,Very Small,Open Roadstead,58.966667000000001,-3.300000000000000
17550.0,United States W Coast -- 16000,Quartermaster Harbor, , ,United States,Alaska-Canada coastal waters; North Pacific Ocean,Very Small,Coastal (Natural),47.383333000000000,-122.466667000000001
18330.0,Canada West Coast -- 18080,Westview, , ,Canada,Alaska-Canada coastal waters; North Pacific Ocean,Very Small,Coastal (Breakwater),49.834166666999998,-124.531944444000004
20190.0,Alaska Continued -- 20185,Village Cove, , ,United States,Bering Sea; North Pacific Ocean,Very Small,Open Roadstead,57.133333000000000,-170.266667000000012
7350.0,United States E Coast -- 6585,Vineyard Haven, ,US VYH,United States,North Atlantic Ocean,Very Small,Coastal (Breakwater),41.450000000000003,-70.599999999999994
4880.0,US Lake Michigan -- 4570,Sheboygan, ,US SBM,United States,Lake Michigan; Great Lakes,Small,River (Natural),43.750000000000000,-87.700000000000003
2340.0,Ottawa River -- 2270,St Andrews East,St Andrews,CA SAE,Canada,Lake Ontario; Great Lakes,Very Small,River (Natural),45.566667000000002,-74.333332999999996
17700.0,United States W Coast -- 16000,Tacoma, ,US TIW,United States,Alaska-Canada coastal waters; North Pacific Ocean,Medium,Coastal (Natural),47.283332999999999,-122.416667000000004
33550.0,Scotland West Coast -- 32790,Troon, ,GB TRN,United Kingdom,North Atlantic Ocean,Very Small,Coastal (Breakwater),55.549999999999997,-4.683333000000000
17900.0,United States W Coast -- 16000,Richardson, , ,United States,Alaska-Canada coastal waters; North Pacific Ocean,Very Small,Coastal (Natural),48.450000000000003,-122.900000000000006
25720.0,Sweden Cont -- 24975,Soderhamn, ,SE SOO,Sweden,Gulf of Bothnia; Baltic Sea; North Atlantic Ocean,Small,River (Natural),61.299999999999997,17.083333000000000
3000.0,Canada Lake Ontario -- 2820,Toronto, ,CA TOR,Canada,Lake Ontario; Great Lakes,Medium,Coastal (Natural),43.616667000000000,-79.383332999999993
34150.0,Ireland -- 33840,Tarbert, ,IE TAR,Ireland,North Atlantic Ocean,Very Small,River (Natural),52.583333000000003,-9.366667000000000
16730.0,United States W Coast -- 16000,Prosper, ,US QPX,United States,North Pacific Ocean,Very Small,River (Natural),43.149999999999999,-124.366667000000007
13960.0,Argentina -- 13310,Puerto Gallegos,Rio Gallegos,AR RGL,Argentina,South Atlantic Ocean,Very Small,River (Natural),-51.616667000000000,-68.966667000000001
24030.0,Sweden -- 23860,Varberg, ,SE VAG,Sweden,Kattegat; North Atlantic Ocean,Medium,Coastal (Breakwater),57.108888888999999,12.232500000000000
28750.0,Poland -- 28700,Police, ,PL PLC,Poland,Baltic Sea; North Atlantic Ocean,Small,Coastal (Natural),53.566667000000002,14.566667000000001
23620.0,Norway -- 20620,Tvedestrand, ,NO TVE,Norway,Skagerrak; North Atlantic Ocean,Small,River (Basins),58.611666667000001,8.942500000000001
44450.0,Turkey Asia -- 44360,Samsun, ,TR SSX,Turkey,Black Sea; North Atlantic Ocean,Large,Coastal (Breakwater),41.299999999999997,36.350000000000001
3510.0,US Lake Erie -- 3400,Vermilion, ,US VE9,United States,Lake Erie; Great Lakes,Very Small,River (Natural),41.433332999999998,-82.366667000000007
26420.0,Sweden Cont -- 24975,Vaja, ,SE VAJ,Sweden,Gulf of Bothnia; Baltic Sea; North Atlantic Ocean,Very Small,River (Natural),62.983333000000002,17.716667000000001
16880.0,United States W Coast -- 16000,Westport, ,US WSZ,United States,North Pacific Ocean,Very Small,River (Natural),46.133333000000000,-123.383332999999993
28828.0,Germany -- 28826,Wolgast, ,DE WOL,Germany,Baltic Sea; North Atlantic Ocean,Very Small,River (Natural),54.049999999999997,13.783333000000001
35415.0,England South Coast -- 35220,Teignmouth Harbour, ,GB TNM,United Kingdom,English Channel; North Atlantic Ocean,Very Small,River (Natural),50.549999999999997,-3.500000000000000
17160.0,United States W Coast -- 16000,Port Townsend, ,US TWD,United States,Alaska-Canada coastal waters; North Pacific Ocean,Small,Coastal (Natural),48.116667000000000,-122.750000000000000
31210.0,Netherlands -- 30980,Vlissingen,Flushing,NL VLI,Netherlands,North Sea; North Atlantic Ocean,Medium,River (Natural),51.450000000000003,3.600000000000000
20390.0,Alaska Continued -- 20185,Solomon, ,US SOL,United States,Bering Sea; North Pacific Ocean,Very Small,Open Roadstead,64.549999999999997,-164.400000000000006
18760.0,Canada West Coast -- 18080,Ucluelet, ,CA UCL,Canada,North Pacific Ocean,Very Small,Coastal (Natural),48.950000000000003,-125.549999999999997
790.0,Greenland  West Coast -- 545,Qasigiannguit-Christianshab,Kasigianguit,GL JCH,Greenland,Baffin Bay; Arctic Ocean,Very Small,Coastal (Natural),68.816666999999995,-51.183332999999998
32380.0,Scotland East Coast -- 31870,Wick, ,GB WIC,United Kingdom,North Sea; North Atlantic Ocean,Small,Coastal (Breakwater),58.433332999999998,-3.083333000000000
16840.0,United States W Coast -- 16000,Warrenton, ,US WTO,United States,North Pacific Ocean,Very Small,River (Natural),46.166666999999997,-123.916667000000004
35170.0,England SW Coast -- 35030,Padstow, ,GB PAD,United Kingdom,Celtic Sea; North Atlantic Ocean,Very Small,River (Natural),50.549999999999997,-4.933333000000000
13900.0,Argentina -- 13310,Puerto Madryn,Port Madryn,AR PMY,Argentina,South Atlantic Ocean,Small,Coastal (Natural),-42.766666999999998,-65.033332999999999
23140.0,Norway -- 20620,Vaksdal, ,NO VAK,Norway,North Sea; North Atlantic Ocean,Small,River (Natural),60.478333333000002,5.732777778000000
4460.0,US Lake Huron -- 4300,Oscoda, ,US OSC,United States,Lake Huron; Great Lakes,Very Small,River (Natural),44.416666999999997,-83.316666999999995
43510.0,Bulgaria -- 43460,Varna,Stalin,BG VAR,Bulgaria,Black Sea; North Atlantic Ocean,Large,Coastal (Breakwater),43.183332999999998,27.966667000000001
23810.0,Norway -- 20620,Oslo,Christiana,NO OSL,Norway,Skagerrak; North Atlantic Ocean,Large,Coastal (Natural),59.898055556000003,10.745555555999999
32680.0,Faroe Islands -- 32660,Tvoroyri,Tverra,FO TVO,Faroe Islands,North Atlantic Ocean,Very Small,Coastal (Natural),61.549999999999997,-6.800000000000000
4220.0,Canada Lake Huron -- 3640,Thessalon, ,CA THS,Canada,Lake Huron; Great Lakes,Very Small,Coastal (Breakwater),46.250000000000000,-83.566666999999995
13250.0,Paraguay -- 13190,Puerto De Asuncion,Puerto Asuncion,PY ASU,Paraguay,Rio de la Plata; South Atlantic Ocean,Very Small,River (Natural),-25.266667000000002,-57.683332999999998
43655.0,Ukraine -- 43620,Yuzhnyy, ,UA YZE,Ukraine,Black Sea; North Atlantic Ocean,Small,River (Basins),46.600000000000001,31.016667000000002
23670.0,Norway -- 20620,Porsgrunn, ,NO POR,Norway,Skagerrak; North Atlantic Ocean,Small,River (Natural),59.147222222000003,9.653888888999999
19250.0,Alaska -- 19080,Waterfall, ,US KWF,United States,Alaska-Canada coastal waters; North Pacific Ocean,Very Small,Open Roadstead,55.299999999999997,-133.233332999999988
24810.0,Gotland -- 24806,Ronehamn, ,SE RNH,Sweden,Baltic Sea; North Atlantic Ocean,Small,Coastal (Natural),57.116667000000000,18.500000000000000
44140.0,Russia -- 44030,Temryuk, ,RU TMR,Russia,Sea of Azov; Black Sea; North Atlantic Ocean,Very Small,River (Natural),45.350000000000001,37.350000000000001
18130.0,Canada West Coast -- 18080,Port Coquitlam, ,CA PTC,Canada,Alaska-Canada coastal waters; North Pacific Ocean,Very Small,River (Natural),49.233333332999997,-122.766666666999996
27850.0,Finland -- 27380,Tolkkinen, ,FI TOK,Finland,Gulf of Finland; Baltic Sea; North Atlantic Ocean,Very Small,Coastal (Breakwater),60.033332999999999,25.583333000000000
31360.0,England East Coast -- 31330,Whitstable, ,GB WTS,United Kingdom,North Sea; North Atlantic Ocean,Small,River (Natural),51.366667000000000,1.033333000000000
6550.0,Nova Scotia Cont -- 6070,St John, ,CA SJB,Canada,Bay of Fundy; North Atlantic Ocean,Medium,Coastal (Breakwater),45.266666999999998,-66.049999999999997
30457.0,Jylland -- 30020,Thisted, ,DK TED,Denmark,Kattegat; North Atlantic Ocean,Very Small,Coastal (Breakwater),56.950000000000003,8.699999999999999
4830.0,US Lake Michigan -- 4570,Waukegan, ,US UGN,United States,Lake Michigan; Great Lakes,Small,Coastal (Breakwater),42.366667000000000,-87.816666999999995
44230.0,Russia -- 44030,Tuapse, ,RU TUA,Russia,Black Sea; North Atlantic Ocean,Small,Coastal (Breakwater),44.100000000000001,39.066667000000002
31220.0,Netherlands -- 30980,Terneuzen,Neuzen,NL TNZ,Netherlands,North Sea; North Atlantic Ocean,Medium,River (Tide Gates),51.350000000000001,3.816667000000000
23460.0,Norway -- 20620,Sauda, ,NO SAU,Norway,North Sea; North Atlantic Ocean,Very Small,Coastal (Natural),59.636944444000001,6.341111111000000
22520.0,Norway -- 20620,Ornes, ,NO SVI,Norway,Norwegian Sea; North Atlantic Ocean,Very Small,Coastal (Natural),66.864722221999997,13.706944443999999
31700.0,England East Coast -- 31330,Whitby, ,GB WTB,United Kingdom,North Sea; North Atlantic Ocean,Small,Coastal (Breakwater),54.483333000000002,-0.616667000000000
4410.0,US Lake Huron -- 4300,Saginaw, ,US SGM,United States,Lake Huron; Great Lakes,Small,River (Natural),43.433332999999998,-83.933333000000005
4740.0,US Lake Michigan -- 4570,St Joseph,Benton Harbor,US SXX,United States,Lake Michigan; Great Lakes,Small,River (Natural),42.116667000000000,-86.483333000000002
43673.0,Ukraine -- 43620,Port Oktyabrsk, ,UA OCT,Ukraine,Black Sea; North Atlantic Ocean,Very Small,Coastal (Natural),46.833333000000003,31.933333000000001
20090.0,Alaska -- 19080,Sanak, , ,United States,North Pacific Ocean,Very Small,Open Roadstead,54.483333000000002,-162.816666999999995
30285.0,Jylland -- 30020,Studstrup, ,DK SSV,Denmark,Kattegat; North Atlantic Ocean,Medium,Coastal (Natural),56.250000000000000,10.350000000000000
35790.0,France NW Coast -- 35720,Saint-Valery-Sur-Somme, ,FR SVS,France,English Channel; North Atlantic Ocean,Very Small,Coastal (Breakwater),50.183332999999998,1.616667000000000
17410.0,United States W Coast -- 16000,Silverdale, ,US SIF,United States,Alaska-Canada coastal waters; North Pacific Ocean,Very Small,Coastal (Natural),47.649999999999999,-122.700000000000003
2470.0,Ottawa River -- 2270,Rockland, ,CA ROK,Canada,Lake Ontario; Great Lakes,Very Small,River (Natural),45.549999999999997,-75.299999999999997
20305.0,Alaska Continued -- 20185,Platinum, ,US PTU,United States,Bering Sea; North Pacific Ocean,Very Small,Coastal (Natural),59.016666999999998,-161.833333000000010
35210.0,England SW Coast -- 35030,St. Mary's (Scilly Isl.), ,GB SVZ,United Kingdom,Celtic Sea; North Atlantic Ocean,Small,Coastal (Breakwater),49.916666999999997,-6.316667000000000
6650.0,United States E Coast -- 6585,Wyman, , ,United States,North Atlantic Ocean,Very Small,Coastal (Natural),44.516666999999998,-67.866667000000007
19900.0,Alaska -- 19080,Uyak, ,US KUY,United States,Gulf of Alaska; North Pacific Ocean,Very Small,Coastal (Natural),57.633333000000000,-154.000000000000000
16870.0,United States W Coast -- 16000,Tongue Point, , ,United States,North Pacific Ocean,Very Small,River (Natural),46.200000000000003,-123.750000000000000
19770.0,Alaska -- 19080,Port Graham, ,US PGM,United States,Cook Inlet; Gulf of Alaska; North Pacific Ocean,Very Small,Coastal (Natural),59.350000000000001,-151.816666999999995
21140.0,Norway -- 20620,Talvik, , ,Norway,Norwegian Sea; North Atlantic Ocean,Very Small,Coastal (Natural),70.033333333000002,22.949999999999999
32410.0,Orkney Islands -- 32390,Pierowall, ,GB PIE,United Kingdom,North Atlantic Ocean,Small,Coastal (Natural),59.317777778000000,-2.988611111000000
1020.0,Baffin Island -- 1010,Pond Inlet, ,CA PDI,Canada,Northwest Passages; Arctic Ocean,Medium,Open Roadstead,72.750000000000000,-76.750000000000000
29660.0,Lolland -- 29650,Sakskobing, ,DK SAX,Denmark,Baltic Sea; North Atlantic Ocean,Small,Coastal (Natural),54.799999999999997,11.633333000000000
23525.0,Norway -- 20620,Stusvik, , ,Norway,North Sea; North Atlantic Ocean,Very Small,Coastal (Breakwater),58.004444444000001,7.034166667000000
21900.0,Norway -- 20620,Svolvaer, ,NO SVJ,Norway,Norwegian Sea; North Atlantic Ocean,Small,Coastal (Natural),68.233333000000002,14.583333000000000
19280.0,Alaska -- 19080,Steamboat Bay, ,US WSB,United States,Alaska-Canada coastal waters; North Pacific Ocean,Very Small,Coastal (Natural),55.533332999999999,-133.633332999999993
6500.0,Nova Scotia Cont -- 6070,Windsor, ,CA WDR,Canada,Bay of Fundy; North Atlantic Ocean,Very Small,River (Natural),45.000000000000000,-64.150000000000006
17010.0,United States W Coast -- 16000,South Bend, ,US ACJ,United States,North Pacific Ocean,Small,River (Natural),46.666666999999997,-123.783332999999999
20360.0,Alaska Continued -- 20185,St. Michael, ,US SMK,United States,Bering Sea; North Pacific Ocean,Very Small,Open Roadstead,63.483333000000002,-162.033332999999999
43570.0,Romania -- 43540,Sulina,Suluna,RO SUL,Romania,Black Sea; North Atlantic Ocean,Very Small,River (Natural),45.166666999999997,29.666667000000000
14220.0,Chile -- 14070,Puerto Castro, ,CL WCA,Chile,South Pacific Ocean,Very Small,Coastal (Natural),-42.483333000000002,-73.766666999999998
3710.0,Canada Lake Huron -- 3640,Point Edward, ,CA PEW,Canada,Lake Huron; Great Lakes,Small,River (Natural),43.000000000000000,-82.416667000000004
4560.0,US Lake Huron -- 4300,Sault Ste Marie, ,US SSM,United States,Lake Superior; Great Lakes,Small,River (Natural),46.500000000000000,-84.349999999999994
2210.0,Canada St Lawrence R -- 1930,Trois Rivieres,Three Rivers,CA TRR,Canada,Gulf of Saint Lawrence; North Atlantic Ocean,Medium,River (Natural),46.350000000000001,-72.549999999999997
13130.0,Uruguay -- 13090,Puerto Sauce,Sauce,UY JLC,Uruguay,Rio de la Plata; South Atlantic Ocean,Very Small,Open Roadstead,-34.433332999999998,-57.450000000000003
24950.0,Gotland -- 24806,Visby, ,SE VBY,Sweden,Baltic Sea; North Atlantic Ocean,Small,Coastal (Breakwater),57.633333000000000,18.283332999999999
19740.0,Alaska -- 19080,San Juan Cannery, ,US PJS,United States,Gulf of Alaska; North Pacific Ocean,Very Small,Coastal (Natural),60.049999999999997,-148.066666999999995
28823.0,Poland -- 28700,Szczecin,Stettin,PL SZZ,Poland,Baltic Sea; North Atlantic Ocean,Medium,River (Natural),53.416666999999997,14.550000000000001
28848.0,Germany -- 28826,Stralsund, ,DE STL,Germany,Baltic Sea; North Atlantic Ocean,Very Small,Coastal (Breakwater),54.316667000000002,13.100000000000000
12491.0,Brazil NE Coast -- 12470,Vila Do Conde, ,BR VDC,Brazil,South Atlantic Ocean,Very Small,River (Natural),-1.550000000000000,-48.750000000000000
29560.0,Sjaelland -- 29150,Vordingborg, ,DK VOR,Denmark,Baltic Sea; North Atlantic Ocean,Very Small,Coastal (Natural),55.000000000000000,11.900000000000000
23485.0,Norway -- 20620,Skudeneshavn, ,NO SKU,Norway,North Sea; North Atlantic Ocean,Very Small,Coastal (Breakwater),59.143333333000001,5.258333333000000
35330.0,England South Coast -- 35220,Par, ,GB PAR,United Kingdom,English Channel; North Atlantic Ocean,Very Small,Coastal (Breakwater),50.350000000000001,-4.700000000000000
31750.0,England East Coast -- 31330,Seaham, ,GB SEA,United Kingdom,North Sea; North Atlantic Ocean,Small,Coastal (Tide Gates),54.833333000000003,-1.316667000000000
7360.0,United States E Coast -- 6585,Woods Hole, ,US WHO,United States,North Atlantic Ocean,Very Small,Coastal (Natural),41.516666999999998,-70.666667000000004
542.0,Greenland East Coast -- 540,Qutdleq, , ,Greenland,North Atlantic Ocean,Very Small,Coastal (Natural),61.516666999999998,-42.216667000000001
19830.0,Alaska -- 19080,Womens Bay, , ,United States,Gulf of Alaska; North Pacific Ocean,Very Small,Coastal (Natural),57.716667000000001,-152.516667000000012
8822.0,US Gulf Coast -- 8650,Southwest Pass, ,US SW8,United States,Gulf of Mexico; North Atlantic Ocean,Small,River (Natural),28.449999999999999,-90.700000000000003
28860.0,Germany -- 28826,Rostock, ,DE RSK,Germany,Baltic Sea; North Atlantic Ocean,Large,River (Natural),54.100000000000001,12.133333000000000
19950.0,Alaska -- 19080,Port Vita, , ,United States,Gulf of Alaska; North Pacific Ocean,Very Small,Coastal (Natural),58.066667000000002,-153.066666999999995
30060.0,Jylland -- 30020,Sonderborg, ,DK SGD,Denmark,Baltic Sea; North Atlantic Ocean,Small,River (Natural),54.916666999999997,9.783333000000001
17230.0,United States W Coast -- 16000,Port Gamble, ,US PGH,United States,Alaska-Canada coastal waters; North Pacific Ocean,Very Small,Coastal (Natural),47.850000000000001,-122.583332999999996
35460.0,England South Coast -- 35220,Weymouth Harbour, ,GB WEY,United Kingdom,English Channel; North Atlantic Ocean,Small,Coastal (Natural),50.616667000000000,-2.450000000000000
27990.0,Finland -- 27380,Pargas, ,FI PAR,Finland,Baltic Sea; North Atlantic Ocean,Very Small,Coastal (Natural),60.283332999999999,22.066666999999999
1955.0,Canada St Lawrence R -- 1930,Sept Iles,Seven Islands,CA SEI,Canada,Gulf of Saint Lawrence; North Atlantic Ocean,Medium,River (Natural),50.200000000000003,-66.383332999999993
34020.0,Ireland -- 33840,Westport, ,IE WES,Ireland,North Atlantic Ocean,Very Small,Coastal (Natural),53.799999999999997,-9.533333000000001
32630.0,Shetland Islands -- 32510,Sullom Voe, ,GB SUL,United Kingdom,North Atlantic Ocean,Small,Coastal (Natural),60.466667000000001,-1.300000000000000
2520.0,Ottawa River -- 2270,Ottawa, ,CA OTT,Canada,Lake Ontario; Great Lakes,Small,River (Natural),45.433332999999998,-75.700000000000003
29530.0,Sjaelland -- 29150,Skaelskor,Skielskor,DK SSK,Denmark,Baltic Sea; North Atlantic Ocean,Very Small,Coastal (Breakwater),55.250000000000000,11.300000000000001
3750.0,Canada Lake Huron -- 3640,Port Elgin, ,CA PEL,Canada,Lake Huron; Great Lakes,Very Small,Coastal (Breakwater),44.433332999999998,-81.400000000000006
18160.0,Canada West Coast -- 18080,Port Moody, ,CA PMO,Canada,Alaska-Canada coastal waters; North Pacific Ocean,Very Small,Coastal (Natural),49.283332999999999,-122.883332999999993
31050.0,Netherlands -- 30980,Zaandam, ,NL ZAA,Netherlands,North Sea; North Atlantic Ocean,Small,Canal or Lake,52.433332999999998,4.833333000000000
31370.0,England East Coast -- 31330,Sheerness, ,GB SHS,United Kingdom,North Sea; North Atlantic Ocean,Very Small,Coastal (Natural),51.450000000000003,0.750000000000000
35560.0,England South Coast -- 35220,Yarmouth Harbour, ,GB YMO,United Kingdom,English Channel; North Atlantic Ocean,Small,Coastal (Tide Gates),50.700000000000003,-1.500000000000000
24690.0,Sweden -- 23860,Oskarshamn, ,SE OSK,Sweden,Baltic Sea; North Atlantic Ocean,Small,Coastal (Natural),57.266666999999998,16.449999999999999
44345.0,Georgia -- 44275,Supsa Marine Terminal, ,GE SPS,Georgia,Black Sea; North Atlantic Ocean,Very Small,Open Roadstead,42.100000000000001,41.716667000000001
25910.0,Sweden Cont -- 24975,Sundsvall, ,SE SDL,Sweden,Gulf of Bothnia; Baltic Sea; North Atlantic Ocean,Medium,Coastal (Natural),62.383333000000000,17.350000000000001
17110.0,United States W Coast -- 16000,Sekiu, , ,United States,Alaska-Canada coastal waters; North Pacific Ocean,Very Small,Coastal (Natural),48.266666999999998,-124.299999999999997
43710.0,Ukraine -- 43620,Skadovs'k, ,UA SKD,Ukraine,Black Sea; North Atlantic Ocean,Very Small,Coastal (Breakwater),46.100000000000001,32.916666999999997
1670.0,Newfoundland  E Coast -- 1410,St John's, ,CASJF,Canada,North Atlantic Ocean,Small,Coastal (Natural),47.566667000000002,-52.700000000000003
13930.0,Argentina -- 13310,Puerto Deseado, ,AR PUD,Argentina,South Atlantic Ocean,Very Small,River (Natural),-47.750000000000000,-65.900000000000006
26140.0,Sweden Cont -- 24975,Vivstavarv, ,SE VIV,Sweden,Gulf of Bothnia; Baltic Sea; North Atlantic Ocean,Very Small,Coastal (Natural),62.483333000000002,17.350000000000001
35480.0,England South Coast -- 35220,Poole Harbour, ,GB POO,United Kingdom,English Channel; North Atlantic Ocean,Small,River (Natural),50.683332999999998,-1.950000000000000
24840.0,Gotland -- 24806,Slite, ,SE SLI,Sweden,Baltic Sea; North Atlantic Ocean,Small,Open Roadstead,57.700000000000003,18.816666999999999
32676.0,Faroe Islands -- 32660,Vagur, ,FO VAG,Faroe Islands,North Atlantic Ocean,Very Small,Coastal (Natural),61.483333000000002,-6.800000000000000
4340.0,US Lake Huron -- 4300,St Clair, ,US SCL,United States,Lake Saint Clair; Great Lakes,Very Small,River (Natural),42.816667000000002,-82.483333000000002
14650.0,Chile -- 14070,Taltal, ,CL TTC,Chile,South Pacific Ocean,Very Small,Coastal (Natural),-25.399999999999999,-70.483333000000002
20483.0,Alaska Continued -- 20185,Prudhoe Bay, ,US SCC,United States,Beaufort Sea; Arctic Ocean,Very Small,Coastal (Natural),70.333332999999996,-148.416666999999990
16800.0,United States W Coast -- 16000,Reedsport, , ,United States,North Pacific Ocean,Very Small,River (Natural),43.700000000000003,-124.099999999999994
2330.0,Ottawa River -- 2270,St Placide, ,CA PLI,Canada,Lake Ontario; Great Lakes,Very Small,River (Natural),45.533332999999999,-74.200000000000003
16890.0,United States W Coast -- 16000,Rainier, ,US RAI,United States,North Pacific Ocean,Very Small,River (Natural),46.083333000000003,-122.933333000000005
13981.0,Argentina -- 13310,Villa Constitucion, , ,Argentina,Rio de la Plata; South Atlantic Ocean,Very Small,River (Natural),-33.299999999999997,-60.333333000000003
20135.0,Aleutian Islands -- 20095,Palisades Point, , ,United States,Bering Sea; North Pacific Ocean,Very Small,Coastal (Natural),52.233333000000002,-174.166666999999990
33480.0,Scotland West Coast -- 32790,Renfrew, ,GB REN,United Kingdom,North Atlantic Ocean,Very Small,River (Basins),55.883333000000000,-4.383333000000000
16940.0,United States W Coast -- 16000,Portland, ,US PDX,United States,North Pacific Ocean,Large,River (Natural),45.516666999999998,-122.666667000000004
1000.0,Greenland  West Coast -- 545,Pituffik (Thule Air Base),North Star Bugt; Qaanaaq,GL THU,Greenland,Baffin Bay; Arctic Ocean,Very Small,Coastal (Natural),76.533332999999999,-68.866667000000007
3660.0,Canada Lake Huron -- 3640,Sombra, ,CA SOM,Canada,Lake Saint Clair; Great Lakes,Very Small,River (Natural),42.716667000000001,-82.483333000000002
3590.0,US Lake Erie -- 3400,Wyandotte, ,US WYD,United States,Lake Erie; Great Lakes,Small,River (Natural),42.200000000000003,-83.150000000000006
3010.0,Canada Lake Ontario -- 2820,Port Credit, ,CA PCR,Canada,Lake Ontario; Great Lakes,Very Small,Coastal (Breakwater),43.549999999999997,-79.583332999999996
32702.0,Faroe Islands -- 32660,Runavik, ,FO RVK,Faroe Islands,Norwegian Sea; North Atlantic Ocean,Very Small,Coastal (Natural),62.116667000000000,-6.716667000000000
30730.0,Germany -- 30650,Rendsburg, ,DE REN,Germany,Baltic Sea; North Atlantic Ocean,Small,Canal or Lake,54.299999999999997,9.683332999999999
22940.0,Norway -- 20620,Tjotta, ,NO TJL,Norway,Norwegian Sea; North Atlantic Ocean,Very Small,Coastal (Natural),65.821111110999993,12.433333333000000
4730.0,US Lake Michigan -- 4570,South Haven, ,US SOH,United States,Lake Michigan; Great Lakes,Very Small,River (Natural),42.399999999999999,-86.283332999999999
4870.0,US Lake Michigan -- 4570,Port Washington, ,US PWA,United States,Lake Michigan; Great Lakes,Small,Coastal (Breakwater),43.383333000000000,-87.866667000000007
35950.0,France NW Coast -- 35720,Rade De Cherbourg, ,FR CER,France,English Channel; North Atlantic Ocean,Large,Coastal (Tide Gates),49.649999999999999,-1.633333000000000
28770.0,Poland -- 28700,Ustka,Stolpmunde,PL UST,Poland,Baltic Sea; North Atlantic Ocean,Small,River (Natural),54.583333000000003,16.850000000000001
19180.0,Alaska -- 19080,Yes Bay, , ,United States,Alaska-Canada coastal waters; North Pacific Ocean,Very Small,Coastal (Natural),55.916666999999997,-131.800000000000011
29760.0,Langeland -- 29730,Rudkobing, ,DK RKB,Denmark,Baltic Sea; North Atlantic Ocean,Small,Coastal (Breakwater),54.950000000000003,10.716666999999999
21670.0,Norway -- 20620,Sortland, ,NO SLX,Norway,Norwegian Sea; North Atlantic Ocean,Very Small,Coastal (Natural),68.696944443999996,15.421944443999999
37040.0,France West Coast -- 36450,Rochefort, ,FR RCO,France,Bay of Biscay; North Atlantic Ocean,Medium,River (Tide Gates),45.933332999999998,-0.950000000000000
4270.0,Canada Lake Huron -- 3640,Richards Landing, , ,Canada,Lake Huron; Great Lakes,Very Small,Coastal (Natural),46.299999999999997,-84.033332999999999
19590.0,Alaska -- 19080,Skagway, ,US SGY,United States,Alaska-Canada coastal waters; North Pacific Ocean,Very Small,Coastal (Natural),59.450000000000003,-135.333333000000010
23823.0,Norway -- 20620,Tofte, ,NOHUR,Norway,Skagerrak; North Atlantic Ocean,Very Small,Coastal (Natural),59.544166666999999,10.570555556000000
5960.0,Cape Breton Island -- 5860,Whycocomagh, , ,Canada,North Atlantic Ocean,Very Small,Coastal (Natural),45.966667000000001,-61.133333000000000
13940.0,Argentina -- 13310,Puerto San Julian,Chokrak,AR SJL,Argentina,South Atlantic Ocean,Very Small,Coastal (Natural),-49.316667000000002,-67.700000000000003
44320.0,Georgia -- 44275,Sokhumi, ,GE ABK,Georgia,Black Sea; North Atlantic Ocean,Very Small,Open Roadstead,42.983333000000002,40.983333000000002
12330.0,Venezuela -- 11950,Palua, ,VE PLA,Venezuela,Caribbean Sea; North Atlantic Ocean,Very Small,River (Natural),8.366667000000000,-62.683332999999998
23680.0,Norway -- 20620,Skien, ,NO SKE,Norway,Skagerrak; North Atlantic Ocean,Small,River (Natural),59.199722221999998,9.603611110999999
31280.0,Belgium -- 31240,Zeebrugge, ,BE ZEE,Belgium,North Sea; North Atlantic Ocean,Medium,Coastal (Breakwater),51.333333000000003,3.200000000000000
32780.0,Scotland North Coast -- 32760,Scrabster Harbor, ,GB SCR,United Kingdom,North Atlantic Ocean,Small,Coastal (Breakwater),58.616667000000000,-3.550000000000000
5450.0,US Lake Superior -- 5230,Superior, ,US SUW,United States,Lake Superior; Great Lakes,Medium,Coastal (Breakwater),46.733333000000002,-92.066666999999995
1750.0,Ile St Pierre -- 1740,Port De St Pierre,St Pierre,PM FSP,Saint Pierre and Miquelon,North Atlantic Ocean,Small,Coastal (Breakwater),46.783332999999999,-56.166666999999997
43925.0,Ukraine -- 43620,Reni, ,UA RNI,Ukraine,Black Sea; North Atlantic Ocean,Very Small,River (Natural),45.433332999999998,28.300000000000001
37050.0,France West Coast -- 36450,Tonnay Charente, ,FR TON,France,Bay of Biscay; North Atlantic Ocean,Small,River (Natural),45.933332999999998,-0.900000000000000
31720.0,England East Coast -- 31330,Teesport, ,GB TEE,United Kingdom,North Sea; North Atlantic Ocean,Large,River (Tide Gates),54.649999999999999,-1.133333000000000
33620.0,Isle of Man -- 33580,Ramsey, ,IM RAM,Isle of Man,Irish Sea; North Atlantic Ocean,Small,Coastal (Breakwater),54.316667000000002,-4.366667000000000
260.0,Iceland  North Coast -- 200,Siglufjorhurd,Hvanneyri; Siglufjordur,IS SIG,Iceland,Greenland Sea; Arctic Ocean,Very Small,Coastal (Natural),66.150000000000006,-18.916667000000000
3760.0,Canada Lake Huron -- 3640,Southampton, ,CA SON,Canada,Lake Huron; Great Lakes,Very Small,Coastal (Breakwater),44.500000000000000,-81.383332999999993
19300.0,Alaska -- 19080,Petersburg, ,US PSG,United States,Alaska-Canada coastal waters; North Pacific Ocean,Small,Coastal (Natural),56.816667000000002,-132.949999999999989
23835.0,Norway -- 20620,Sarpsborg, ,NO SPG,Norway,Skagerrak; North Atlantic Ocean,Very Small,River (Natural),59.266666999999998,11.100000000000000
44240.0,Russia -- 44030,Sochi,Socha,RU AER,Russia,Black Sea; North Atlantic Ocean,Very Small,Coastal (Breakwater),43.583333000000003,39.733333000000002
3150.0,US Lake Ontario -- 3120,Sackets Harbor, , ,United States,Lake Ontario; Great Lakes,Very Small,Coastal (Natural),43.950000000000003,-76.116667000000007
31765.0,England East Coast -- 31330,Tynemouth, ,GB TYM,United Kingdom,North Sea; North Atlantic Ocean,Medium,River (Tide Gates),55.000000000000000,-1.400000000000000
1605.0,Newfoundland  E Coast -- 1410,Port Union, , ,Canada,North Atlantic Ocean,Very Small,Coastal (Natural),48.500000000000000,-53.083333000000003
3770.0,Canada Lake Huron -- 3640,Tobermory, ,GBTOB,Canada,Lake Huron; Great Lakes,Very Small,Coastal (Natural),45.266666999999998,-81.666667000000004
35580.0,England South Coast -- 35220,Southampton, ,GB SOU,United Kingdom,English Channel; North Atlantic Ocean,Large,River (Basins),50.899999999999999,-1.400000000000000
31070.0,Netherlands -- 30980,Scheveningen, ,NL SCE,Netherlands,North Sea; North Atlantic Ocean,Very Small,Coastal (Breakwater),52.100000000000001,4.266667000000000
3200.0,US Lake Ontario -- 3120,Rochester,Charlotte,US ROC,United States,Lake Ontario; Great Lakes,Small,River (Natural),43.266666999999998,-77.599999999999994
20930.0,Norway -- 20620,Sorvaer, ,NO SVR,Norway,Norwegian Sea; North Atlantic Ocean,Very Small,Coastal (Natural),70.627222222000000,21.964722221999999
2180.0,Canada St Lawrence R -- 1930,Quebec, ,CA QUE,Canada,Gulf of Saint Lawrence; North Atlantic Ocean,Medium,River (Natural),46.816667000000002,-71.216667000000001
12980.0,Brazil SE Coast -- 12700,Paranagua, ,BR PNG,Brazil,South Atlantic Ocean,Small,Coastal (Natural),-25.500000000000000,-48.516666999999998
3960.0,Canada Lake Huron -- 3640,Port Mcnicoll, , ,Canada,Lake Huron; Great Lakes,Very Small,Coastal (Natural),44.750000000000000,-79.799999999999997
33570.0,Scotland West Coast -- 32790,Stranraer,Ryan Loch,GB STR,United Kingdom,North Atlantic Ocean,Very Small,River (Basins),54.899999999999999,-5.033333000000000
6190.0,Nova Scotia Cont -- 6070,Stormont, ,CA SMT,Canada,North Atlantic Ocean,Very Small,Coastal (Natural),45.216667000000001,-61.716667000000001
4380.0,US Lake Huron -- 4300,Port Hope, , ,United States,Lake Huron; Great Lakes,Very Small,Open Roadstead,43.950000000000003,-82.700000000000003
20040.0,Alaska -- 19080,Sand Point, ,US SDP,United States,North Pacific Ocean,Very Small,Coastal (Natural),55.333333000000003,-160.533332999999999
21870.0,Norway -- 20620,Stamsund, ,NO SUZ,Norway,Norwegian Sea; North Atlantic Ocean,Very Small,Coastal (Natural),68.121111111000005,13.848888888999999
4680.0,US Lake Michigan -- 4570,White Lake, ,US WEK,United States,Lake Michigan; Great Lakes,Small,River (Natural),43.383333000000000,-86.349999999999994
25060.0,Sweden Cont -- 24975,Vastervik,Vestervik,SE VVK,Sweden,Baltic Sea; North Atlantic Ocean,Small,Coastal (Breakwater),57.766666999999998,16.649999999999999
17750.0,United States W Coast -- 16000,Point Wells, ,US OW4,United States,Alaska-Canada coastal waters; North Pacific Ocean,Very Small,Coastal (Natural),47.783332999999999,-122.400000000000006
22350.0,Norway -- 20620,Rognan, ,NO ROG,Norway,Norwegian Sea; North Atlantic Ocean,Very Small,Coastal (Natural),67.108611111000002,15.397777778000000
8350.0,United States E Coast -- 6585,Plymouth, ,US XKN,United States,North Atlantic Ocean,Very Small,River (Natural),35.866667000000000,-76.750000000000000
23500.0,Norway -- 20620,Rekefjord, ,NO REK,Norway,North Sea; North Atlantic Ocean,Very Small,River (Natural),58.325833332999999,6.258333333000000
30460.0,Jylland -- 30020,Thyboron, ,DK THN,Denmark,North Sea; North Atlantic Ocean,Very Small,Coastal (Breakwater),56.700000000000003,8.216666999999999
18820.0,Canada West Coast -- 18080,Port Alice, ,CA PAC,Canada,North Pacific Ocean,Small,Coastal (Natural),50.383333000000000,-127.450000000000003
31830.0,England East Coast -- 31330,Warkworth Harbour,Amble,GB WKO,United Kingdom,North Sea; North Atlantic Ocean,Very Small,River (Natural),55.333333000000003,-1.583333000000000
23790.0,Norway -- 20620,Storsteilene,Storesteilene, ,Norway,Skagerrak; North Atlantic Ocean,Very Small,Coastal (Natural),59.816666667000000,10.607500000000000
8870.0,US Gulf Coast -- 8650,Port Of Memphis, ,US MEM,United States,Gulf of Mexico; North Atlantic Ocean,Small,River (Natural),35.066667000000002,-90.166667000000004
35110.0,England SW Coast -- 35030,Watchet Harbor, ,GB WAT,United Kingdom,Bristol Channel; North Atlantic Ocean,Very Small,Coastal (Breakwater),51.183332999999998,-3.333333000000000
19670.0,Alaska -- 19080,Valdez, ,US VDZ,United States,Gulf of Alaska; North Pacific Ocean,Very Small,Coastal (Natural),61.116667000000000,-146.250000000000000
25900.0,Sweden Cont -- 24975,Stockvik, ,SE STK,Sweden,Gulf of Bothnia; Baltic Sea; North Atlantic Ocean,Very Small,Coastal (Natural),62.333333000000003,17.383333000000000
19990.0,Alaska -- 19080,Port William, ,US PWI,United States,Gulf of Alaska; North Pacific Ocean,Very Small,Coastal (Natural),58.483333000000002,-152.583333000000010
2460.0,Ottawa River -- 2270,Thurso, ,CA URS,Canada,Lake Ontario; Great Lakes,Very Small,River (Natural),45.600000000000001,-75.233333000000002
28715.0,Poland -- 28700,Port Polnochny, , ,Poland,Baltic Sea; North Atlantic Ocean,Medium,Coastal (Breakwater),54.399999999999999,18.716667000000001
17250.0,United States W Coast -- 16000,Poulsbo, ,US PUL,United States,Alaska-Canada coastal waters; North Pacific Ocean,Very Small,Coastal (Natural),47.733333000000002,-122.650000000000006
30190.0,Jylland -- 30020,Vejle, ,DK VEJ,Denmark,Kattegat; North Atlantic Ocean,Small,Coastal (Natural),55.716667000000001,9.550000000000001
29600.0,Falster -- 29570,Stege, ,DK STE,Denmark,Baltic Sea; North Atlantic Ocean,Very Small,Coastal (Breakwater),54.983333000000002,12.283333000000001
23487.0,Norway -- 20620,Tananger, ,NO TAE,Norway,North Sea; North Atlantic Ocean,Very Small,Coastal (Breakwater),58.930000000000000,5.570833333000000
3550.0,US Lake Erie -- 3400,Put In Bay, ,US PU2,United States,Lake Erie; Great Lakes,Very Small,Coastal (Natural),41.649999999999999,-82.816666999999995
57070.0,Solomon Islands -- 56940,Yandina, ,SB XYA,Solomon Islands,Solomon Sea; South Pacific Ocean,Very Small,Coastal (Natural),-9.083333000000000,159.216667000000001
27190.0,Sweden Cont -- 24975,Pitea, ,SE PIT,Sweden,Gulf of Bothnia; Baltic Sea; North Atlantic Ocean,Small,Coastal (Natural),65.316666999999995,21.483332999999998
44390.0,Turkey Asia -- 44360,Trabzon,Trebizond,TR TZX,Turkey,Black Sea; North Atlantic Ocean,Very Small,Coastal (Breakwater),41.016666999999998,39.766666999999998
33370.0,Scotland West Coast -- 32790,Rothesay Harbor, ,GB RAY,United Kingdom,North Atlantic Ocean,Very Small,Coastal (Breakwater),55.833333000000003,-5.050000000000000
20200.0,Alaska Continued -- 20185,Port Moller, ,US PML,United States,Bering Sea; North Pacific Ocean,Very Small,Coastal (Natural),55.983333000000002,-160.566666999999995
16930.0,United States W Coast -- 16000,St Helens, ,US STH,United States,North Pacific Ocean,Very Small,River (Natural),45.866667000000000,-122.799999999999997
19807.0,Alaska -- 19080,Snug Harbor, , ,United States,Cook Inlet; Gulf of Alaska; North Pacific Ocean,Very Small,Coastal (Natural),60.100000000000001,-152.583333000000010
21310.0,Norway -- 20620,Tromso, ,NO TOS,Norway,Norwegian Sea; North Atlantic Ocean,Medium,Open Roadstead,69.650000000000006,18.966667000000001
35040.0,England SW Coast -- 35030,Sharpness, ,GB SSS,United Kingdom,Bristol Channel; North Atlantic Ocean,Small,Canal or Lake,51.716667000000001,-2.483333000000000
28510.0,Estonia -- 28420,Osmussaar,Odensholm,EE OSM,Estonia,Gulf of Finland; Baltic Sea; North Atlantic Ocean,Very Small,Coastal (Natural),59.299999999999997,23.366667000000000
4900.0,US Lake Michigan -- 4570,Two Rivers, ,US TWR,United States,Lake Michigan; Great Lakes,Very Small,Coastal (Breakwater),44.149999999999999,-87.566666999999995
13860.0,Argentina -- 13310,San Blas, ,AR BSB,Argentina,South Atlantic Ocean,Very Small,Coastal (Natural),-40.566667000000002,-62.233333000000002
4130.0,Canada Lake Huron -- 3640,Sheguiandah, , ,Canada,Lake Huron; Great Lakes,Very Small,Coastal (Natural),45.899999999999999,-81.916667000000004
19810.0,Alaska -- 19080,Ouzinkie,Uzinki,US KOZ,United States,Gulf of Alaska; North Pacific Ocean,Very Small,Coastal (Natural),57.916666999999997,-152.500000000000000
43760.0,Ukraine -- 43620,Sevastopol,Syevastopol,UA SVP,Ukraine,Black Sea; North Atlantic Ocean,Large,Coastal (Natural),44.616667000000000,33.533332999999999
3220.0,US Lake Ontario -- 3120,Youngstown, ,US YTW,United States,Lake Erie; Great Lakes,Very Small,River (Natural),43.250000000000000,-79.049999999999997
36370.0,France NW Coast Cont -- 36060,Port De Roscoff-Bloscon, ,FR ROS,France,English Channel; North Atlantic Ocean,Very Small,Coastal (Breakwater),48.733333000000002,-3.983333000000000
33950.0,Ireland -- 33840,Sligo, ,IE SLI,Ireland,North Atlantic Ocean,Very Small,River (Basins),54.266666999999998,-8.466666999999999
5880.0,Cape Breton Island -- 5860,Port Hastings, ,CA PHA,Canada,North Atlantic Ocean,Very Small,Coastal (Natural),45.649999999999999,-61.399999999999999
23330.0,Norway -- 20620,Sagvag, , ,Norway,North Sea; North Atlantic Ocean,Very Small,Coastal (Natural),59.771666666999998,5.378888889000000
33470.0,Scotland West Coast -- 32790,Rothesay Dock, , ,United Kingdom,North Atlantic Ocean,Very Small,River (Natural),55.899999999999999,-4.400000000000000
35850.0,France NW Coast -- 35720,Port Of Rouen, ,FR URO,France,English Channel; North Atlantic Ocean,Large,River (Natural),49.450000000000003,1.066667000000000
3190.0,US Lake Ontario -- 3120,Sodus Bay, ,US SOD,United States,Lake Ontario; Great Lakes,Very Small,Coastal (Natural),43.266666999999998,-76.983333000000002
24280.0,Sweden -- 23860,Simrishamn, ,SE SIM,Sweden,Baltic Sea; North Atlantic Ocean,Small,Coastal (Tide Gates),55.558333333000000,14.358055556000000
19589.0,Alaska -- 19080,Tanani Point, , ,United States,Alaska-Canada coastal waters; North Pacific Ocean,Very Small,Coastal (Natural),59.283332999999999,-135.449999999999989
25050.0,Sweden Cont -- 24975,Verkeback, ,SE VER,Sweden,Baltic Sea; North Atlantic Ocean,Very Small,Coastal (Natural),57.733333000000002,16.533332999999999
18960.0,Canada West Coast -- 18080,Port Simpson, ,CA PSI,Canada,Alaska-Canada coastal waters; North Pacific Ocean,Very Small,Coastal (Natural),54.566667000000002,-130.433333000000005
3810.0,Canada Lake Huron -- 3640,Wiarton, ,CA YVV,Canada,Lake Huron; Great Lakes,Very Small,Coastal (Natural),44.750000000000000,-81.133332999999993
18872.0,Canada West Coast -- 18080,Port Mcneill, ,CA PMA,Canada,Alaska-Canada coastal waters; North Pacific Ocean,Very Small,Coastal (Natural),50.583333000000003,-127.083332999999996
5490.0,US Lake Superior -- 5230,Washington Harbor, , ,United States,Lake Superior; Great Lakes,Very Small,Coastal (Natural),47.916666999999997,-89.150000000000006
100.0,Iceland  West Coast -- 60,Reykjavik,Akranes; Grundartangi,IS REY,Iceland,North Atlantic Ocean,Medium,Coastal (Breakwater),64.150000000000006,-21.933333000000001
19660.0,Alaska -- 19080,Valdez Marine Terminal, ,US VDZ,United States,Gulf of Alaska; North Pacific Ocean,Very Small,Open Roadstead,61.083333000000003,-146.400000000000006
51030.0,Jawa -- 50920,Pekalongan, ,ID PEX,Indonesia,Java Sea; South Pacific Ocean,Very Small,Open Roadstead,-6.850000000000000,109.700000000000003
56590.0,Caroline Islands -- 56560,Pohnpei Harbor,Langar Road,FM PNI,Federated States of Micronesia,North Pacific Ocean,Small,Coastal (Natural),6.983333000000000,158.199999999999989
59988.0,China Continued -- 59850,Yangzhou, ,CN YZH,China,East China Sea; North Pacific Ocean,Small,River (Natural),32.266666999999998,119.433333000000005
53050.0,New Guinea West Coast - Irian Jaya -- 52900,Sailolof,Sailolof, ,Indonesia,Halmahera Sea; South Pacific Ocean,Very Small,Coastal (Natural),-1.250000000000000,130.750000000000000
59070.0,Philippine Islands -- 57960,San Carlos, ,PH SCA,Philippines,Philippine inland seas; North Pacific Ocean,Very Small,Coastal (Breakwater),10.483333000000000,123.416667000000004
690.0,Greenland  West Coast -- 545,Sisimiut,Holsteinsborg,GL JHS,Greenland,Davis Strait; North Atlantic Ocean,Small,Coastal (Natural),66.916667000000004,-53.700000000000003
50330.0,Indonesia -- 50020,Palembang, ,ID PLM,Indonesia,Natuna Sea; South China Sea; South Pacific Ocean,Medium,River (Natural),-2.983333000000000,104.766666999999998
51020.0,Jawa -- 50920,Tegal, ,ID TEG,Indonesia,Java Sea; South Pacific Ocean,Very Small,Open Roadstead,-6.850000000000000,109.133332999999993
51040.0,Jawa -- 50920,Semarang, ,ID SRG,Indonesia,Java Sea; South Pacific Ocean,Small,Open Roadstead,-6.950000000000000,110.416667000000004
3320.0,Canada Lake Erie -- 3240,Rondeau,Erieau,CA ENE,Canada,Lake Erie; Great Lakes,Small,Coastal (Natural),42.266666999999998,-81.900000000000006
7470.0,United States E Coast -- 6585,Stonington, ,US SGN,United States,North Atlantic Ocean,Very Small,River (Natural),41.333333000000003,-71.900000000000006
16970.0,United States W Coast -- 16000,Washougal, ,US W9A,United States,North Pacific Ocean,Very Small,River (Natural),45.583333000000003,-122.349999999999994
250.0,Iceland  North Coast -- 200,Saudarkrokur, ,IS SAU,Iceland,Greenland Sea; Arctic Ocean,Very Small,Coastal (Natural),65.750000000000000,-19.666667000000000
8890.0,US Gulf Coast -- 8650,Tri-City Port, , ,United States,Lake Michigan; Great Lakes,Large,River (Natural),38.716667000000001,-90.200000000000003
53300.0,Australia -- 53290,Thursday Island,Port Kennedy,AU TIS,Australia,Torres Strait; South Pacific Ocean,Small,Coastal (Natural),-10.583333000000000,142.216667000000001
54940.0,Tasmania -- 54700,Port Dalrymple, ,AU PTD,Australia,Bass Strait; South Pacific Ocean,Medium,Coastal (Natural),-41.133333000000000,146.833333000000010
62680.0,Russia -- 62530,Pevek, ,RU PWE,Russia,East Siberian Sea; Arctic Ocean,Very Small,Coastal (Natural),69.716667000000001,170.300000000000011
55000.0,New Zealand N Island -- 54990,Whangaroa, ,NZ WHR,New Zealand,South Pacific Ocean,Very Small,Coastal (Natural),-35.049999999999997,173.766667000000012
75.0,Iceland  West Coast -- 60,Straumsvik, ,IS STR,Iceland,North Atlantic Ocean,Very Small,Coastal (Natural),64.049999999999997,-22.050000000000001
56530.0,Northern Mariana Is -- 56515,Tinian, ,MP TIQ,Northern Mariana Islands,North Pacific Ocean,Very Small,Coastal (Breakwater),14.966666999999999,145.616667000000007
61090.0,Kuril Islands -- 61070,Shakotan, , ,Russia,North Pacific Ocean,Very Small,Coastal (Natural),43.866667000000000,146.833333000000010
59976.0,China Continued -- 59850,Taicang, ,CN TAC,China,East China Sea; North Pacific Ocean,Very Small,Coastal (Breakwater),31.649999999999999,121.200000000000003
57100.0,Solomon Islands -- 56940,Tulaghi, ,SB TLG,Solomon Islands,Solomon Sea; South Pacific Ocean,Very Small,Coastal (Natural),-9.100000000000000,160.150000000000006
61353.0,Japan -- 61100,Soma, ,JP SOM,Japan,North Pacific Ocean,Very Small,Coastal (Breakwater),37.833333000000003,140.949999999999989
56450.0,Gilbert Islands -- 56430,Tarawa Atoll, ,KI TRW,Kiribati,North Pacific Ocean,Very Small,Open Roadstead,1.333333000000000,172.933333000000005
17990.0,United States W Coast -- 16000,Orcas, ,US XJY,United States,Alaska-Canada coastal waters; North Pacific Ocean,Very Small,Coastal (Natural),48.600000000000001,-122.933333000000005
56290.0,Hawaiian Islands -- 56050,Port Allen, ,US PAL,United States,North Pacific Ocean,Small,Coastal (Breakwater),21.899999999999999,-159.583333000000010
4810.0,US Lake Michigan -- 4570,Wilmette, ,US XTT,United States,Lake Michigan; Great Lakes,Very Small,Coastal (Breakwater),42.083333000000003,-87.683333000000005
50231.0,Indonesia -- 50020,Ramba, , ,Indonesia,Natuna Sea; South China Sea; South Pacific Ocean,Very Small,Open Roadstead,-2.616667000000000,104.133332999999993
52480.0,Kepulauan Talaud -- 52470,Teluk Beo, , ,Indonesia,Molucca Sea; North Pacific Ocean,Very Small,Coastal (Natural),4.233333000000000,126.783332999999999
55840.0,Society Islands -- 55765,Papeete, ,PF PPT,French Polynesia,South Pacific Ocean,Small,Coastal (Natural),-17.533332999999999,-149.583333000000010
28500.0, ,Vene-Balti, ,EE VEB,Estonia,Gulf of Finland; Baltic Sea; North Atlantic Ocean,Small,Coastal (Breakwater),59.456960000000002,24.656359999999999
28540.0, ,Virtsu, ,EE VIR,Estonia,Gulf of Riga; Baltic Sea; North Atlantic Ocean,Very Small,Coastal (Breakwater),58.575015999999998,23.510000999999999
28480.0,Estonia -- 28420,Vanasadam - Port of Tallinn, ,EE TLL,Estonia,Gulf of Finland; Baltic Sea; North Atlantic Ocean,Large,Coastal (Breakwater),59.450127999999999,24.766676000000000
62840.0,Russia -- 62530,Rabocheostrovsk,Kyem; Rabocheostrovk, ,Russia,White Sea; Barents Sea; Arctic Ocean,Small,Coastal (Natural),64.991666667000004,34.795277777999999
58690.0,Philippine Islands -- 57960,Tacloban, ,PH TAC,Philippines,Philippine inland seas; North Pacific Ocean,Small,Coastal (Natural),11.250000000000000,125.000000000000000
16680.0,United States W Coast -- 16000,Samoa, ,US IOR,United States,North Pacific Ocean,Very Small,Coastal (Natural),40.816667000000002,-124.183333000000005
56520.0,Northern Mariana Is -- 56515,Saipan, ,MP SPN,Northern Mariana Islands,North Pacific Ocean,Small,Coastal (Natural),15.199999999999999,145.683333000000005
61165.0,Japan -- 61100,Tomakomai Ko, ,JP TMK,Japan,North Pacific Ocean,Small,Coastal (Breakwater),42.633333000000000,141.633332999999993
59820.0,Philippine Islands -- 57960,Siasi, ,PH SSV,Philippines,Celebes Sea; North Pacific Ocean,Very Small,Coastal (Natural),5.550000000000000,120.816666999999995
62810.0,Russia -- 62530,Severodvinsk,Molotovsk,RU SEW,Russia,White Sea; Barents Sea; Arctic Ocean,Small,Coastal (Natural),64.577222222000003,39.773055556000003
56975.0,Solomon Islands -- 56940,Port Noro,Cutter Pt,SB NOR,Solomon Islands,Solomon Sea; South Pacific Ocean,Small,Open Roadstead,-8.216666999999999,157.183333000000005
8160.0,United States E Coast -- 6585,Trenton, ,US TTN,United States,North Atlantic Ocean,Very Small,River (Natural),40.200000000000003,-74.766666999999998
52660.0,Seram -- 52650,Wahai, ,ID WBA,Indonesia,Ceram Sea; Banda Sea; South Pacific Ocean,Very Small,Coastal (Natural),-2.783333000000000,129.500000000000000
50510.0,Indonesia -- 50020,Sibolga,Siboga; Tapnuli,ID SLG,Indonesia,Indian Ocean,Very Small,Coastal (Natural),1.733333000000000,98.766666999999998
51070.0,Jawa -- 50920,Rembang, ,ID REM,Indonesia,Java Sea; South Pacific Ocean,Very Small,Open Roadstead,-6.700000000000000,111.349999999999994
51254.0,Lesser Sunda Islands -- 51250,Tanjung Benete, ,ID BEN,Indonesia,Indian Ocean,Very Small,Coastal (Natural),-8.900000000000000,116.750000000000000
57434.0,Thailand -- 57431,Tantawan Marine Terminal, ,TH TTE,Thailand,Gulf of Thailand; South China Sea; North Pacific Ocean,Very Small,Open Roadstead,10.083333000000000,101.416667000000004
51100.0,Jawa -- 50920,Tuban, ,ID TBN,Indonesia,Java Sea; South Pacific Ocean,Very Small,Open Roadstead,-6.733333000000000,112.150000000000006
62894.0,Russia -- 62530,Vitino, ,RU VIT,Russia,White Sea; Barents Sea; Arctic Ocean,Very Small,Coastal (Natural),67.083332999999996,32.316667000000002
58695.0,Philippine Islands -- 57960,Tanauan, ,PH TNU,Philippines,Philippine inland seas; North Pacific Ocean,Very Small,Open Roadstead,11.100000000000000,125.016666999999998
19680.0,Alaska -- 19080,Whittier, ,US WQF,United States,Gulf of Alaska; North Pacific Ocean,Very Small,Coastal (Natural),60.778333332999999,-148.694444443999998
58870.0,Philippine Islands -- 57960,Tagbilaran, ,PH TAG,Philippines,Philippine inland seas; North Pacific Ocean,Small,Open Roadstead,9.650000000000000,123.849999999999994
62910.0,Russia -- 62530,Ostrovnoy Gremikha,Iokanga,RU GRH,Russia,Barents Sea; Arctic Ocean,Small,Coastal (Natural),68.058333332999993,39.525555556000000
28550.0,Estonia -- 28420,Parnu, ,EE PRN,Estonia,Gulf of Riga; Baltic Sea; North Atlantic Ocean,Small,River (Natural),58.383350999999998,24.480001000000001
55800.0,Society Islands -- 55765,Uturoa, ,PF UTU,French Polynesia,South Pacific Ocean,Very Small,Coastal (Natural),-16.733332999999998,-151.449999999999989
60440.0,North Korea Continued -- 60438,Wonsan, ,KP WON,North Korea,Sea of Japan; North Pacific Ocean,Small,Coastal (Natural),39.166666999999997,127.450000000000003
58890.0,Philippine Islands -- 57960,Tubigan, ,PH TON,Philippines,Philippine inland seas; North Pacific Ocean,Very Small,Open Roadstead,9.949999999999999,123.966667000000001
48468.0,Iran -- 48410,Sirus Oil Terminal,Cyrus Oil Terminal; Soroosh Oil Terminal,IR CYT,Iran,Persian Gulf; Indian Ocean,Small,Open Roadstead,29.016667000000002,49.483333000000002
53190.0,New Guinea SE Coast -- 53140,Suloga Harbor, , ,Papua New Guinea,Solomon Sea; South Pacific Ocean,Very Small,Coastal (Natural),-9.216666999999999,152.766667000000012
28515.0,Estonia -- 28420,Rohukula, ,EE RHK,Estonia,Gulf of Riga; Baltic Sea; North Atlantic Ocean,Very Small,Coastal (Breakwater),58.906059999999997,23.423922999999998
57005.0,Solomon Islands -- 56940,Ringgi Cove, ,SB RIN,Solomon Islands,Solomon Sea; South Pacific Ocean,Small,Coastal (Natural),-8.116667000000000,157.099999999999994
56945.0,Papua New Guinea -- 56695,Queen Carola Harbor, , ,Papua New Guinea,Solomon Sea; South Pacific Ocean,Very Small,Coastal (Natural),-5.166667000000000,154.550000000000011
60520.0,North Korea Continued -- 60438,Senbong,Uki, ,North Korea,Sea of Japan; North Pacific Ocean,Small,Coastal (Natural),42.333333000000003,130.400000000000006
51180.0,Jawa -- 50920,Probolinggo, ,ID PRO,Indonesia,Bali Sea; Java Sea; South Pacific Ocean,Very Small,Open Roadstead,-7.716667000000000,113.216667000000001
53170.0,New Guinea SE Coast -- 53140,Samarai,Dinner Island,PG SQT,Papua New Guinea,Coral Sea; South Pacific Ocean,Very Small,Coastal (Natural),-10.616667000000000,150.666666999999990
61890.0,Japan -- 61100,Ryotu Ko,Ryozu Sado Shima,JP RYO,Japan,Sea of Japan; North Pacific Ocean,Very Small,Coastal (Natural),38.083333000000003,138.566666999999995
50700.0,Sumatera -- 50515,Pangkalansusu, ,ID PKN,Indonesia,Strait of Malacca; Indian Ocean,Very Small,Coastal (Natural),4.116667000000000,98.216667000000001
62670.0,Russia -- 62530,Tiksi, ,RU IKS,Russia,Laptev Sea; Arctic Ocean,Small,Coastal (Natural),71.644444444000001,128.890555556000010
170.0,Iceland  West Coast -- 60,Thingeyri,Pingeyri,IS TEY,Iceland,Denmark Strait; North Atlantic Ocean,Very Small,Coastal (Natural),65.883332999999993,-23.483332999999998
8318.0,United States E Coast -- 6585,Warwick, , ,United States,North Atlantic Ocean,Small,River (Natural),37.450000000000003,-77.416667000000004
60010.0,China Continued -- 59850,Wu Hu, , ,China,East China Sea; North Pacific Ocean,Small,River (Natural),31.333333000000000,118.366667000000007
59990.0,China Continued -- 59850,Zhangjiangang, ,CN ZJG,China,East China Sea; North Pacific Ocean,Small,River (Natural),31.966667000000001,120.400000000000006
50971.0,Indonesia -- 50915,Poleng Oil Field, ,ID POL,Indonesia,Java Sea; South Pacific Ocean,Very Small,Open Roadstead,-6.650000000000000,112.916667000000004
60870.0,Sakhalin -- 60840,Vitaz Marine Terminal, , ,Russia,Sea of Okhotsk; North Pacific Ocean,Very Small,Open Roadstead,52.700000000000003,143.550000000000011
55770.0,Society Islands -- 55765,Vaitape,Boro Boro,PF VAI,French Polynesia,South Pacific Ocean,Very Small,Coastal (Breakwater),-16.500000000000000,-151.750000000000000
55960.0,Iles Tuamotu -- 55860,Port Rikitea, , ,French Polynesia,South Pacific Ocean,Very Small,Coastal (Natural),-23.116667000000000,-134.966667000000001
51350.0,Lesser Sunda Islands -- 51250,Waingapu, ,ID WGP,Indonesia,Savu Sea; Indian Ocean,Very Small,Open Roadstead,-9.633333000000000,120.216667000000001
57230.0,Vanuatu -- 57160,Port Vila, ,VU VLI,Vanuatu,Coral Sea; South Pacific Ocean,Very Small,Coastal (Breakwater),-17.733332999999998,168.316666999999995
61855.0,Japan -- 61100,Shimminato, , ,Japan,Sea of Japan; North Pacific Ocean,Very Small,River (Basins),36.766666999999998,137.116667000000007
7430.0,United States E Coast -- 6585,Quonset Point, ,US NCO,United States,North Atlantic Ocean,Very Small,Coastal (Natural),41.583333000000003,-71.400000000000006
62695.0,Russia -- 62530,Port Dikson, ,RU DKS,Russia,Kara Sea; Arctic Ocean,Very Small,Coastal (Natural),73.506388888999993,80.506111110999996
58640.0,Philippine Islands -- 57960,Port Borongan, ,PH BGV,Philippines,Philippine inland seas; North Pacific Ocean,Very Small,Open Roadstead,11.600000000000000,125.433333000000005
56323.0,Hawaiian Islands -- 56050,Tern Island, , ,United States,North Pacific Ocean,Very Small,Coastal (Natural),23.866667000000000,-166.283332999999999
28490.0, ,Paljassaare, ,EE PAS,Estonia,Gulf of Finland; Baltic Sea; North Atlantic Ocean,Medium,Coastal (Breakwater),59.459102000000001,24.705639999999999
52510.0,Pulau Ternate -- 52500,Ternate, ,ID TTE,Indonesia,Molucca Sea; North Pacific Ocean,Very Small,Open Roadstead,0.783333000000000,127.383332999999993
28425.0,Estonia -- 28420,Sillamae, ,EE SLM,Estonia,Gulf of Finland; Baltic Sea; North Atlantic Ocean,Large,Coastal (Breakwater),59.426119999999997,27.739450000000001
3310.0,Canada Lake Erie -- 3240,Port Stanley, ,CA PST,Canada,Lake Erie; Great Lakes,Very Small,River (Natural),42.666666999999997,-81.200000000000003
58770.0,Philippine Islands -- 57960,Ormoc, ,PH ORC,Philippines,Philippine inland seas; North Pacific Ocean,Very Small,Open Roadstead,11.000000000000000,124.599999999999994
52940.0,New Guinea West Coast - Irian Jaya -- 52900,Serui,Seroei, ,Indonesia,Teluk Cenderawasih; South Pacific Ocean,Very Small,Coastal (Natural),-1.900000000000000,136.250000000000000
52140.0,Sulawesi -- 51970,Poso, ,ID PSJ,Indonesia,Teluk Tomini; Molucca Sea; South Pacific Ocean,Very Small,Open Roadstead,-1.366667000000000,120.750000000000000
50300.0,Indonesia -- 50020,Sungaigerong, ,ID SUG,Indonesia,Natuna Sea; South China Sea; South Pacific Ocean,Very Small,River (Natural),-2.983333000000000,104.833332999999996
17650.0,United States W Coast -- 16000,Shelton, ,US XSI,United States,Alaska-Canada coastal waters; North Pacific Ocean,Very Small,Coastal (Natural),47.216667000000001,-123.099999999999994
52295.0,Sulawesi -- 51970,Pomalaa, ,ID PUM,Indonesia,Teluk Bone; Banda Sea; South Pacific Ocean,Very Small,Coastal (Natural),-4.166667000000000,121.599999999999994
52870.0,Kepulauan Tanimbar -- 52850,Saumlaki,Saumlakki,ID SXK,Indonesia,Arafura Sea; South Pacific Ocean,Very Small,Coastal (Natural),-7.983333000000000,131.300000000000011
50441.0,Indonesia -- 50020,Pulau Baai, , ,Indonesia,Indian Ocean,Very Small,Open Roadstead,-3.916667000000000,102.283332999999999
52560.0,Halmahera -- 52540,Patani, , ,Indonesia,North Pacific Ocean,Very Small,Coastal (Natural),0.366667000000000,128.750000000000000
56540.0,Northern Mariana Is -- 56515,Rota, ,MP ROP,Northern Mariana Islands,North Pacific Ocean,Very Small,Open Roadstead,14.133333000000000,145.150000000000006
18060.0,United States W Coast -- 16000,Semiahmoo, , ,United States,Alaska-Canada coastal waters; North Pacific Ocean,Very Small,Coastal (Natural),48.983333000000002,-122.766666999999998
56240.0,Hawaiian Islands -- 56050,Pukoo, , ,United States,North Pacific Ocean,Very Small,Typhoon Harbor,21.066666999999999,-156.800000000000011
54672.0,Australia -- 53290,Weipa, ,AU WEI,Australia,Gulf of Carpentaria; Arafura Sea; South Pacific Ocean,Very Small,Coastal (Natural),-12.666667000000000,141.866667000000007
48130.0,Saudi Arabia -- 48100,Rabigh, ,SA RAB,Saudi Arabia,Red Sea; Indian Ocean,Very Small,Coastal (Breakwater),22.733332999999998,38.983333000000002
90.0,Iceland  West Coast -- 60,Skerjafjordur, ,IS KJF,Iceland,North Atlantic Ocean,Very Small,Coastal (Natural),64.150000000000006,-22.016667000000002
59963.0,China Continued -- 59850,Zhapu,Chapu; Hangzhou,CN ZPU,China,East China Sea; North Pacific Ocean,Small,Open Roadstead,30.583333000000000,121.083332999999996
52695.0,Seram -- 52650,Salawati, ,ID SWT,Indonesia,South Pacific Ocean,Small,River (Natural),-1.350000000000000,130.983332999999988
7641.0,United States E Coast -- 6585,Patchogue, ,US PCP,United States,North Atlantic Ocean,Very Small,River (Natural),40.750000000000000,-73.016666999999998
33400.0,Scotland West Coast -- 32790,Faslane,HM Naval Base Clyde,GB FAS,United Kingdom,North Atlantic Ocean, , ,56.063889303000003,-4.819456751000000
40820.0,Italy East Coast -- 40390,Trieste, ,IT TRS,Italy,Adriatic Sea; Mediterranean Sea; North Atlantic Ocean,Large,Coastal (Breakwater),45.651000000000003,13.746000000000000
3060.0,Canada Lake Ontario -- 2820,Port Dalhousie, ,CADHS,Canada,Lake Ontario; Great Lakes,Very Small,Coastal (Breakwater),43.216667000000001,-79.266666999999998
34560.0,Ireland -- 33840,Greenore, ,IE GRN,Ireland,Irish Sea; North Atlantic Ocean,Very Small,Coastal (Natural),54.033332999999999,-6.133333000000000
3360.0,Canada Lake Erie -- 3240,Kingsville, ,CA KVL,Canada,Lake Erie; Great Lakes,Very Small,Coastal (Breakwater),42.016666999999998,-82.733333000000002
34360.0,Ireland -- 33840,Cork, ,IE ORK,Ireland,Celtic Sea; North Atlantic Ocean,Medium,River (Natural),51.850000000000001,-8.266667000000000
59860.0,China Continued -- 59850,Fuzhou,Foochou; Foochow,CN FZH,China,East China Sea; North Pacific Ocean,Very Small,River (Natural),26.083333000000000,119.299999999999997
15830.0,Mexico West Coast -- 15700,Topolobampo, ,MX TPB,Mexico,Gulf of California; North Pacific Ocean,Small,Coastal (Natural),25.600000000000001,-109.066666999999995
33780.0,Northern Ireland -- 33630,Kilroot, ,GB KLR,United Kingdom,North Atlantic Ocean,Small,Coastal (Natural),54.733333000000002,-5.716667000000000
15850.0,Mexico West Coast -- 15700,Guaymas, ,MX GYM,Mexico,Gulf of California; North Pacific Ocean,Small,Coastal (Breakwater),27.916667000000000,-110.916667000000004
3490.0,US Lake Erie -- 3400,Cleveland, ,US CLE,United States,Lake Erie; Great Lakes,Large,Coastal (Breakwater),41.500000000000000,-81.716667000000001
3560.0,US Lake Erie -- 3400,Toledo, ,US TOL,United States,Lake Erie; Great Lakes,Medium,River (Natural),41.700000000000003,-83.466667000000001
15765.0,Mexico West Coast -- 15700,Lazaro Cardenas, ,MX LZC,Mexico,North Pacific Ocean,Small,River (Basins),17.933333000000001,-102.166667000000004
59015.0,Philippine Islands -- 57960,Toledo,Sangi,PH SNG,Philippines,Philippine inland seas; North Pacific Ocean,Small,Open Roadstead,10.366667000000000,123.633332999999993
61250.0,Japan -- 61100,Rumoi Ko, ,JP RMI,Japan,Sea of Japan; North Pacific Ocean,Very Small,Coastal (Breakwater),43.950000000000003,141.633332999999993
6000.0,Cape Breton Island -- 5860,Sydney, ,CA SYD,Canada,North Atlantic Ocean,Medium,Coastal (Natural),46.149999999999999,-60.200000000000003
3570.0,US Lake Erie -- 3400,Monroe, ,US MOI,United States,Lake Erie; Great Lakes,Very Small,River (Natural),41.883333000000000,-83.333332999999996
16830.0,United States W Coast -- 16000,Toledo, ,US TDX,United States,North Pacific Ocean,Very Small,River (Natural),44.616667000000000,-123.933333000000005
33770.0,Northern Ireland -- 33630,Belfast, ,GB BEL,United Kingdom,North Atlantic Ocean,Large,River (Basins),54.616667000000000,-5.900000000000000
33145.0,Scotland West Coast -- 32790,Kilkeel, ,GB KLK,United Kingdom,Irish Sea; North Atlantic Ocean,Very Small,Coastal (Natural),54.049999999999997,-5.983333000000000
34480.0,Ireland -- 33840,Dublin,Baile Atha Cliath,IE MTL,Ireland,Irish Sea; North Atlantic Ocean,Medium,Coastal (Breakwater),53.350000000000001,-6.250000000000000
1957.0,Canada St Lawrence R -- 1930,Pointe Noire, ,CA PNO,Canada,Gulf of Saint Lawrence; North Atlantic Ocean,Small,River (Natural),50.166666999999997,-66.483333000000002
33790.0,Northern Ireland -- 33630,Larne, ,GB LAR,United Kingdom,North Atlantic Ocean,Small,Coastal (Natural),54.850000000000001,-5.800000000000000
33680.0,Northern Ireland -- 33630,Warren Point, ,GB WPT,United Kingdom,Irish Sea; North Atlantic Ocean,Very Small,Coastal (Natural),54.100000000000001,-6.250000000000000
34390.0,Ireland -- 33840,New Ross, ,IE NRS,Ireland,Celtic Sea; North Atlantic Ocean,Small,River (Natural),52.383333000000000,-6.950000000000000
34025.0,Ireland -- 33840,Drogheda, ,IE DRO,Ireland,Irish Sea; North Atlantic Ocean,Very Small,River (Basins),53.716667000000001,-6.300000000000000
34350.0,Ireland -- 33840,Cobh, ,IE COB,Ireland,Celtic Sea; North Atlantic Ocean,Medium,River (Natural),51.850000000000001,-8.300000000000001
34420.0,Ireland -- 33840,Rosslare,Rosslare Europort,IE ROE,Ireland,Irish Sea; North Atlantic Ocean,Small,Coastal (Breakwater),52.250000000000000,-6.333333000000000
62640.0,Russia -- 62530,Provideniya, ,RU PVS,Russia,Anadyrskiy Zaliv; Bering Sea; North Pacific Ocean,Very Small,Coastal (Natural),64.421111111000002,-173.227499999999992
34400.0,Ireland -- 33840,Waterford, ,IE WAT,Ireland,Celtic Sea; North Atlantic Ocean,Very Small,River (Natural),52.266666999999998,-7.116667000000000
49330.0,India East Coast -- 49310,Pamban, , ,India,Palk Strait; Indian Ocean,Very Small,Open Roadstead,9.283333333000000,79.216666666999998
27825.0,Finland -- 27380,Uto, ,FIUTO,Finland,Baltic Sea; North Atlantic Ocean,Small,Coastal (Natural),59.783333333000002,21.366666667000001
1675.0,Newfoundland  E Coast -- 1410,Bay Bulls, ,CABBU,Canada,North Atlantic Ocean, , ,47.316666667000000,-52.816666667000000
1700.0,Newfoundland S Coast -- 1680,Placentia Bay, , ,Canada,North Atlantic Ocean, , ,47.253554536000003,-54.014215767000003
1760.0,Newfoundland Cont. -- 1780,Miquelon, , ,Saint Pierre and Miquelon,North Atlantic Ocean, , ,47.100000000000001,-56.366666666999997
1730.0,Newfoundland Cont. -- 1780,Marystown, , ,Canada,North Atlantic Ocean, , ,47.183333333000000,-55.116666666999997
1714.0,Newfoundland S Coast -- 1680,Arnold's Cove, , ,Canada,North Atlantic Ocean,Small, ,47.764799042999996,-53.981065504000000
1790.0,Newfoundland  W Coast -- 1800,Burgeo, ,CABUO,Canada,North Atlantic Ocean,Small, ,47.616666666999997,-57.600000000000001
1784.0,Newfoundland Cont. -- 1780,Fortune, , ,Canada,North Atlantic Ocean, , ,47.073282200999998,-55.830687118999997
1712.0,Newfoundland S Coast -- 1680,Long Harbour, , ,Canada,North Atlantic Ocean, , ,47.423624109000002,-53.826773459000002
1658.0,Newfoundland  E Coast -- 1410,Long Pond, , ,Canada,North Atlantic Ocean, , ,47.519201164000002,-52.978413427000000
1785.0,Newfoundland Cont. -- 1780,Grand Bank, ,CAGRB,Canada,North Atlantic Ocean, , ,47.100000000000001,-55.750000000000000
1650.0,Newfoundland  E Coast -- 1410,Bay Roberts, ,CABYR,Canada,North Atlantic Ocean, , ,47.589050000000000,-53.262650000000001
1786.0,Newfoundland Cont. -- 1780,Harbour Breton, , ,Canada,North Atlantic Ocean,Small, ,47.483333332999997,-55.799999999999997
1655.0,Newfoundland  E Coast -- 1410,Holyrood, , ,Canada,North Atlantic Ocean, , ,47.399999999999999,-53.133333333000003
1470.0,Newfoundland  E Coast -- 1410,Baie Verte, ,CA BVE,Canada,North Atlantic Ocean, , ,49.916666667000001,-56.200000000000003
1420.0,Newfoundland  E Coast -- 1410,St Anthony, ,CA SAT,Canada,North Atlantic Ocean, , ,51.366666666999997,-55.566666667000000
1591.0,Newfoundland  E Coast -- 1410,Carmanville, ,CA CMV,Canada,North Atlantic Ocean, , ,49.399999999999999,-54.266666667000003
1090.0,Hudson Bay -- 1070,Churchill, ,CA CHV,Canada,Hudson Bay; Arctic Ocean, , ,58.783333333000002,-94.200000000000003
1500.0,Newfoundland  E Coast -- 1410,Springdale, ,CA SPD,Canada,North Atlantic Ocean, , ,49.500000000000000,-56.066666667000000
1450.0,Newfoundland  E Coast -- 1410,Roddickton, ,CA ROD,Canada,North Atlantic Ocean, , ,50.866666666999997,-56.133333333000003
1560.0,Newfoundland  E Coast -- 1410,Lewisporte, ,CA LWP,Canada,North Atlantic Ocean, , ,49.250000000000000,-55.049999999999997
1150.0, ,Deception Bay, ,CA DEB,Canada,Hudson Strait; Arctic Ocean, , ,62.149999999999999,-74.683333332999993
1260.0, ,Nain, ,CA NAI,Canada,Labrador Sea; North Atlantic Ocean, , ,56.549999999999997,-61.683333333000000
1540.0,Newfoundland  E Coast -- 1410,Botwood, ,CA BWD,Canada,North Atlantic Ocean, , ,49.133333333000003,-55.333333332999999
1570.0,Newfoundland  E Coast -- 1410,Twillingate, ,CA TWI,Canada,North Atlantic Ocean, , ,49.649999999999999,-54.766666667000003
40.0,Iceland  South Coast -- 490,Thorlakshofn, ,ISTHH,Iceland,North Atlantic Ocean, , ,63.850000000000001,-21.366666667000001
230.0,Iceland  North Coast -- 200,Skagastrond, ,ISSKA,Iceland,Greenland Sea; Arctic Ocean, , ,65.816666667000007,-20.316666667000000
340.0,Iceland  North Coast -- 200,Raufarhofn, ,ISRAU,Iceland,Greenland Sea; Arctic Ocean, , ,66.450000000000003,-15.933333333000000
465.0,Iceland  East Coast -- 360,Djupivogur, ,ISDJU,Iceland,North Atlantic Ocean, , ,64.666666667000001,-14.283333333000000
900.0, ,Uummannaq,Umanak,GLUMD,Greenland,Baffin Bay; Arctic Ocean, , ,70.666666667000001,-52.116666666999997
360.0,Iceland  East Coast -- 360,Vopnafjordur, ,ISVPN,Iceland,Norwegian Sea; North Atlantic Ocean, , ,65.750000000000000,-14.816666667000000
350.0,Iceland  North Coast -- 200,Thorshofn, ,IS THO,Iceland,Greenland Sea; Arctic Ocean, ,Coastal (Breakwater),66.200000000000003,-15.333333333000001
65.0,Iceland  South Coast -- 490,Grindavik, ,ISGRI,Iceland,North Atlantic Ocean, , ,63.833333332999999,-22.433333333000000
120.0, ,Grundarfjordur, ,ISGRF,Iceland,North Atlantic Ocean, , ,64.933333332999993,-23.250000000000000
635.0,Greenland  West Coast -- 545,Faeringehavn, ,GLFHN,Greenland,Labrador Sea; North Atlantic Ocean, , ,63.683333333000000,-51.516666667000003
315.0,Iceland  North Coast -- 200,Grenivik, ,ISGRE,Iceland,Greenland Sea; Arctic Ocean, , ,65.950000000000003,-18.183333333000000
540.0,Greenland   East Coast -- 10,Ammassalik,Angmagssalik; Tasiilaq,GLAGM,Greenland,North Atlantic Ocean, , ,65.616666667000004,-37.616666666999997
453.0,Iceland  East Coast -- 360,Faskrudsfjordur, ,ISFAS,Iceland,North Atlantic Ocean, , ,64.916666667000001,-14.016666667000001
72.0,Iceland  East Coast -- 360,Helguvik, ,ISHEL,Iceland,North Atlantic Ocean, , ,64.016666666999996,-22.550000000000001
210.0,Iceland  North Coast -- 200,Hvammstangi, ,ISHVM,Iceland,Greenland Sea; Arctic Ocean, , ,65.400000000000006,-20.949999999999999
680.0, ,Soendre Stroemfjord,Kangerlussuaq,GLSFJ,Greenland,Davis Strait; North Atlantic Ocean, , ,66.950000000000003,-50.950000000000003
85.0,Iceland  West Coast -- 60,Kopavogur, ,ISKOV,Iceland,North Atlantic Ocean, , ,64.116666667000004,-21.949999999999999
155.0,Iceland  East Coast -- 360,Patreksfjordur, ,ISPAT,Iceland,Denmark Strait; North Atlantic Ocean, , ,65.599999999999994,-24.000000000000000
270.0,Iceland  North Coast -- 200,Olafsfjordur, ,ISOLF,Iceland,Greenland Sea; Arctic Ocean, , ,66.066666667000007,-18.649999999999999
125.0,Iceland  East Coast -- 360,Stykkisholmur, ,ISSTY,Iceland,North Atlantic Ocean, , ,65.083333332999999,-22.733333333000001
5680.0,New Brunswick -- 5555,Shediac Harbor, , ,Canada,Gulf of Saint Lawrence; North Atlantic Ocean, , ,46.216666666999998,-64.533333333000002
1989.0,Canada St Lawrence R -- 1930,Cap des Mechins, , ,Canada,Gulf of Saint Lawrence; North Atlantic Ocean, , ,49.000000000000000,-66.983333333000004
6290.0,Nova Scotia Cont -- 6070,Sheet Harbor, , ,Canada,North Atlantic Ocean, , ,44.899999999999999,-62.500000000000000
1980.0,Canada St Lawrence R -- 1930,Godbout,Godbout Village; Godbout River, ,Canada,Gulf of Saint Lawrence; North Atlantic Ocean, , ,49.316666667000000,-67.599999999999994
5702.0, ,Ile du Cap aux Meules,Grindstone Island, ,Canada,Gulf of Saint Lawrence; North Atlantic Ocean, , ,47.383333333000003,-61.916666667000001
5542.0,South Side -- 5501,Newport (Canada), , ,Canada,Gulf of Saint Lawrence; North Atlantic Ocean, , ,48.266666667000003,-64.750000000000000
1888.0,North Side -- 1871,Natashquan,Pointe de Natashquan, ,Canada,Gulf of Saint Lawrence; North Atlantic Ocean, , ,50.083333332999999,-61.733333332999997
5942.0,Cape Breton Island -- 5860,St Anns Harbour, , ,Canada,North Atlantic Ocean, , ,46.283333333000002,-60.549999999999997
5890.0,Cape Breton Island -- 5860,Port Hood, , ,Canada,Gulf of Saint Lawrence; North Atlantic Ocean, , ,46.000000000000000,-61.549999999999997
6401.0,Nova Scotia Cont -- 6070,Riverport, , ,Canada,North Atlantic Ocean, , ,44.299999999999997,-64.333333332999999
6390.0,Nova Scotia Cont -- 6070,Lunenburg Harbour, , ,Canada,North Atlantic Ocean, , ,44.366666666999997,-64.299999999999997
2100.0,Canada St Lawrence R -- 1930,Tadoussac, , ,Canada,Gulf of Saint Lawrence; North Atlantic Ocean, , ,48.149999999999999,-69.716666666999998
5630.0,New Brunswick -- 5555,Miramichi, , ,Canada,Gulf of Saint Lawrence; North Atlantic Ocean, , ,47.016666667000003,-65.500000000000000
5930.0,Cape Breton Island -- 5860,Dingwall Harbor, , ,Canada,North Atlantic Ocean, , ,46.899999999999999,-60.466666666999998
5650.0,New Brunswick -- 5555,Richibucto Harbor, , ,Canada,Gulf of Saint Lawrence; North Atlantic Ocean, , ,46.683333333000000,-64.866666667000004
5999.0,Cape Breton Island -- 5860,Crawley Creek, , ,Canada,North Atlantic Ocean, , ,46.149999999999999,-60.223333332999999
5704.0, ,Havre de la Grande Entree, , ,Canada,Gulf of Saint Lawrence; North Atlantic Ocean, , ,47.583333332999999,-61.583333332999999
2155.0,Canada St Lawrence R -- 1930,La Malbaie,Murray Bay, ,Canada,Gulf of Saint Lawrence; North Atlantic Ocean, , ,47.633333333000003,-70.133333332999996
2145.0,Canada St Lawrence R -- 1930,Ile du Gros Cacouna,Le Gros Cacouna, ,Canada,Gulf of Saint Lawrence; North Atlantic Ocean, , ,47.933333333000000,-69.500000000000000
5590.0,New Brunswick -- 5555,Bathurst Harbour, , ,Canada,Gulf of Saint Lawrence; North Atlantic Ocean, , ,47.633333333000003,-65.633333332999996
6460.0,Nova Scotia Cont -- 6070,Yarmouth Harbor (Canada), , ,Canada,North Atlantic Ocean, , ,43.833333332999999,-66.116666667000004
6420.0,Nova Scotia Cont -- 6070,Lockeport Harbor, , ,Canada,North Atlantic Ocean, , ,43.700000000000003,-65.116666667000004
2080.0,Canada St Lawrence R -- 1930,Baie des Escoumins, , ,Canada,Gulf of Saint Lawrence; North Atlantic Ocean, , ,48.350819999999999,-69.389171579000006
5950.0,Cape Breton Island -- 5860,Baddeck Harbour, , ,Canada,North Atlantic Ocean, , ,46.100000000000001,-60.750000000000000
6430.0,Nova Scotia Cont -- 6070,Shelburne Harbour, , ,Canada,North Atlantic Ocean, , ,43.750000000000000,-65.316666667000007
2152.0,Canada St Lawrence R -- 1930,St Simeon, , ,Canada,Gulf of Saint Lawrence; North Atlantic Ocean, , ,47.833333332999999,-69.866666667000004
5700.0, ,Havre Aubert,Amherst Harbor, ,Canada,Gulf of Saint Lawrence; North Atlantic Ocean, , ,47.233333332999997,-61.833333332999999
5780.0,Nova Scotia -- 5775,Pugwash Harbour, , ,Canada,Gulf of Saint Lawrence; North Atlantic Ocean, , ,45.850000000000001,-63.666666667000001
1900.0,North Side -- 1871,Mingan Harbor, , ,Canada,Gulf of Saint Lawrence; North Atlantic Ocean, , ,50.283333333000002,-64.016666666999996
2160.0,Canada St Lawrence R -- 1930,Portneuf, , ,Canada,Gulf of Saint Lawrence; North Atlantic Ocean, , ,46.683333333000000,-71.883333332999996
6044.0,Cape Breton Island -- 5860,Arichat Harbour, , ,Canada,North Atlantic Ocean, , ,45.516666667000003,-61.016666667000003
5585.0,New Brunswick -- 5555,Belledune Harbor, , ,Canada,Gulf of Saint Lawrence; North Atlantic Ocean, , ,47.899999999999999,-65.833333332999999
1910.0, ,Port Menier, , ,Canada,Gulf of Saint Lawrence; North Atlantic Ocean, , ,49.816666667000000,-64.349999999999994
2173.0,Canada St Lawrence R -- 1930,Pointe des Roches, , ,Canada,Gulf of Saint Lawrence; North Atlantic Ocean, , ,47.416666667000001,-70.400000000000006
5730.0,Prince Edward Island -- 5705,Souris Harbour, , ,Canada,Gulf of Saint Lawrence; North Atlantic Ocean, , ,46.350000000000001,-62.250000000000000
5540.0,South Side -- 5501,Chandler, , ,Canada,Gulf of Saint Lawrence; North Atlantic Ocean, , ,48.350000000000001,-64.666666667000001
9540.0,Mexico East Coast -- 9350,Puerto Morelos, ,MXPMS,Mexico,Caribbean Sea; North Atlantic Ocean, , ,20.850000000000001,-86.883333332999996
1860.0, ,Old Ferolle Harbor,Brig Bay, ,Canada,Gulf of Saint Lawrence; North Atlantic Ocean,Small, ,51.083333332999999,-56.883333333000003
1862.0, ,St. Barbe Harbor, , ,Canada,Gulf of Saint Lawrence; North Atlantic Ocean,Small, ,51.200000000000003,-56.766666667000003
1850.0, ,Port Saunders, , ,Canada,Gulf of Saint Lawrence; North Atlantic Ocean,Small, ,50.649999999999999,-57.283333333000002
1789.0, ,Great Jervis Harbor, , ,Canada,North Atlantic Ocean, , ,47.649999999999999,-56.183333333000000
1853.0, ,Hawkes Habor, , ,Canada,Gulf of Saint Lawrence; North Atlantic Ocean, , ,50.616666666999997,-57.299999999999997
910.0, ,Marmorilik, ,GLMML,Greenland,Baffin Bay; Arctic Ocean, , ,71.133333332999996,-51.266666667000003
435.0,Iceland  East Coast -- 360,Reydarfjordur,Mjoeyrarhofn,ISRFJ,Iceland,North Atlantic Ocean, , ,65.033333333000002,-14.100000000000000
455.0,Iceland  East Coast -- 360,Stodhvarfjordur, ,ISSTD,Iceland,North Atlantic Ocean, , ,64.833333332999999,-13.883333332999999
68.0,Iceland  West Coast -- 60,Sandgerdi,Sandgerdhi,ISSAN,Iceland,North Atlantic Ocean, , ,64.033333333000002,-22.716666666999998
110.0,Iceland  West Coast -- 60,Litlisandur, ,ISLSA,Iceland,North Atlantic Ocean, , ,64.383333332999996,-21.449999999999999
115.0,Iceland  West Coast -- 60,Borgarnes,Borganes,ISBOR,Iceland,North Atlantic Ocean, , ,64.549999999999997,-21.916666667000001
57860.0,China -- 57855,Shan T Ou,Swanton; Swatou, ,China,South China Sea; North Pacific Ocean,Small,River (Natural),23.366667000000000,116.683333000000005
57857.0,China -- 57855,Yantian, ,CN YTN,China,South China Sea; North Pacific Ocean,Small,Coastal (Natural),22.583333000000000,114.266666999999998
57872.0,China -- 57855,Zhangzhou, ,CN ZZU,China,Taiwan Strait; North Pacific Ocean,Small,Coastal (Natural),24.683333000000001,118.150000000000006
57876.0,China -- 57855,Xiuyu, ,CN XYG,China,Taiwan Strait; North Pacific Ocean,Very Small,Coastal (Breakwater),25.233332999999998,118.983333000000002
57874.0,China -- 57855,Quanzhou, ,CN QZL,China,Taiwan Strait; North Pacific Ocean,Small,Coastal (Natural),24.883333000000000,118.599999999999994
28210.0,Finland -- 27380,Porvoo,Borga; Skoldvik,FISKV,Finland,Gulf of Finland; Baltic Sea; North Atlantic Ocean,Very Small,River (Natural),60.299999999999997,25.633333000000000
14000.0,Falkland Islands -- 13990,Stanley, ,FK PSY,Falkland Islands (Islas Malvinas),South Atlantic Ocean,Medium,Coastal (Natural),-51.700000000000003,-57.833333000000003
57821.0,China -- 57815,Zhuhai, ,CN ZUH,China,South China Sea; North Pacific Ocean,Very Small,Coastal (Breakwater),22.233332999999998,113.583332999999996
57777.0,China -- 57740,Shekou,Chiwan,CN SHK,China,South China Sea; North Pacific Ocean,Medium,Coastal (Natural),22.466667000000001,113.866667000000007
28360.0,Russia -- 28250,Primorsk,Koivisto Bay; Zaliv Koyvisto,RU PRI,Russia,Gulf of Finland; Baltic Sea; North Atlantic Ocean,Very Small,Open Roadstead,60.366667000000000,28.633333000000000
27740.0,Finland -- 27380,Pori, ,FI POR,Finland,Gulf of Bothnia; Baltic Sea; North Atlantic Ocean,Large,Coastal (Natural),61.483333000000002,21.800000000000001
57870.0,China -- 57855,Xiamen,Amoy,CN XMG,China,Taiwan Strait; North Pacific Ocean,Medium,River (Natural),24.449999999999999,118.066666999999995
36290.0,France NW Coast Cont -- 36060,Pontrieux, ,FR POX,France,English Channel; North Atlantic Ocean,Very Small,River (Natural),48.709507582999997,-3.146202479000000
28410.0,Russia -- 28250,Ust Luga,Reka Luga,RU ULU,Russia,Gulf of Finland; Baltic Sea; North Atlantic Ocean,Very Small,River (Natural),59.666666999999997,28.316666999999999
14150.0,Chile -- 14070,Puerto Yartou,Port Yartou; Port Yartow, ,Chile,South Pacific Ocean,Very Small,Coastal (Natural),-53.883333000000000,-70.150000000000006
59995.0,China Continued -- 59850,Zhenjiang,Chinkiang,CN ZHE,China,East China Sea; North Pacific Ocean,Small,River (Natural),32.216667000000001,119.433333000000005
18670.0,Canada West Coast -- 18080,Victoria Harbor, ,CA VIC,Canada,Alaska-Canada coastal waters; North Pacific Ocean,Medium,Coastal (Breakwater),48.433332999999998,-123.383332999999993
18150.0,Canada West Coast -- 18080,Vancouver, ,CA VAN,Canada,Alaska-Canada coastal waters; North Pacific Ocean,Large,Coastal (Natural),49.283332999999999,-123.116667000000007
18730.0,Canada West Coast -- 18080,Port Alberni, ,CA PAB,Canada,Alaska-Canada coastal waters; North Pacific Ocean,Small,River (Natural),49.233333000000002,-124.816666999999995
45164.0,Egypt Mediterranean -- 45120,Abu Qir, ,EG,Egypt,Mediterranean Sea; North Atlantic Ocean, , ,31.323997974000001,30.078534363999999
11670.0,Grenada -- 11665,St George's, ,GD STG,Grenada,Caribbean Sea; North Atlantic Ocean,Small,Coastal (Natural),12.050000000000001,-61.750000000000000
14090.0,Chile -- 14070,Puerto Sara, ,CL,Chile,South Pacific Ocean,Very Small,Coastal (Natural),-52.633333000000000,-70.200000000000003
14080.0,Chile -- 14070,Punta Delgada,Delgada Point,CL,Chile,South Atlantic Ocean,Very Small,Open Roadstead,-52.466667000000001,-69.549999999999997
28370.0,Russia -- 28250,Sankt-Peterburg,Leningrad; Petrograd; St Petersburg,RU LED,Russia,Gulf of Finland; Baltic Sea; North Atlantic Ocean,Large,Coastal (Breakwater),59.933332999999998,30.300000000000001
27537.0,Finland -- 27380,Rahja, ,FI KJO,Finland,Gulf of Bothnia; Baltic Sea; North Atlantic Ocean,Very Small,Coastal (Breakwater),64.217777777999999,23.679722221999999
20730.0,Norway -- 20620,Mehamnfjorden,Mehamn,NOMEH,Norway,Barents Sea; Arctic Ocean, , ,71.041346614000005,27.835338465000000
23065.0,Norway -- 20620,Fiborgtangen, ,NOSKX,Norway,Norwegian Sea; North Atlantic Ocean, , ,63.717642990999998,11.147972250000000
23503.0,Norway -- 20620,Jossingfjord, ,NOJOS,Norway,North Sea; North Atlantic Ocean, , ,58.314907138000002,6.333204587000000
22770.0,Norway -- 20620,Nesna, ,NONSN,Norway,Norwegian Sea; North Atlantic Ocean, , ,66.200987053000006,13.010143533999999
23170.0,Norway -- 20620,Haakonsvern, ,NO HKS,Norway,North Sea; North Atlantic Ocean, , ,60.333164355999997,5.235305876000000
27820.0,Finland -- 27380,Turku, ,FI TKU,Finland,Baltic Sea; North Atlantic Ocean,Medium,River (Basins),60.450000000000003,22.233332999999998
28440.0,Estonia -- 28420,Kunda,Kunda Sadam,EE KND,Estonia,Gulf of Finland; Baltic Sea; North Atlantic Ocean,Very Small,Coastal (Breakwater),59.527774999999998,26.547196000000000
14100.0,Chile -- 14070,Rada Punta Arenas,Magallanes,CL PUQ,Chile,South Pacific Ocean,Small,Open Roadstead,-53.166666999999997,-70.900000000000006
45172.0,Egypt Mediterranean -- 45120,Sidi Kerir (Kurayr), ,EG SKT,Egypt,Mediterranean Sea; North Atlantic Ocean,Small,Open Roadstead,31.056713682000002,29.670446971000001
57864.0,China -- 57855,Dongshan, ,CN DSN,China,South China Sea; North Pacific Ocean,Small,Coastal (Natural),23.756666667000001,117.504999999999995
29435.0,Sjaelland -- 29150,Kyndbyvaerkets,Kyndby; Kyndby Vaerkets;,DK KBY,Denmark,Kattegat; North Atlantic Ocean,Very Small,Coastal (Breakwater),55.816667000000002,11.883333000000000
47820.0,Somalia -- 47810,Berbera, ,SO BBO,Somalia,Gulf of Aden; Indian Ocean,Small,Coastal (Breakwater),10.449999999999999,45.016666999999998
38495.0,Spain SE Coast -- 38340,Burriana, ,ES BRX,Spain,Balearic Sea; Mediterranean Sea; North Atlantic Ocean,Very Small,River (Natural),39.883333000000000,-0.050000000000000
13020.0,Brazil SE Coast -- 12700,Itajai, ,BR ITJ,Brazil,South Atlantic Ocean,Medium,River (Natural),-26.916667000000000,-48.633333000000000
45814.0,Mauritania -- 45810,Nouakchott, ,MR NKC,Mauritania,North Atlantic Ocean,Small,Open Roadstead,18.033332999999999,-16.033332999999999
12857.0,Brazil SE Coast -- 12700,Santa Clara, , ,Brazil,South Atlantic Ocean,Very Small,Coastal (Natural),-20.883333000000000,-51.366667000000000
9500.0,Mexico East Coast -- 9350,Campeche, ,MX CPE,Mexico,Gulf of Mexico; North Atlantic Ocean,Small,Open Roadstead,19.850000000000001,-90.549999999999997
45940.0,Liberia -- 45920,Monrovia, ,LR MLW,Liberia,North Atlantic Ocean,Small,Coastal (Breakwater),6.316667000000000,-10.816667000000001
30400.0,Jylland -- 30020,Alborg,Aalborg,DKAAL,Denmark,Kattegat; North Atlantic Ocean,Small,River (Natural),57.049999999999997,9.933332999999999
30450.0,Jylland -- 30020,Hirtshals, ,DK HIR,Denmark,Skagerrak; North Atlantic Ocean,Very Small,Coastal (Breakwater),57.600000000000001,9.966666999999999
57657.0,Vietnam -- 57510,Thanh Hoa,Le Mon,VN THO,Vietnam,South China Sea; North Pacific Ocean,Very Small,Coastal (Natural),10.816667000000001,106.766666999999998
11690.0,Barbados -- 11675,Bridgetown, ,BB BGI,Barbados,North Atlantic Ocean,Small,Coastal (Breakwater),13.100000000000000,-59.633333000000000
60376.0,South Korea -- 60315,Gwangyang Hang, ,KR KAN,South Korea,Korea Strait; North Pacific Ocean,Medium,Coastal (Natural),34.908459999999998,127.750119999999995
55500.0,Norfolk Island -- 55490,Kingston, , ,Norfolk Island,South Pacific Ocean,Very Small,Open Roadstead,-29.066666999999999,167.949999999999989
55670.0,Somoa Western -- 55665,Apia, ,WS APW,Samoa,South Pacific Ocean,Very Small,Coastal (Natural),-13.816667000000001,-171.766667000000012
11640.0,Saint Vincent -- 11637,Kingstown, ,VC KTN,Saint Vincent and the Grenadines (Windward Islands),Caribbean Sea; North Atlantic Ocean,Small,Coastal (Natural),13.150000000000000,-61.233333000000002
60330.0,South Korea -- 60315,Kunsan,Kunsan; Kunson,KR KUV,South Korea,Yellow Sea; North Pacific Ocean,Small,River (Natural),35.983333000000002,126.616667000000007
10160.0,Cuba North Coast -- 10030,Puerto Padre,Bahia De Manati; Cayo Juan Claro; Puerto Manati,CU PPA,Cuba,North Atlantic Ocean,Small,Coastal (Natural),21.283332999999999,-76.533332999999999
11550.0,Martinique -- 11535,Fort De France, ,MQ FDF,Martinique,Caribbean Sea; North Atlantic Ocean,Medium,Open Roadstead,14.600000000000000,-61.066667000000002
11620.0,Saint Lucia -- 11615,Vieux Fort, ,LC VIF,Saint Lucia,Caribbean Sea; North Atlantic Ocean,Very Small,Coastal (Natural),13.716666999999999,-60.966667000000001
10190.0, ,Vita, ,CUVIT,Cuba,North Atlantic Ocean, , ,21.100000000000001,-75.966666666999998
56330.0,Wake Island -- 56329,Wake Island, , ,Wake Island,North Pacific Ocean,Very Small,Coastal (Natural),19.283332999999999,166.616667000000007
11800.0,Curacao -- 11785,Caracasbaai,Caracas Bay,CWCRB,Curacao,Caribbean Sea; North Atlantic Ocean,Small,Open Roadstead,12.066667000000001,-68.866667000000007
11820.0,Curacao -- 11785,Bullen Baai,Curacao Oil Terminal,CWBUB,Curacao,Caribbean Sea; North Atlantic Ocean,Medium,Open Roadstead,12.183332999999999,-69.033332999999999
11780.0,Bonaire -- 11775,Kralendijk,Bonaise; Bopec Terminal,BQKRA,Caribbean Netherlands,Caribbean Sea; North Atlantic Ocean,Very Small,Open Roadstead,12.150000000000000,-68.283332999999999
11781.0,Bonaire -- 11775,Goto Oil Terminal, ,BQGOT,Caribbean Netherlands,Caribbean Sea; North Atlantic Ocean,Very Small,Open Roadstead,12.216666999999999,-68.383332999999993
11810.0,Curacao -- 11785,Willemstad, ,CWWIL,Curacao,Caribbean Sea; North Atlantic Ocean,Medium,Coastal (Breakwater),12.116667000000000,-68.933333000000005
11830.0,Aruba -- 11825,Sint Nicolaas Baai,Sint Nicolaashaven; St Nicolass,AWSNL,Aruba,Caribbean Sea; North Atlantic Ocean,Small,Coastal (Breakwater),12.433332999999999,-69.916667000000004
56500.0,Nauru -- 56495,Nauru, ,NR INU,Nauru,South Pacific Ocean,Very Small,Open Roadstead,-0.533333000000000,166.916666999999990
56550.0,Guam -- 56545,Apra Harbor, ,GU APR,Guam,North Pacific Ocean,Medium,Coastal (Breakwater),13.449999999999999,144.616667000000007
62630.0,Russia -- 62530,Nikol Skoye,Nikolskoye, ,Russia,North Pacific Ocean,Very Small,Coastal (Natural),55.200000000000003,165.983332999999988
14860.0,Peru -- 14830,Bahia De Matarani, ,PEMRI,Peru,South Pacific Ocean,Small,Coastal (Breakwater),-17.000000000000000,-72.116667000000007
11930.0,Colombia North Coast -- 11860,Barranquilla, ,COBAQ,Colombia,Caribbean Sea; North Atlantic Ocean,Medium,River (Natural),10.966666999999999,-74.766666999999998
11772.0,Trinidad -- 11705,Galeota Point Terminal,Galeota Oil Terminal,TTGUA,Trinidad and Tobago,North Atlantic Ocean,Small,Open Roadstead,10.133333000000000,-60.983333000000002
12260.0,Venezuela -- 11950,Carupano, ,VECUP,Venezuela,Caribbean Sea; North Atlantic Ocean,Very Small,Coastal (Breakwater),10.699999999999999,-63.250000000000000
12270.0,Venezuela -- 11950,Guiria, ,VEGUI,Venezuela,Caribbean Sea; North Atlantic Ocean,Very Small,Coastal (Breakwater),10.566667000000001,-62.299999999999997
12370.0,Guyana -- 12350,Georgetown,Demerara,GYGEO,Guyana,North Atlantic Ocean,Medium,River (Natural),6.833333000000000,-58.166666999999997
605.0,Greenland  West Coast -- 545,Gronnedal (Kangilinnguit),Green Valley Harbor; Sermersooq,GLJGR,Greenland,Labrador Sea; North Atlantic Ocean,Very Small,Coastal (Natural),61.233333000000002,-48.100000000000001
12810.0,Brazil SE Coast -- 12700,Port Of Ilheus,Malhado; Porto De Ilheus; Sao Jorges Dos Ilheus,BRIOS,Brazil,South Atlantic Ocean,Small,Coastal (Breakwater),-14.783333000000001,-39.016666999999998
57415.0,Malaysia -- 57400,Kirteh Oil Terminal,Kertih Port, ,Malaysia,South China Sea; North Pacific Ocean,Small,Open Roadstead,4.566667000000000,103.466667000000001
49794.0,Thailand -- 49760,Khanom, ,TH KHA,Thailand,Gulf of Thailand; South China Sea; North Pacific Ocean,Very Small,Coastal (Natural),9.199999999999999,99.900000000000006
57462.0,Thailand -- 57431,Laem Chabang, ,TH LCH,Thailand,Gulf of Thailand; South China Sea; North Pacific Ocean,Small,Coastal (Breakwater),13.083333000000000,100.883332999999993
57575.0,Vietnam -- 57510,Cat Lai, ,VN CLI,Vietnam,South China Sea; North Pacific Ocean,Very Small,Coastal (Natural),10.750000000000000,106.783332999999999
57439.0,Thailand -- 57431,Songkhla Harbor, ,TH SGK,Thailand,Gulf of Thailand; South China Sea; North Pacific Ocean,Very Small,River (Natural),7.216667000000000,100.583332999999996
57461.0,Thailand -- 57431,Siam Seaport, ,TH SBP,Thailand,Gulf of Thailand; South China Sea; North Pacific Ocean,Very Small,Open Roadstead,13.133333000000000,100.883332999999993
57458.0,Thailand -- 57431,Si Racha, ,TH SRI,Thailand,Gulf of Thailand; South China Sea; North Pacific Ocean,Medium,Open Roadstead,13.166667000000000,100.916667000000004
57572.0,Vietnam -- 57510,Phu My, ,VN PHU,Vietnam,South China Sea; North Pacific Ocean,Very Small,River (Natural),10.583333000000000,107.033332999999999
57580.0,Vietnam -- 57510,Thanh Ho Chi Minh,Saigon,VN SGN,Vietnam,South China Sea; North Pacific Ocean,Medium,River (Natural),10.766667000000000,106.716667000000001
57472.0,Thailand -- 57431,Petchburi Terminal, , ,Thailand,Gulf of Thailand; South China Sea; North Pacific Ocean,Very Small,Open Roadstead,13.166667000000000,100.150000000000006
57655.0,Vietnam -- 57510,Mui Vung Tau, ,VN VUT,Vietnam,South China Sea; North Pacific Ocean,Very Small,Coastal (Natural),10.316667000000001,107.066666999999995
57745.0,China -- 57740,Fang-Cheng, ,CNFAN,China,Gulf of Tonkin; South China Sea; North Pacific Ocean,Medium,River (Natural),21.750000000000000,108.349999999999994
49792.0,Thailand -- 49760,Bang Saphan,Prachuap Port,TH BSP,Thailand,Gulf of Thailand; South China Sea; North Pacific Ocean,Very Small,Coastal (Natural),11.183332999999999,99.599999999999994
57610.0,Vietnam -- 57510,Vinh Cam Ranh,Cam Rahn,VN BNO,Vietnam,South China Sea; North Pacific Ocean,Small,Coastal (Natural),11.883333000000000,109.166667000000004
57680.0,Vietnam -- 57510,Hai Phong, ,VN HPH,Vietnam,Gulf of Tonkin; South China Sea; North Pacific Ocean,Small,River (Natural),20.916667000000000,106.683333000000005
57450.0,Thailand -- 57431,Bangkok,Krung Thep,TH BKK,Thailand,Gulf of Thailand; South China Sea; North Pacific Ocean,Large,River (Natural),13.750000000000000,100.500000000000000
57460.0,Thailand -- 57431,Si Racha Terminal, ,TH SRI,Thailand,Gulf of Thailand; South China Sea; North Pacific Ocean,Very Small,Open Roadstead,13.116667000000000,100.883332999999993
57446.0,Thailand -- 57431,Sattahip, ,TH SAT,Thailand,Gulf of Thailand; South China Sea; North Pacific Ocean,Medium,Coastal (Breakwater),12.616667000000000,100.916667000000004
57640.0,Vietnam -- 57510,Qui Nhon,Quy Nhon,VN UIH,Vietnam,South China Sea; North Pacific Ocean,Very Small,Coastal (Natural),13.766667000000000,109.233333000000002
57470.0,Thailand -- 57431,Ko Si Chang Terminal, ,TH KSI,Thailand,Gulf of Thailand; South China Sea; North Pacific Ocean,Very Small,Open Roadstead,13.166667000000000,100.816666999999995
57570.0,Vietnam -- 57510,Vung Tau, ,VN VUT,Vietnam,South China Sea; North Pacific Ocean,Small,River (Natural),10.350000000000000,107.066666999999995
12150.0,Venezuela -- 11950,La Guaira, ,VELAG,Venezuela,Caribbean Sea; North Atlantic Ocean,Small,Coastal (Breakwater),10.616667000000000,-66.933333000000005
12115.0,Venezuela -- 11950,El Palito, ,VEELP,Venezuela,Caribbean Sea; North Atlantic Ocean,Very Small,Open Roadstead,10.483333000000000,-68.116667000000007
59940.0,China Continued -- 59850,Ningbo, ,CNNBO,China,East China Sea; North Pacific Ocean,Small,River (Natural),29.883333000000000,121.549999999999997
12060.0,Venezuela -- 11950,Las Piedras, ,VELSP,Venezuela,Caribbean Sea; North Atlantic Ocean,Small,Open Roadstead,11.699999999999999,-70.216667000000001
12070.0,Venezuela -- 11950,Amuay (Bahia De Amuay),Amuay; Amuay Bay,VEAMY,Venezuela,Caribbean Sea; North Atlantic Ocean,Small,Open Roadstead,11.750000000000000,-70.233333000000002
12145.0,Venezuela -- 11950,Catia La Mar, ,VECLM,Venezuela,Caribbean Sea; North Atlantic Ocean,Very Small,Coastal (Natural),10.600000000000000,-67.016666999999998
60130.0,China Continued -- 59850,Lianyungang,Laoyao; Yuntai,CNLYG,China,Yellow Sea; North Pacific Ocean,Small,Coastal (Breakwater),34.733333000000002,119.450000000000003
12130.0,Venezuela -- 11950,Puerto Borburata,Barburata,VEBOR,Venezuela,Caribbean Sea; North Atlantic Ocean,Very Small,Coastal (Natural),10.483333000000000,-67.983333000000002
12100.0,Venezuela -- 11950,Puerto Chichiriviche, ,VECHV,Venezuela,Caribbean Sea; North Atlantic Ocean,Very Small,Coastal (Natural),10.916667000000000,-68.266666999999998
12120.0,Venezuela -- 11950,Puerto Cabello, ,VEPBL,Venezuela,Caribbean Sea; North Atlantic Ocean,Medium,Coastal (Natural),10.483333000000000,-68.000000000000000
11782.0,Bonaire -- 11775,Salina,Brasil,BRSAA,Caribbean Netherlands,Caribbean Sea; North Atlantic Ocean,Very Small,Open Roadstead,12.083333000000000,-68.283332999999999
59970.0,China Continued -- 59850,Shanghai,Shanghai,CNSGH,China,East China Sea; North Pacific Ocean,Large,River (Natural),31.216667000000001,121.500000000000000
60133.0,China Continued -- 59850,Rizhao,Shijiu Zui; Shijiusuo,CNRZH,China,Yellow Sea; North Pacific Ocean,Very Small,Coastal (Natural),35.383333000000000,119.566666999999995
60125.0,China Continued -- 59850,Lanshan, ,CNLSN,China,Yellow Sea; North Pacific Ocean,Very Small,Open Roadstead,35.079999999999998,119.366667000000007
59910.0,China Continued -- 59850,Wenzhou,Yung Chia,CNWZO,China,East China Sea; North Pacific Ocean,Medium,River (Natural),28.016667000000002,120.650000000000006
60140.0,China Continued -- 59850,Qingdao Gang,Tsingtao,CN QIN,China,Yellow Sea; North Pacific Ocean,Large,Open Roadstead,36.033332999999999,120.266666999999998
11400.0,Saint Kitts and Nevis -- 11392,Basseterre, ,KNBAS,Saint Kitts and Nevis,Caribbean Sea; North Atlantic Ocean,Very Small,Open Roadstead,17.300000000000001,-62.716667000000001
11160.0,Puerto Rico -- 11080,Bahia De Fajardo, ,PRFAJ,Puerto Rico,Caribbean Sea; North Atlantic Ocean,Very Small,Coastal (Breakwater),18.333333000000000,-65.633332999999993
11410.0,Saint Kitts and Nevis -- 11392,Charlestown, ,KNCHA,Saint Kitts and Nevis,Caribbean Sea; North Atlantic Ocean,Very Small,Open Roadstead,17.133333000000000,-62.633333000000000
11205.0,Puerto Rico -- 11080,Puerto Yabucoa, ,PRPYA,Puerto Rico,Caribbean Sea; North Atlantic Ocean,Very Small,Open Roadstead,18.050000000000001,-65.833332999999996
11190.0,Puerto Rico -- 11080,Playa De Humacao,Humacao,PRHUC,Puerto Rico,Caribbean Sea; North Atlantic Ocean,Very Small,Open Roadstead,18.166667000000000,-65.750000000000000
11390.0,Saint Eustatius -- 11385,Oranjestad,Orange Baai; Orange Stad,BQORA,Caribbean Netherlands,Caribbean Sea; North Atlantic Ocean,Small,Open Roadstead,17.483332999999998,-62.983333000000002
14895.0,Peru -- 14830,Bahia San Nicolas,San Nicolas,PESNX,Peru,South Pacific Ocean,Very Small,Coastal (Breakwater),-15.250000000000000,-75.233333000000002
14840.0,Peru -- 14830,Puerto Ilo, ,PEILQ,Peru,South Pacific Ocean,Very Small,Open Roadstead,-17.633333000000000,-71.366667000000007
15000.0,Peru -- 14830,Punta Lobitos (Bahia De Huarmey),Huarmey,PEPLO,Peru,South Pacific Ocean,Very Small,Open Roadstead,-10.100000000000000,-78.166667000000004
14990.0,Peru -- 14830,Puerto Supe,Supe,PESUP,Peru,South Pacific Ocean,Very Small,Open Roadstead,-10.800000000000001,-77.750000000000000
62635.0,Russia -- 62530,Port Beringovsky, ,RUBER,Russia,Anadyrskiy Zaliv; Bering Sea; North Pacific Ocean, , ,63.063055556000002,179.367500000000007
53360.0,Australia -- 53290,Mourilyan Harbour, ,AU MOU,Australia,Coral Sea; South Pacific Ocean,Small,Coastal (Natural),-17.600000000000001,146.133332999999993
50045.0,Indonesia -- 50020,Kijang, ,IDKIJ,Indonesia,Natuna Sea; South China Sea; South Pacific Ocean,Very Small,River (Natural),0.850000000000000,104.599999999999994
49982.0,Malaysia -- 49820,Johor,Pasir Gudang,MYJHB,Malaysia,Strait of Malacca; Indian Ocean,Large,River (Natural),1.433333000000000,103.900000000000006
14500.0,Chile -- 14070,Bahia De Valparaiso, ,CLVAP,Chile,South Pacific Ocean,Medium,Coastal (Breakwater),-33.033332999999999,-71.616667000000007
14425.0,Chile -- 14070,Lirquen, ,CLLQN,Chile,South Pacific Ocean,Very Small,Coastal (Natural),-36.716667000000001,-72.983333000000002
14415.0,Chile -- 14070,Bahia San Vicente, ,CLSVE,Chile,South Pacific Ocean,Very Small,Coastal (Natural),-36.733333000000002,-73.166667000000004
14340.0,Chile -- 14070,Bahia De Valdivia, ,CLZAL,Chile,South Pacific Ocean,Small,River (Natural),-39.799999999999997,-73.250000000000000
12585.0,Brazil NE Coast Cont -- 12575,Itaqui, ,BRIQI,Brazil,South Atlantic Ocean,Small,Coastal (Natural),-2.566667000000000,-44.366667000000000
12560.0,Brazil NE Coast -- 12470,Manaus,Manaos,BRMAO,Brazil,South Atlantic Ocean,Small,River (Natural),-3.133333000000000,-60.016666999999998
12540.0,Brazil NE Coast -- 12470,Itacoatiara,Serpa,BRIAR,Brazil,South Atlantic Ocean,Very Small,River (Natural),-3.150000000000000,-58.450000000000003
11710.0,Trinidad -- 11705,Chaguaramas, ,TTCHA,Trinidad and Tobago,Caribbean Sea; North Atlantic Ocean,Very Small,Coastal (Natural),10.683332999999999,-61.649999999999999
11760.0,Trinidad -- 11705,Brighton, ,TTLAB,Trinidad and Tobago,Caribbean Sea; North Atlantic Ocean,Very Small,Open Roadstead,10.250000000000000,-61.633333000000000
50017.0,Singapore -- 49990,Jurong Island, ,SGJUR,Singapore,Strait of Malacca; Indian Ocean,Large,Coastal (Natural),1.283333000000000,103.733333000000002
50100.0,Indonesia -- 50020,Dabo,Dabok,IDDAS,Indonesia,Natuna Sea; South China Sea; South Pacific Ocean,Very Small,Open Roadstead,-0.500000000000000,104.566666999999995
14400.0,Chile -- 14070,Coronel, ,CLCNL,Chile,South Pacific Ocean,Small,Coastal (Natural),-37.033332999999999,-73.166667000000004
14510.0,Chile -- 14070,Bahia Quintero (Ventanas), ,CLQTV,Chile,South Pacific Ocean,Very Small,Open Roadstead,-32.766666999999998,-71.533332999999999
14380.0,Chile -- 14070,Lota, ,CLLTA,Chile,South Pacific Ocean,Very Small,Coastal (Natural),-37.100000000000001,-73.150000000000006
14560.0,Chile -- 14070,Bahia Herradura Guayacan, ,CLGYC,Chile,South Pacific Ocean,Very Small,Open Roadstead,-29.966667000000001,-71.366667000000007
14610.0,Chile -- 14070,Huasco, ,CLHSO,Chile,South Pacific Ocean,Very Small,Open Roadstead,-28.466667000000001,-71.250000000000000
9355.0,Mexico East Coast -- 9350,Altamira, ,MXATM,Mexico,Gulf of Mexico; North Atlantic Ocean,Very Small,River (Basins),22.483332999999998,-97.849999999999994
11718.0,Trinidad -- 11705,Anse Tembladora, ,TTTEM,Trinidad and Tobago,Caribbean Sea; North Atlantic Ocean,Very Small,Open Roadstead,10.683332999999999,-61.583333000000003
12485.0,Brazil NE Coast -- 12470,Porto Santana,Macapa,BRSTN,Brazil,South Atlantic Ocean,Very Small,River (Natural),-0.050000000000000,-51.183332999999998
11700.0,Tobago -- 11695,Scarborough, ,TTSCA,Trinidad and Tobago,North Atlantic Ocean,Very Small,Open Roadstead,11.183332999999999,-60.733333000000002
9370.0,Mexico East Coast -- 9350,Tuxpan, ,MXTUX,Mexico,Gulf of Mexico; North Atlantic Ocean,Medium,River (Natural),20.949999999999999,-97.400000000000006
12275.0,Venezuela -- 11950,Puerto De Hierro, ,VEPHO,Venezuela,Caribbean Sea; North Atlantic Ocean,Small,Open Roadstead,10.633333000000000,-62.100000000000001
11750.0,Trinidad -- 11705,Point Lisas Industrial Port, ,TTPTS,Trinidad and Tobago,Caribbean Sea; North Atlantic Ocean,Small,Coastal (Natural),10.400000000000000,-61.500000000000000
13660.0,Argentina -- 13310,Ramallo, ,ARRAM,Argentina,Rio de la Plata; South Atlantic Ocean,Very Small,River (Natural),-33.483333000000002,-60.016666999999998
14420.0,Chile -- 14070,Talcahuano, ,CLTAL,Chile,South Pacific Ocean,Small,Coastal (Natural),-36.700000000000003,-73.099999999999994
14720.0,Chile -- 14070,Tocopilla, ,CLTOQ,Chile,South Pacific Ocean,Small,Open Roadstead,-22.083333000000000,-70.233333000000002
11725.0,Trinidad -- 11705,Point Lisas Port,Hydro Agri Trindad Ltd; Yara Trinidad,TTPTS,Trinidad and Tobago,Caribbean Sea; North Atlantic Ocean,Small,River (Basins),10.383333000000000,-61.483333000000002
13640.0,Argentina -- 13310,Villa Constitucion, ,ARVCN,Argentina,Rio de la Plata; South Atlantic Ocean,Very Small,River (Natural),-33.233333000000002,-60.333333000000003
12510.0,Brazil NE Coast -- 12470,Santarem, ,BRSTM,Brazil,South Atlantic Ocean,Very Small,Typhoon Harbor,-2.416667000000000,-54.716667000000001
14440.0,Chile -- 14070,Penco,Tome,CLPEO,Chile,South Pacific Ocean,Very Small,Coastal (Natural),-36.716667000000001,-73.000000000000000
13650.0,Argentina -- 13310,San Nicolas, ,ARSNS,Argentina,Rio de la Plata; South Atlantic Ocean,Very Small,River (Natural),-33.333333000000003,-60.233333000000002
13690.0,Argentina -- 13310,Puerto Ibicuy, ,ARIBY,Argentina,Rio de la Plata; South Atlantic Ocean,Very Small,River (Natural),-33.750000000000000,-59.183332999999998
9360.0,Mexico East Coast -- 9350,Tampico, ,MXTAM,Mexico,Gulf of Mexico; North Atlantic Ocean,Medium,River (Natural),22.216667000000001,-97.866667000000007
13670.0,Argentina -- 13310,San Pedro,Puerto Obligado,ARSPD,Argentina,Rio de la Plata; South Atlantic Ocean,Very Small,River (Natural),-33.583333000000003,-59.816667000000002
11720.0,Trinidad -- 11705,Port Of Spain, ,TTPOS,Trinidad and Tobago,Caribbean Sea; North Atlantic Ocean,Medium,Coastal (Natural),10.650000000000000,-61.516666999999998
11730.0,Trinidad -- 11705,Pointe A Pierre, ,TTPTP,Trinidad and Tobago,Caribbean Sea; North Atlantic Ocean,Small,Open Roadstead,10.316667000000001,-61.466667000000001
13700.0,Argentina -- 13310,Zarate, ,ARZAE,Argentina,Rio de la Plata; South Atlantic Ocean,Small,River (Natural),-34.083333000000003,-59.033332999999999
11770.0,Trinidad -- 11705,Point Fortin,Point Guapo; Port Fortin,TTPTF,Trinidad and Tobago,Caribbean Sea; North Atlantic Ocean,Very Small,Open Roadstead,10.199999999999999,-61.700000000000003
14330.0,Chile -- 14070,Puerto De Corral, ,CLCRR,Chile,South Pacific Ocean,Very Small,Coastal (Natural),-39.866667000000000,-73.433333000000005
50030.0,Indonesia -- 50020,Tanjunguban, ,IDTAN,Indonesia,Strait of Malacca; Indian Ocean,Very Small,Coastal (Natural),1.066667000000000,104.216667000000001
50015.0,Singapore -- 49990,Pulau Sebarok, ,SGSEB,Singapore,Strait of Malacca; Indian Ocean,Small,Open Roadstead,1.200000000000000,103.799999999999997
50060.0,Indonesia -- 50020,Pulau Sambu, ,IDPSS,Indonesia,Strait of Malacca; Indian Ocean,Small,Coastal (Natural),1.166667000000000,103.900000000000006
50010.0,Singapore -- 49990,Pulau Bukom, ,SGPUB,Singapore,Strait of Malacca; Indian Ocean,Medium,Open Roadstead,1.233333000000000,103.766666999999998
50055.0,Indonesia -- 50020,Sekupang, ,IDSKP,Indonesia,Strait of Malacca; Indian Ocean,Very Small,Open Roadstead,1.133333000000000,103.916667000000004
50040.0,Indonesia -- 50020,Tanjungpinang,Tandjung Pinang,IDTNJ,Indonesia,Natuna Sea; South China Sea; South Pacific Ocean,Very Small,Open Roadstead,0.916667000000000,104.450000000000003
55400.0,New Zealand S Island -- 55260,Bluff Harbor,Campbelltown,NZ BLU,New Zealand,South Pacific Ocean,Small,Coastal (Breakwater),-46.600000000000001,168.333333000000010
55060.0,New Zealand N Island -- 54990,Auckland, ,NZ AKL,New Zealand,South Pacific Ocean,Large,River (Natural),-36.850000000000001,174.766667000000012
55080.0,New Zealand N Island -- 54990,Tauranga, ,NZ TRG,New Zealand,South Pacific Ocean,Small,Coastal (Natural),-37.633333000000000,176.166666999999990
55450.0,New Zealand S Island -- 55260,Westport, ,NZ WSZ,New Zealand,Tasman Sea; South Pacific Ocean,Very Small,River (Natural),-41.750000000000000,171.599999999999994
54760.0,Tasmania -- 54700,Hobart, ,AU HBA,Australia,South Pacific Ocean,Medium,River (Natural),-42.883333000000000,147.333333000000010
13920.0,Argentina -- 13310,Comodoro Rivadavia, ,ARCRD,Argentina,Golfo San Jorge; South Atlantic Ocean,Very Small,Coastal (Breakwater),-45.866667000000000,-67.466667000000001
13070.0,Brazil SE Coast -- 12700,Pelotas, ,BRPET,Brazil,South Atlantic Ocean,Very Small,River (Natural),-31.783332999999999,-52.333333000000003
13980.0,Argentina -- 13310,Ushuaia, ,ARUSH,Argentina,Drake Passage; South Atlantic Ocean,Small,Coastal (Natural),-54.816667000000002,-68.299999999999997
14190.0,Chile -- 14070,Puerto Natales, ,CLPNT,Chile,South Pacific Ocean,Very Small,Open Roadstead,-51.716667000000001,-72.566666999999995
13830.0,Argentina -- 13310,Puerto Nacional, ,ARPNL,Argentina,South Atlantic Ocean,Very Small,Coastal (Natural),-38.799999999999997,-62.283332999999999
13060.0,Brazil SE Coast -- 12700,Rio Grande,San Pedro Do Sul; Sao Pedro Do Sul,BRRIG,Brazil,South Atlantic Ocean,Large,River (Natural),-32.049999999999997,-52.083333000000003
13840.0,Argentina -- 13310,Puerto Galvan, ,ARPGV,Argentina,South Atlantic Ocean,Very Small,Coastal (Natural),-38.783332999999999,-62.299999999999997
13800.0,Argentina -- 13310,Puerto Rosales,Puerto Arroyo Pareja; Puerto Pareja,ARPRS,Argentina,South Atlantic Ocean,Very Small,Coastal (Breakwater),-38.933332999999998,-62.066667000000002
13820.0,Argentina -- 13310,Puerto Ingeniero White, ,ARINW,Argentina,South Atlantic Ocean,Small,Coastal (Natural),-38.799999999999997,-62.266666999999998
13600.0,Argentina -- 13310,Puerto San Martin,San Martin,ARSMA,Argentina,Rio de la Plata; South Atlantic Ocean,Very Small,River (Natural),-32.716667000000001,-60.733333000000002
14075.0,Chile -- 14070,Puerto Williams, ,CLWPU,Chile,Drake Passage; South Atlantic Ocean,Very Small,Open Roadstead,-54.933332999999998,-67.599999999999994
13810.0,Argentina -- 13310,Puerto Belgrano,Punta Alta,ARPBG,Argentina,South Atlantic Ocean,Small,Coastal (Breakwater),-38.883333000000000,-62.100000000000001
13055.0,Brazil SE Coast -- 12700,Tramandai,Maritimo Almirande; Tranmandai,BRTRM,Brazil,South Atlantic Ocean,Small,Open Roadstead,-29.983332999999998,-50.133333000000000
14197.0,Chile -- 14070,Puerto Chacabuco, ,CLPCH,Chile,South Pacific Ocean,Very Small,River (Natural),-45.466667000000001,-72.833332999999996
54660.0,Australia -- 53290,Wyndham, ,AU WYN,Australia,Joseph Bonaparte Gulf; Timor Sea; Indian Ocean,Very Small,River (Natural),-15.466666999999999,128.099999999999994
54630.0,Australia -- 53290,Broome, ,AU BME,Australia,Indian Ocean,Small,Coastal (Natural),-17.966667000000001,122.233333000000002
46459.0,Gabon -- 46410,Dussafu Terminal,FPSO BW Adolo, ,Gabon,South Atlantic Ocean,Very Small,Open Roadstead,-4.250000000000000,10.816667000000001
15550.0,Nicaragua West Coast -- 15520,Corinto, ,NICIO,Nicaragua,North Pacific Ocean,Small,River (Natural),12.483333000000000,-87.166667000000004
15640.0,El Salvador -- 15590,Acajutla, ,SVAQJ,El Salvador,North Pacific Ocean,Very Small,Coastal (Breakwater),13.583333000000000,-89.833332999999996
15710.0,Mexico West Coast -- 15700,Puerto Madero, ,MXPMD,Mexico,North Pacific Ocean,Very Small,River (Basins),14.699999999999999,-92.450000000000003
15730.0,Mexico West Coast -- 15700,Salina Cruz, ,MXSCX,Mexico,North Pacific Ocean,Small,Coastal (Breakwater),16.166667000000000,-95.200000000000003
15545.0,Nicaragua West Coast -- 15520,Puerto Sandino, ,NIPSN,Nicaragua,North Pacific Ocean,Very Small,Open Roadstead,12.183332999999999,-86.766666999999998
15660.0,Guatemala West Coast -- 15650,Puerto Quetzal, ,GTPRQ,Guatemala,North Pacific Ocean,Very Small,Coastal (Breakwater),13.916667000000000,-90.799999999999997
51646.0,Malaysia -- 51548,Kuala Belait, ,BN KUB,Brunei,South China Sea; North Pacific Ocean,Very Small,Coastal (Natural),4.633333000000000,114.200000000000003
51580.0,Sarawak -- 51550,Sibu, ,MY SBW,Malaysia,South China Sea; North Pacific Ocean,Very Small,River (Natural),2.283333000000000,111.816666999999995
51583.0,Sarawak -- 51550,Sarikei, ,MY SAR,Malaysia,South China Sea; North Pacific Ocean,Very Small,River (Natural),2.133333000000000,111.533332999999999
51570.0,Malaysia -- 51548,Bintangor, ,MY BTN,Malaysia,South China Sea; North Pacific Ocean,Very Small,River (Natural),2.166667000000000,111.633332999999993
53150.0,New Guinea SE Coast -- 53140,Daru, ,PG DAU,Papua New Guinea,Coral Sea; South Pacific Ocean,Very Small,Open Roadstead,-9.066667000000001,143.199999999999989
53130.0,New Guinea West Coast - Irian Jaya -- 52900,Merauke, ,ID MKQ,Indonesia,Arafura Sea; South Pacific Ocean,Very Small,River (Natural),-8.483333000000000,140.383332999999993
43093.0,Kikladhes -- 42870,Kavonisi-Kissamos, , ,Greece,Aegean Sea; Mediterranean Sea; North Atlantic Ocean,Very Small,Coastal (Breakwater),35.516666999999998,23.633333000000000
53165.0,New Guinea SE Coast -- 53140,Alotoa,Sanderson Bay,PG GUR,Papua New Guinea,Solomon Sea; South Pacific Ocean,Very Small,Coastal (Natural),-10.316667000000001,150.449999999999989
58395.0,Philippine Islands -- 57960,Subic Bay, ,PH SFS,Philippines,South China Sea; North Pacific Ocean,Medium,Coastal (Natural),14.800000000000001,120.266666999999998
58460.0,Philippine Islands -- 57960,San Fernando Harbor, ,PH SFE,Philippines,South China Sea; North Pacific Ocean,Medium,Open Roadstead,16.616667000000000,120.316666999999995
58150.0,Philippine Islands -- 57960,Tabaco, ,PH TBC,Philippines,Philippine inland seas; North Pacific Ocean,Very Small,Open Roadstead,13.366667000000000,123.733333000000002
58130.0,Philippine Islands -- 57960,Virac,Cabugao Bay,PH VRC,Philippines,Philippine inland seas; North Pacific Ocean,Very Small,Coastal (Natural),13.583333000000000,124.250000000000000
58370.0,Philippine Islands -- 57960,Manila, ,PH MNL,Philippines,South China Sea; North Pacific Ocean,Large,Coastal (Breakwater),14.583333000000000,120.966667000000001
57990.0,Philippine Islands -- 57960,Claveria, ,PH CLV,Philippines,Luzon Strait; North Pacific Ocean,Very Small,Coastal (Natural),18.616667000000000,121.083332999999996
58390.0,Philippine Islands -- 57960,Mariveles, ,PH MVS,Philippines,South China Sea; North Pacific Ocean,Very Small,Coastal (Natural),14.433332999999999,120.483333000000002
58540.0,Philippine Islands -- 57960,Calapan, ,PH CLP,Philippines,Philippine inland seas; North Pacific Ocean,Very Small,Open Roadstead,13.416667000000000,121.183333000000005
58170.0,Philippine Islands -- 57960,Legazpi Port, ,PH LGP,Philippines,Philippine inland seas; North Pacific Ocean,Very Small,Open Roadstead,13.150000000000000,123.750000000000000
58000.0,Philippine Islands -- 57960,Aparri, ,PH APR,Philippines,Luzon Strait; North Pacific Ocean,Very Small,Open Roadstead,18.366667000000000,121.633332999999993
58320.0,Philippine Islands -- 57960,Batangas City, ,PH BTG,Philippines,Philippine inland seas; North Pacific Ocean,Medium,Open Roadstead,13.750000000000000,121.049999999999997
58410.0,Philippine Islands -- 57960,Masinloc, ,PH MSC,Philippines,South China Sea; North Pacific Ocean,Very Small,Coastal (Natural),15.550000000000001,119.950000000000003
28505.0,Estonia -- 28420,Paldiski Lounasadam, ,EE PLS,Estonia,Gulf of Finland; Baltic Sea; North Atlantic Ocean,Large,Coastal (Breakwater),59.333342999999999,24.081111000000000
25570.0,Sweden Cont -- 24975,Karskar, ,SE KAS,Sweden,Gulf of Bothnia; Baltic Sea; North Atlantic Ocean,Very Small,Coastal (Natural),60.683332999999998,17.266667000000002
25760.0,Sweden Cont -- 24975,Iggesund, ,SE IGG,Sweden,Gulf of Bothnia; Baltic Sea; North Atlantic Ocean,Very Small,Coastal (Natural),61.649999999999999,17.083333000000000
27080.0,Sweden Cont -- 24975,Skelleftehamn,Skelleftea,SE SFT,Sweden,Gulf of Bothnia; Baltic Sea; North Atlantic Ocean,Small,Coastal (Natural),64.683333000000005,21.233332999999998
28506.0, ,Paldiski Pohjasadam, ,EE PLN,Estonia,Gulf of Finland; Baltic Sea; North Atlantic Ocean,Small,Coastal (Breakwater),59.349752000000002,24.047504000000000
61140.0,Japan -- 61100,Hanasaki Ko, ,JP HNK,Japan,North Pacific Ocean,Very Small,Coastal (Breakwater),43.283332999999999,145.583333000000010
61130.0,Japan -- 61100,Nemuro Ko, ,JP NEM,Japan,North Pacific Ocean,Small,Coastal (Breakwater),43.333333000000003,145.583333000000010
61205.0,Japan -- 61100,Esasi Ko,Esasi,JP ESI,Japan,Sea of Japan; North Pacific Ocean,Very Small,Coastal (Breakwater),41.866667000000000,140.116667000000007
61180.0,Japan -- 61100,Mori, ,JP MOR,Japan,North Pacific Ocean,Very Small,Open Roadstead,42.116667000000000,140.583333000000010
61230.0,Japan -- 61100,Otaru Ko, ,JP OTR,Japan,Sea of Japan; North Pacific Ocean,Medium,Coastal (Breakwater),43.200000000000003,141.016667000000012
61260.0,Japan -- 61100,Wakkanai, ,JP WKJ,Japan,Sea of Japan; North Pacific Ocean,Small,Coastal (Breakwater),43.416666999999997,141.683333000000005
27680.0,Finland -- 27380,Kristinestad,Kristiinankaupunki,FI KRS,Finland,Gulf of Bothnia; Baltic Sea; North Atlantic Ocean,Medium,Coastal (Natural),62.283332999999999,21.399999999999999
27570.0,Finland -- 27380,Pietarsaari,Jakobstad,FI PRS,Finland,Gulf of Bothnia; Baltic Sea; North Atlantic Ocean,Medium,Coastal (Natural),63.683332999999998,22.666667000000000
27410.0,Finland -- 27380,Kemi, ,FI KEM,Finland,Gulf of Bothnia; Baltic Sea; North Atlantic Ocean,Small,Coastal (Natural),65.733333000000002,24.566666999999999
28460.0,Estonia -- 28420,Loksa, ,EE LSA,Estonia,Gulf of Finland; Baltic Sea; North Atlantic Ocean,Very Small,Coastal (Breakwater),59.583392000000003,25.698937999999998
47460.0,Madagascar -- 47350,Toliara,Tulear,MG TLE,Madagascar,Mozambique Channel; Indian Ocean,Very Small,Open Roadstead,-23.366667000000000,43.666666999999997
47510.0,Madagascar -- 47350,Mananjary,Mananzhari,MG MNJ,Madagascar,Indian Ocean,Very Small,Open Roadstead,-21.250000000000000,48.333333000000003
47430.0,Madagascar -- 47350,Morondava, ,MG MOQ,Madagascar,Mozambique Channel; Indian Ocean,Very Small,Open Roadstead,-20.283332999999999,44.299999999999997
57935.0,Taiwan -- 57880,Tan-Shui,Taipei; Tan-shui Kang,TW TPE,Taiwan,East China Sea; North Pacific Ocean,Large,River (Natural),25.183333000000001,121.400000000000006
26800.0,Sweden Cont -- 24975,Rundvik, ,SE RUV,Sweden,Gulf of Bothnia; Baltic Sea; North Atlantic Ocean,Very Small,Coastal (Natural),63.533332999999999,19.449999999999999
28484.0,Estonia -- 28420,Muuga-Port of Tallin, ,EE MUG,Estonia,Gulf of Finland; Baltic Sea; North Atlantic Ocean,Large,Coastal (Breakwater),59.500042000000001,24.966692999999999
47220.0,Seychelles -- 47210,Victoria,Mahe; Port Victoria,SC POV,Seychelles,Indian Ocean,Very Small,Coastal (Natural),-4.616667000000000,55.450000000000003
47500.0,Madagascar -- 47350,Manakara, ,MG WVK,Madagascar,Indian Ocean,Very Small,Open Roadstead,-22.116667000000000,48.049999999999997
47470.0,Madagascar -- 47350,Tolanaro,Taolanaro,MG TLN,Madagascar,Indian Ocean,Very Small,Open Roadstead,-25.033332999999999,47.000000000000000
28220.0,Finland -- 27380,Loviisa,Lovisa,FI LOV,Finland,Gulf of Finland; Baltic Sea; North Atlantic Ocean,Very Small,Coastal (Natural),60.450000000000003,26.233332999999998
28185.0,Finland -- 27380,Porkkala,Kantvik,FI POA,Finland,Gulf of Finland; Baltic Sea; North Atlantic Ocean,Very Small,Coastal (Natural),60.083333000000003,24.383333000000000
57955.0,Peng Hu Lifh Tao -- 57940,Tai-Chung Kang, ,TW TXG,Taiwan,Taiwan Strait; North Pacific Ocean,Large,Coastal (Natural),24.300000000000001,120.500000000000000
47540.0,Madagascar -- 47350,Toamasina, ,MG TOA,Madagascar,Indian Ocean,Small,Coastal (Breakwater),-18.166667000000000,49.416666999999997
47720.0,Mauritius -- 47710,Port Louis, ,MU PLU,Mauritius,Indian Ocean,Small,Coastal (Breakwater),-20.149999999999999,57.500000000000000
27280.0,Sweden Cont -- 24975,Karlsborg, ,SE KXV,Sweden,Gulf of Bothnia; Baltic Sea; North Atlantic Ocean,Medium,Coastal (Natural),65.799999999999997,23.283332999999999
47360.0,Madagascar -- 47350,Andoany, , ,Madagascar,Mozambique Channel; Indian Ocean,Very Small,Open Roadstead,-13.400000000000000,48.299999999999997
47800.0,Chagos Archipelago -- 47760,Diego Garcia, ,IO DGA,British Indian Ocean Territory,Indian Ocean,Very Small,Coastal (Breakwater),-7.350000000000000,72.466667000000001
57910.0,Taiwan -- 57880,Hua-Lien Kang,Karenko,TW HUN,Taiwan,Taiwan Strait; North Pacific Ocean,Medium,Coastal (Breakwater),23.983332999999998,121.599999999999994
57920.0,Taiwan -- 57880,Kao-Hsiung, ,TW KHH,Taiwan,South China Sea; North Pacific Ocean,Large,Coastal (Breakwater),22.616667000000000,120.250000000000000
25480.0,Sweden Cont -- 24975,Hargshamn, ,SE HAN,Sweden,Gulf of Bothnia; Baltic Sea; North Atlantic Ocean,Very Small,Coastal (Natural),60.183332999999998,18.449999999999999
25640.0,Sweden Cont -- 24975,Vallvik, ,SE VAL,Sweden,Gulf of Bothnia; Baltic Sea; North Atlantic Ocean,Small,Coastal (Natural),61.183332999999998,17.166667000000000
25550.0,Sweden Cont -- 24975,Skutskar,Skutskar-Harnas,SE SSR,Sweden,Gulf of Bothnia; Baltic Sea; North Atlantic Ocean,Small,Coastal (Natural),60.649999999999999,17.399999999999999
63130.0,Antarctica -- 63060,Mcmurdo Station, ,AQ MCM,Antarctica,Ross Sea; South Pacific Ocean,Small,Coastal (Natural),-77.849999999999994,166.650000000000006
51590.0,Sarawak -- 51550,Miri, ,MY MYY,Malaysia,South China Sea; North Pacific Ocean,Small,River (Natural),4.383333000000000,113.966667000000001
51645.0,Brunei -- 51610,Seria Oil Loading Terminal, ,BN SER,Brunei,South China Sea; North Pacific Ocean,Very Small,Open Roadstead,4.616667000000000,114.316666999999995
51635.0,Brunei -- 51610,Lumut, ,BN LUM,Brunei,South China Sea; North Pacific Ocean,Very Small,Open Roadstead,4.716667000000000,114.450000000000003
48495.0,Iran -- 48410,Bandar-E Shahid Rejaie, ,IR BSR,Iran,Strait of Hormuz; Indian Ocean,Small,Coastal (Breakwater),27.100000000000001,56.066667000000002
15310.0,Ecuador -- 15240,Manta, ,ECMEC,Ecuador,South Pacific Ocean,Very Small,Coastal (Breakwater),-0.950000000000000,-80.716667000000001
30290.0,Jylland -- 30020,Grenaa Havn, ,DK GRE,Denmark,Kattegat; North Atlantic Ocean,Very Small,Coastal (Breakwater),56.416666999999997,10.933332999999999
30230.0,Jylland -- 30020,Horsens, ,DK HOR,Denmark,Kattegat; North Atlantic Ocean,Very Small,Coastal (Breakwater),55.866667000000000,9.850000000000000
15030.0,Peru -- 14830,Puerto De Chimbote,Chimbote,PECHM,Peru,South Pacific Ocean,Very Small,Coastal (Natural),-9.083333000000000,-78.616667000000007
30330.0,Jylland -- 30020,Randers,Randers Havn,DK RAN,Denmark,Kattegat; North Atlantic Ocean,Small,River (Natural),56.466667000000001,10.050000000000001
51695.0,Sabah -- 51650,Sapangar Bay, , ,Malaysia,South China Sea; North Pacific Ocean,Small,Coastal (Natural),6.083333000000000,116.116667000000007
51620.0,Brunei -- 51610,Muara Harbor,Brooketon,BN MUA,Brunei,South China Sea; North Pacific Ocean,Small,Coastal (Natural),5.033333000000000,115.066666999999995
51770.0,Indonesia - Borneo -- 51760,Tanjung Arang  (Bunyu), ,ID BYQ,Indonesia,Celebes Sea; North Pacific Ocean,Very Small,Coastal (Natural),3.466667000000000,117.833332999999996
12570.0,Peru Amazon River -- 12565,Iquitos, ,PEIQT,Peru,South Pacific Ocean,Very Small,River (Natural),-3.750000000000000,-73.233333000000002
51830.0,Indonesia - Borneo -- 51760,Senipah Oil Terminal, ,ID SZH,Indonesia,Makassar Strait; South Pacific Ocean,Very Small,Open Roadstead,-0.950000000000000,117.166667000000004
10770.0,Jamaica South Coast -- 10730,Kingston, ,JMKIN,Jamaica,Caribbean Sea; North Atlantic Ocean,Medium,Coastal (Natural),17.966667000000001,-76.783332999999999
10660.0,Jamaica North Coast -- 10590,Ocho Rios, ,JMOCJ,Jamaica,Caribbean Sea; North Atlantic Ocean,Very Small,Coastal (Natural),18.416667000000000,-77.116667000000007
10610.0,Jamaica North Coast -- 10590,Montego Bay, ,JMMBJ,Jamaica,Caribbean Sea; North Atlantic Ocean,Small,Coastal (Breakwater),18.466667000000001,-77.933333000000005
10820.0,Haiti -- 10810,Jacmel, ,HTJAK,Haiti,Caribbean Sea; North Atlantic Ocean,Very Small,Open Roadstead,18.233332999999998,-72.533332999999999
11460.0,Guadeloupe -- 11445,Basse Terre, ,GPBBR,Guadeloupe,Caribbean Sea; North Atlantic Ocean,Very Small,Open Roadstead,16.000000000000000,-61.733333000000002
10600.0,Jamaica North Coast -- 10590,Lucea, ,JMLUC,Jamaica,Caribbean Sea; North Atlantic Ocean,Very Small,Open Roadstead,18.449999999999999,-78.166667000000004
10620.0,Jamaica North Coast -- 10590,Falmouth, ,JMFMH,Jamaica,Caribbean Sea; North Atlantic Ocean,Very Small,Open Roadstead,18.483332999999998,-77.650000000000006
10860.0,Haiti -- 10810,Miragoane, ,HTMIR,Haiti,Caribbean Sea; North Atlantic Ocean,Very Small,Open Roadstead,18.449999999999999,-73.083332999999996
13570.0,Argentina -- 13310,Parana, ,ARPRA,Argentina,Rio de la Plata; South Atlantic Ocean,Very Small,River (Natural),-31.716667000000001,-60.533332999999999
9625.0,Guatemala East Coast -- 9600,Santo Tomas De Castilla,Puerto Matias De Galves,GTIZ4,Guatemala,Caribbean Sea; North Atlantic Ocean,Small,Coastal (Natural),15.699999999999999,-88.616667000000007
9620.0,Guatemala East Coast -- 9600,Puerto Barrios, ,GTPBR,Guatemala,Caribbean Sea; North Atlantic Ocean,Small,Open Roadstead,15.733333000000000,-88.599999999999994
9650.0,Honduras East Coast -- 9630,Puerto Cortes, ,HNPCR,Honduras,Caribbean Sea; North Atlantic Ocean,Small,Open Roadstead,15.833333000000000,-87.950000000000003
11530.0,Dominica -- 11515,Portsmouth,Prince Ruppert Bay,DMPOR,Dominica,Caribbean Sea; North Atlantic Ocean,Very Small,Coastal (Natural),15.566667000000001,-61.466667000000001
11520.0,Dominica -- 11515,Roseau, ,DMRSU,Dominica,Caribbean Sea; North Atlantic Ocean,Very Small,Coastal (Natural),15.300000000000001,-61.399999999999999
10870.0,Haiti -- 10810,Petit Goave,Labadee,HTPEG,Haiti,Caribbean Sea; North Atlantic Ocean,Very Small,Open Roadstead,18.433333000000001,-72.866667000000007
10773.0,West Indies -- 9970,Rocky Point, ,JMROP,Jamaica,Caribbean Sea; North Atlantic Ocean,Very Small,Open Roadstead,17.816666999999999,-77.150000000000006
11450.0,Guadeloupe -- 11445,Pointe A Pitre, ,GPPTP,Guadeloupe,Caribbean Sea; North Atlantic Ocean,Medium,Coastal (Natural),16.233332999999998,-61.533332999999999
10800.0,Jamaica South Coast -- 10730,Savannah La Mar, ,JMSLM,Jamaica,Caribbean Sea; North Atlantic Ocean,Very Small,Open Roadstead,18.199999999999999,-78.133332999999993
10630.0,Jamaica North Coast -- 10590,Rio Bueno, ,JMRIB,Jamaica,Caribbean Sea; North Atlantic Ocean,Very Small,Open Roadstead,18.466667000000001,-77.466667000000001
10772.0,Jamaica South Coast -- 10730,Port Esquivel,Alumina Marine Term; Esquivel; Port Esquivel,JMPEV,Jamaica,Caribbean Sea; North Atlantic Ocean,Very Small,Open Roadstead,17.883333000000000,-77.133332999999993
10880.0,Haiti -- 10810,Port Au Prince, ,HTPAP,Haiti,Caribbean Sea; North Atlantic Ocean,Medium,Open Roadstead,18.550000000000001,-72.349999999999994
10775.0,Jamaica South Coast -- 10730,Port Kaiser,Little Pedro Pt.,JMPKS,Jamaica,Caribbean Sea; North Atlantic Ocean,Very Small,Open Roadstead,17.866667000000000,-77.599999999999994
3860.0,Canada Lake Huron -- 3640,Owen Sound, ,CA OWS,Canada,Lake Huron; Great Lakes,Small,River (Natural),44.583333000000003,-80.933333000000005
28740.0,Poland -- 28700,Gdynia, ,PL GDY,Poland,Baltic Sea; North Atlantic Ocean,Large,Coastal (Breakwater),54.533332999999999,18.550000000000001
29230.0,Sjaelland -- 29150,Kobenhavn,Copenhagen,DK CPH,Denmark,Baltic Sea; North Atlantic Ocean,Large,Coastal (Breakwater),55.700000000000003,12.616667000000000
28530.0,Estonia -- 28420,Roomassaare,Roomassaar,EE RMS,Estonia,Gulf of Riga; Baltic Sea; North Atlantic Ocean,Very Small,Coastal (Breakwater),58.215040000000002,22.506950000000000
23770.0,Norway -- 20620,Svelvik, ,NO SVV,Norway,Skagerrak; North Atlantic Ocean,Very Small,Coastal (Natural),59.620277778000002,10.411388888999999
23970.0,Sweden -- 23860,Lysekil, ,SE LYS,Sweden,Skagerrak; North Atlantic Ocean,Very Small,Coastal (Breakwater),58.271388889000001,11.444166666999999
24120.0,Sweden -- 23860,Helsingborg, ,SE HEL,Sweden,Baltic Sea; North Atlantic Ocean,Medium,Coastal (Breakwater),56.035277778000001,12.687777777999999
28890.0,Germany -- 28826,Lubeck, ,DE LBC,Germany,Baltic Sea; North Atlantic Ocean,Medium,Canal or Lake,53.883333000000000,10.699999999999999
23870.0,Sweden -- 23860,Stromstad,Stroemstad,SE SMD,Sweden,Skagerrak; North Atlantic Ocean,Very Small,Coastal (Breakwater),58.933332999999998,11.166667000000000
28620.0,Latvia -- 28600,Ventspils,Vindau; Windau,LV VNT,Latvia,Baltic Sea; North Atlantic Ocean,Medium,Coastal (Breakwater),57.399999999999999,21.533332999999999
24790.0,Oland -- 24735,Degerhamn, ,SE DEG,Sweden,Baltic Sea; North Atlantic Ocean,Very Small,Coastal (Breakwater),56.350000000000001,16.416667000000000
54675.0,Australia -- 53290,Gove, ,AU GOV,Australia,Arafura Sea; South Pacific Ocean,Very Small,Open Roadstead,-12.199999999999999,136.699999999999989
24370.0,Sweden -- 23860,Karlshamn, ,SE KAN,Sweden,Baltic Sea; North Atlantic Ocean,Medium,River (Natural),56.152777778000001,14.869166667000000
28660.0,Lithuania -- 28650,Klaipeda,Memel,LT KLJ,Lithuania,Baltic Sea; North Atlantic Ocean,Medium,River (Natural),55.716667000000001,21.116667000000000
5210.0,Canada Lake Superior -- 5120,Thunder Bay,Fort William; Port Arthur,CA THU,Canada,Lake Superior; Great Lakes,Medium,Coastal (Breakwater),48.399999999999999,-89.233333000000002
24300.0,Sweden -- 23860,Ahus, ,SE AHU,Sweden,Baltic Sea; North Atlantic Ocean,Small,River (Basins),55.927500000000002,14.328055556000001
25395.0,Sweden Cont -- 24975,Vasteras, ,SE VST,Sweden,Baltic Sea; North Atlantic Ocean,Medium,Canal or Lake,59.616667000000000,16.550000000000001
29490.0,Sjaelland -- 29150,Kalundborg, ,DK KAL,Denmark,Kattegat; North Atlantic Ocean,Small,Coastal (Breakwater),55.683332999999998,11.100000000000000
23700.0,Norway -- 20620,Larvik,Laurvik,NO LAR,Norway,Skagerrak; North Atlantic Ocean,Small,Coastal (Breakwater),59.038055556000003,10.031111111000000
23640.0,Norway -- 20620,Kragero, ,NO KRA,Norway,Skagerrak; North Atlantic Ocean,Very Small,Coastal (Breakwater),58.863611110999997,9.413055556000000
29085.0,Bornholm -- 29020,Nekso,Nexo,DK NEX,Denmark,Baltic Sea; North Atlantic Ocean,Very Small,Coastal (Breakwater),55.066667000000002,15.133333000000000
29110.0,Bornholm -- 29020,Ronne, ,DK RNN,Denmark,Baltic Sea; North Atlantic Ocean,Small,Coastal (Breakwater),55.100000000000001,14.699999999999999
29545.0,Sjaelland -- 29150,Stigsnaesvaerkets Havn,Stigsnaes,DK SIT,Denmark,Baltic Sea; North Atlantic Ocean,Very Small,Open Roadstead,55.200000000000003,11.250000000000000
28525.0,Estonia -- 28420,Saaremaa sadam,Saaremaa-Port of Tallinn,EE SMA,Estonia,Baltic Sea; North Atlantic Ocean,Very Small,Coastal (Breakwater),58.536129000000003,22.236096000000000
15050.0,Peru -- 14830,Salaverry, ,PESVY,Peru,South Pacific Ocean,Very Small,Coastal (Breakwater),-8.233333000000000,-78.983333000000002
28610.0,Latvia -- 28600,Riga, ,LV RIX,Latvia,Gulf of Riga; Baltic Sea; North Atlantic Ocean,Large,River (Natural),56.950000000000003,24.100000000000001
54670.0,Australia -- 53290,Darwin, ,AU DRW,Australia,Timor Sea; Indian Ocean,Medium,Coastal (Natural),-12.471388889000000,130.847777777999994
24250.0,Sweden -- 23860,Trelleborg, ,SE TRG,Sweden,Baltic Sea; North Atlantic Ocean,Small,Coastal (Breakwater),55.359999999999999,13.150555556000000
29260.0,Sjaelland -- 29150,Tuborg, ,DK TUB,Denmark,Baltic Sea; North Atlantic Ocean,Very Small,Coastal (Breakwater),55.716667000000001,12.583333000000000
9830.0,Panama East Coast -- 9820,Almirante, ,PAPAM,Panama,Caribbean Sea; North Atlantic Ocean,Very Small,Coastal (Natural),9.300000000000001,-82.400000000000006
9840.0,Panama East Coast -- 9820,Bocas Del Toro, ,PABOC,Panama,Caribbean Sea; North Atlantic Ocean,Very Small,Open Roadstead,9.333333000000000,-82.233333000000002
9825.0,Panama East Coast -- 9820,Chiriqui Grande,Atlantic Terminal,PACHG,Panama,Caribbean Sea; North Atlantic Ocean,Very Small,Open Roadstead,8.949999999999999,-82.116667000000007
54565.0,Australia -- 53290,Cape Cuvier, ,AU CCU,Australia,Indian Ocean,Very Small,Open Roadstead,-24.216667000000001,113.383332999999993
19610.0,Alaska -- 19080,Excursion Inlet, ,USEXI,United States,Alaska-Canada coastal waters; North Pacific Ocean,Very Small,Coastal (Natural),58.416666999999997,-135.449999999999989
19588.0,Alaska -- 19080,Haines, ,USHNS,United States,Alaska-Canada coastal waters; North Pacific Ocean,Very Small,Coastal (Natural),59.233333000000002,-135.433333000000005
19580.0,Alaska -- 19080,Juneau, ,USJNU,United States,Alaska-Canada coastal waters; North Pacific Ocean,Small,Coastal (Natural),58.299999999999997,-134.416666999999990
19530.0,Alaska -- 19080,Funter, ,USFNR,United States,Alaska-Canada coastal waters; North Pacific Ocean,Very Small,Coastal (Natural),58.250000000000000,-134.900000000000006
19520.0,Alaska -- 19080,Hawk Inlet, ,USHWI,United States,Alaska-Canada coastal waters; North Pacific Ocean,Very Small,Coastal (Natural),58.116667000000000,-134.750000000000000
19480.0,Alaska -- 19080,Chatham, ,USCYM,United States,Alaska-Canada coastal waters; North Pacific Ocean,Very Small,Coastal (Natural),57.516666999999998,-134.933333000000005
19460.0,Alaska -- 19080,Hoonah, ,USHNH,United States,Alaska-Canada coastal waters; North Pacific Ocean,Very Small,Coastal (Natural),58.116667000000000,-135.449999999999989
19240.0,Alaska -- 19080,Hydaburg, ,USHYG,United States,Alaska-Canada coastal waters; North Pacific Ocean,Very Small,Coastal (Natural),55.200000000000003,-132.833333000000010
19220.0,Alaska -- 19080,Kasaan, ,USKXA,United States,Alaska-Canada coastal waters; North Pacific Ocean,Very Small,Coastal (Natural),55.533332999999999,-132.400000000000006
19110.0,Alaska -- 19080,Metlakatla, ,USMTM,United States,Alaska-Canada coastal waters; North Pacific Ocean,Very Small,Open Roadstead,55.133333000000000,-131.566666999999995
19000.0,Canada West Coast -- 18080,Masset Harbor, ,CAMSS,Canada,Alaska-Canada coastal waters; North Pacific Ocean,Very Small,Coastal (Natural),54.016666999999998,-132.150000000000006
19310.0,Alaska -- 19080,Kake, ,USKAE,United States,Alaska-Canada coastal waters; North Pacific Ocean,Very Small,Open Roadstead,56.966667000000001,-133.933333000000005
19550.0,Alaska -- 19080,Dupont, ,USPUP,United States,Alaska-Canada coastal waters; North Pacific Ocean,Very Small,Coastal (Natural),58.233333000000002,-134.266667000000012
61060.0,Sakhalin -- 60840,Moskal Vo, ,RU MVO,Russia,Sea of Okhotsk; North Pacific Ocean,Very Small,Coastal (Natural),53.583333000000003,142.500000000000000
19130.0,Alaska -- 19080,Ketchikan, ,USKTN,United States,Alaska-Canada coastal waters; North Pacific Ocean,Small,Coastal (Natural),55.333333000000003,-131.650000000000006
19450.0,Alaska -- 19080,Elfin Cove, ,USELV,United States,Alaska-Canada coastal waters; North Pacific Ocean,Very Small,Coastal (Natural),58.200000000000003,-136.349999999999994
60990.0,Sakhalin -- 60840,Lesogorsk,Nayoshi,RU LES,Russia,Tatar Strait; North Pacific Ocean,Very Small,Open Roadstead,49.450000000000003,142.133332999999993
19170.0,Alaska -- 19080,Loring, ,USWLR,United States,Alaska-Canada coastal waters; North Pacific Ocean,Very Small,Coastal (Natural),55.600000000000001,-131.633332999999993
19370.0,Alaska -- 19080,Big Port Walter, ,USPWR,United States,Alaska-Canada coastal waters; North Pacific Ocean,Very Small,Coastal (Natural),56.383333000000000,-134.733332999999988
19375.0,Alaska -- 19080,Little Port Walter, ,USLPW,United States,Alaska-Canada coastal waters; North Pacific Ocean,Very Small,Coastal (Natural),56.383333000000000,-134.633332999999993
62540.0,Russia -- 62530,Okhotsk Iy Reyd, ,RU OHO,Russia,Sea of Okhotsk; North Pacific Ocean,Very Small,River (Natural),59.366667000000000,143.199999999999989
60981.0,Sakhalin -- 60840,Shakhtersk,Portovyy Punkt Shakhtersk,RU SHA,Russia,Tatar Strait; North Pacific Ocean,Very Small,Coastal (Natural),49.166666999999997,142.066666999999995
60880.0,Sakhalin -- 60840,Poronaysk,Shikuka,RU PRN,Russia,Sea of Okhotsk; North Pacific Ocean,Very Small,Open Roadstead,49.216667000000001,143.133332999999993
62550.0,Russia -- 62530,Bukhta Nagayeva (Magadan),Magadan,RU MAG,Russia,Sea of Okhotsk; North Pacific Ocean,Small,Coastal (Natural),59.566667000000002,150.716667000000001
60980.0,Sakhalin -- 60840,Uglegorsk,Esutoru; Hama Shigai,RU UGL,Russia,Tatar Strait; North Pacific Ocean,Very Small,Open Roadstead,49.083333000000003,142.033332999999999
60820.0,Russia -- 60530,Nikolayevsk Na Amur, ,RU NIA,Russia,Tatar Strait; North Pacific Ocean,Very Small,River (Natural),53.133333000000000,140.733332999999988
61045.0,Sakhalin -- 60840,Lazarev, ,RU LAZ,Russia,Tatar Strait; North Pacific Ocean,Very Small,Open Roadstead,52.216667000000001,141.516667000000012
62600.0,Russia -- 62530,Petropavlovsk,Rakovaya,RU PKC,Russia,North Pacific Ocean,Very Small,Coastal (Natural),53.049999999999997,158.650000000000006
60930.0,Sakhalin -- 60840,Nevelsk,Honto,RU NEV,Russia,Tatar Strait; North Pacific Ocean,Very Small,Coastal (Breakwater),46.666666999999997,141.866667000000007
60940.0,Sakhalin -- 60840,Kholmsk,Maoko,RU KHO,Russia,Tatar Strait; North Pacific Ocean,Small,Coastal (Breakwater),47.049999999999997,142.050000000000011
60795.0,Russia -- 60530,Sovetskaya Gavan,Sovgavan,RU SOG,Russia,Tatar Strait; North Pacific Ocean,Small,Coastal (Natural),48.973611110999997,140.268055556000007
60800.0,Russia -- 60530,Bukhta Vanino, ,RU VNN,Russia,Tatar Strait; North Pacific Ocean,Very Small,Coastal (Natural),49.083333000000003,140.283332999999999
60920.0,Sakhalin -- 60840,Korsakov,Otomari,RU KOR,Russia,Sea of Okhotsk; North Pacific Ocean,Small,Coastal (Breakwater),46.616667000000000,142.766667000000012
54600.0,Australia -- 53290,Port Walcott,Cossack; Samson Point,AU PWL,Australia,Indian Ocean,Very Small,Open Roadstead,-20.649999999999999,117.183333000000005
54450.0,Australia -- 53290,Esperance, ,AU EPR,Australia,Indian Ocean,Very Small,Coastal (Breakwater),-33.866667000000000,121.900000000000006
54410.0,Australia -- 53290,Thevenard, ,AU THE,Australia,Great Australian Bight; Indian Ocean,Small,Coastal (Natural),-32.166666999999997,133.650000000000006
54520.0,Australia -- 53290,Fremantle, ,AU FRE,Australia,Indian Ocean,Large,Coastal (Breakwater),-32.049999999999997,115.750000000000000
54540.0,Australia -- 53290,Geraldton, ,AU GET,Australia,Indian Ocean,Very Small,Coastal (Breakwater),-28.783332999999999,114.599999999999994
54605.0,Australia -- 53290,Dampier, ,AU DAM,Australia,Indian Ocean,Medium,Coastal (Breakwater),-20.633333000000000,116.716667000000001
54470.0,Australia -- 53290,Albany,Princess Royal Harbor,AU ALH,Australia,Indian Ocean,Small,Coastal (Natural),-35.033332999999999,117.883332999999993
54555.0,Australia -- 53290,Useless Loop, ,AU USL,Australia,Indian Ocean,Very Small,Open Roadstead,-26.083333000000000,113.400000000000006
54580.0,Australia -- 53290,Onslow, ,AU ONS,Australia,Indian Ocean,Very Small,Open Roadstead,-21.649999999999999,115.099999999999994
54620.0,Australia -- 53290,Port Hedland, ,AU PHE,Australia,Indian Ocean,Small,River (Natural),-20.316666999999999,118.583332999999996
54500.0,Australia -- 53290,Bunbury, ,AU BUY,Australia,Indian Ocean,Small,Coastal (Breakwater),-33.316667000000002,115.633332999999993
54350.0,Australia -- 53290,Port Lincoln, ,AU PLO,Australia,Spencer Gulf; Indian Ocean,Medium,Coastal (Breakwater),-34.716667000000001,135.849999999999994
54280.0,Australia -- 53290,Wallaroo, ,AU WAL,Australia,Spencer Gulf; Indian Ocean,Very Small,Open Roadstead,-33.933332999999998,137.616667000000007
54050.0,Australia -- 53290,Geelong, ,AU GEX,Australia,Bass Strait; South Pacific Ocean,Medium,Coastal (Natural),-38.149999999999999,144.366667000000007
15410.0,Panama West Coast -- 15380,Balboa, ,PA BLB,Panama,Gulf of Panama; North Pacific Ocean,Medium,Canal or Lake,8.949999999999999,-79.566666999999995
11900.0,Colombia North Coast -- 11860,Covenas,Covenas Offshore Tanker Terminal,CO CVE,Colombia,Caribbean Sea; North Atlantic Ocean,Small,Open Roadstead,9.416667000000000,-75.683333000000005
10100.0,Cuba North Coast -- 10030,Bahai De La Habana,Havana,CU HAV,Cuba,Gulf of Mexico; North Atlantic Ocean,Large,Coastal (Breakwater),23.133333000000000,-82.366667000000007
10090.0,Cuba North Coast -- 10030,Mariel,Boca Del Mariel,CU MAR,Cuba,Gulf of Mexico; North Atlantic Ocean,Small,Coastal (Breakwater),22.983332999999998,-82.750000000000000
10080.0,Cuba North Coast -- 10030,Cabanas, ,CU CAB,Cuba,Gulf of Mexico; North Atlantic Ocean,Medium,Coastal (Natural),23.000000000000000,-82.966667000000001
13710.0,Argentina -- 13310,Campana, ,AR CMP,Argentina,Rio de la Plata; South Atlantic Ocean,Small,River (Natural),-34.149999999999999,-58.966667000000001
14095.0,Chile -- 14070,Caleta Clarencia, ,CL CLR,Chile,South Pacific Ocean,Very Small,Coastal (Natural),-52.899999999999999,-70.099999999999994
585.0,Greenland  West Coast -- 545,Narsaq, ,GL JNS,Greenland,Labrador Sea; North Atlantic Ocean,Very Small,Coastal (Natural),60.916666999999997,-46.049999999999997
9875.0,Panama East Coast -- 9820,Bahia De Las Minas,La Minas Bay,PA MNP,Panama,Caribbean Sea; North Atlantic Ocean,Small,River (Natural),9.400000000000000,-79.816666999999995
11035.0,Dominican Republic -- 10950,Andres (Andres Lng Terminal),Boca Chica; Puerto de Andres,DO BCC,Dominican Republic,Caribbean Sea; North Atlantic Ocean,Medium,Open Roadstead,18.433333000000001,-69.633332999999993
11050.0,Dominican Republic -- 10950,Las Calderas, ,DO LCS,Dominican Republic,Caribbean Sea; North Atlantic Ocean,Small,Coastal (Natural),18.216667000000001,-70.516666999999998
15600.0,El Salvador -- 15590,La Union,Cutuco,SV LUN,El Salvador,North Pacific Ocean,Very Small,Coastal (Natural),13.333333000000000,-87.833332999999996
15490.0,Costa Rica West Coast -- 15470,Puerto Quepos,Punta Quepos,CR XQP,Costa Rica,North Pacific Ocean,Very Small,Coastal (Natural),9.433332999999999,-84.166667000000004
15500.0,Costa Rica West Coast -- 15470,Puerto Caldera, ,CR PTC,Costa Rica,North Pacific Ocean,Very Small,Coastal (Natural),9.916667000000000,-84.716667000000001
15210.0,Peru -- 14830,Puerto Cabo Blanco, ,PE CAB,Peru,South Pacific Ocean,Very Small,Open Roadstead,-4.250000000000000,-81.233333000000002
9860.0,Panama East Coast -- 9820,Puerto Cristobal, ,PA CTB,Panama,Caribbean Sea; North Atlantic Ocean,Medium,Coastal (Breakwater),9.350000000000000,-79.916667000000004
11880.0,Colombia North Coast -- 11860,Turbo, ,CO TRB,Colombia,Caribbean Sea; North Atlantic Ocean,Very Small,Open Roadstead,8.083333000000000,-76.733333000000002
9865.0,Panama East Coast -- 9820,Puerto Colon, ,PA ONX,Panama,Caribbean Sea; North Atlantic Ocean,Medium,Coastal (Breakwater),9.366667000000000,-79.883332999999993
15570.0,Honduras West Coast -- 15560,Puerto De Hencan,Puerto De San Lorenzo,HN SLO,Honduras,North Pacific Ocean,Very Small,River (Natural),13.400000000000000,-87.450000000000003
15510.0,Costa Rica West Coast -- 15470,Puntarenas,Punta Arenas,CR PAS,Costa Rica,North Pacific Ocean,Very Small,Open Roadstead,9.983333000000000,-84.833332999999996
15110.0,Peru -- 14830,Pimentel, ,PE PMT,Peru,South Pacific Ocean,Very Small,Open Roadstead,-6.833333000000000,-79.933333000000005
62535.0,Russia -- 62530,Slavyanka, ,RU SKA,Russia,Sea of Japan; North Pacific Ocean,Small,Coastal (Natural),42.866667000000000,131.383332999999993
11060.0,Dominican Republic -- 10950,Puerto Viejo De Azua,Azua; Tortuguero,DO PVA,Dominican Republic,Caribbean Sea; North Atlantic Ocean,Very Small,Open Roadstead,18.350000000000001,-70.833332999999996
60582.0,Russia -- 60530,Zarubino, ,RU ZAR,Russia,Sea of Japan; North Pacific Ocean,Very Small,Coastal (Natural),42.633333000000000,131.083333000000010
11070.0,Dominican Republic -- 10950,Santa Cruz De Barahona,Barahona,DO BRX,Dominican Republic,Caribbean Sea; North Atlantic Ocean,Small,Coastal (Natural),18.199999999999999,-71.083332999999996
11045.0,Dominican Republic -- 10950,Puerto De Haina,Haina; Rio Haina,DO INA,Dominican Republic,Caribbean Sea; North Atlantic Ocean,Small,River (Natural),18.416667000000000,-70.016666999999998
11040.0,Dominican Republic -- 10950,Santo Domingo,Ciudad Trujillo,DO SDQ,Dominican Republic,Caribbean Sea; North Atlantic Ocean,Medium,River (Natural),18.466667000000001,-69.883332999999993
60610.0,Russia -- 60530,Vladivostok, ,RU VVO,Russia,Sea of Japan; North Pacific Ocean,Large,Coastal (Natural),43.108888888999999,131.888333332999991
60540.0,Russia -- 60530,Pos'yet,Novgorod,RU PSE,Russia,Sea of Japan; North Pacific Ocean,Very Small,Coastal (Natural),42.649999999999999,130.800000000000011
60730.0,Russia -- 60530,Nakhodka, ,RU NJK,Russia,Sea of Japan; North Pacific Ocean,Small,Coastal (Natural),42.799999999999997,132.883332999999993
60725.0,Russia -- 60530,Vostochnyy, ,RU VYP,Russia,Sea of Japan; North Pacific Ocean,Very Small,Coastal (Natural),42.750000000000000,133.083333000000010
10050.0, ,Santa Lucia, ,CU SLU,Cuba,Gulf of Mexico; North Atlantic Ocean, , ,22.666666667000001,-83.966666666999998
580.0, ,Qaqortoq,Julianehaab,GL JJU,Greenland,Labrador Sea; North Atlantic Ocean, , ,60.716666666999998,-46.033333333000002
10070.0, ,Bahia Honda, ,CU BHO,Cuba,Gulf of Mexico; North Atlantic Ocean, , ,22.966666666999998,-83.166666667000001
54325.0,Australia -- 53290,Port Bonython,Stony Point,AU PBY,Australia,Spencer Gulf; Indian Ocean,Small,Open Roadstead,-33.016666999999998,137.766667000000012
54236.0,Australia -- 53290,Ardrossan, ,AU ARD,Australia,Indian Ocean,Very Small,Open Roadstead,-34.433332999999998,137.916666999999990
54255.0,Australia -- 53290,Port Giles, ,AU PGI,Australia,Indian Ocean,Very Small,Open Roadstead,-35.033332999999999,137.766667000000012
54290.0,Australia -- 53290,Port Pirie, ,AU PPI,Australia,Spencer Gulf; Indian Ocean,Small,River (Natural),-33.183332999999998,138.016667000000012
54210.0,Australia -- 53290,Klein Point, ,AU KLP,Australia,Indian Ocean,Very Small,Open Roadstead,-34.966667000000001,137.766667000000012
54140.0,Australia -- 53290,Portland, ,AU PTJ,Australia,Indian Ocean,Small,Coastal (Breakwater),-38.333333000000003,141.599999999999994
54320.0,Australia -- 53290,Whyalla, ,AU WYA,Australia,Spencer Gulf; Indian Ocean,Small,Coastal (Breakwater),-33.033332999999999,137.583333000000010
54200.0,Australia -- 53290,Kingscote, ,AU KGC,Australia,Indian Ocean,Very Small,Coastal (Breakwater),-35.633333000000000,137.633332999999993
54220.0,Australia -- 53290,Port Adelaide, ,AU PAE,Australia,Indian Ocean,Medium,River (Natural),-34.850000000000001,138.500000000000000
54030.0,Australia -- 53290,Melbourne, ,AU MEL,Australia,Bass Strait; South Pacific Ocean,Large,Coastal (Natural),-37.833333000000003,144.966667000000001
53930.0,Australia -- 53290,Western Port,Hastings,AU WEP,Australia,Bass Strait; South Pacific Ocean,Very Small,Coastal (Natural),-38.350000000000001,145.233332999999988
61870.0,Japan -- 61100,Niigata Ko,Niigata-nishi (West Port),JP KIJ,Japan,Sea of Japan; North Pacific Ocean,Medium,River (Basins),37.916666999999997,139.050000000000011
61320.0,Japan -- 61100,Ofunato, ,JP OFO,Japan,North Pacific Ocean,Small,Coastal (Natural),39.049999999999997,141.733332999999988
61290.0,Japan -- 61100,Miyako,Miyako Ko,JP MYK,Japan,North Pacific Ocean,Small,Coastal (Breakwater),39.633333000000000,141.983332999999988
61325.0,Japan -- 61100,Kesennuma Ko, ,JP KSN,Japan,North Pacific Ocean,Very Small,Coastal (Natural),38.866667000000000,141.599999999999994
61330.0,Japan -- 61100,Onagawa, ,JP ONG,Japan,North Pacific Ocean,Very Small,Coastal (Breakwater),38.450000000000003,141.449999999999989
61850.0,Japan -- 61100,Fushiki-Toyama,Fushiki Toyama,JP FTX,Japan,Sea of Japan; North Pacific Ocean,Small,Coastal (Breakwater),36.766666999999998,137.133332999999993
61865.0,Japan -- 61100,Naoetsu Ko, ,JP NAO,Japan,Sea of Japan; North Pacific Ocean,Very Small,Coastal (Breakwater),37.183332999999998,138.250000000000000
61175.0,Japan -- 61100,Tokachi,Hiroo,JP TOK,Japan,North Pacific Ocean,Very Small,Coastal (Breakwater),42.250000000000000,143.300000000000011
61900.0,Japan -- 61100,Sakata Ko, ,JP SKT,Japan,Sea of Japan; North Pacific Ocean,Small,Coastal (Tide Gates),38.933332999999998,139.816666999999995
61350.0,Japan -- 61100,Sendai-Shiogama,Siogama,JP SGM,Japan,North Pacific Ocean,Small,Coastal (Natural),38.316667000000002,141.033332999999999
61910.0,Japan -- 61100,Akita-Funakawa Ko,Akita,JP AXT,Japan,Sea of Japan; North Pacific Ocean,Very Small,Coastal (Breakwater),39.781388888999999,140.014999999999986
53400.0,Australia -- 53290,Mackay, ,AU MKY,Australia,Coral Sea; South Pacific Ocean,Small,Coastal (Breakwater),-21.116667000000000,149.216667000000001
53610.0,Australia -- 53290,Newcastle, ,AU NTL,Australia,Tasman Sea; South Pacific Ocean,Large,Coastal (Breakwater),-32.916666999999997,151.783332999999999
53490.0,Australia -- 53290,Brisbane, ,AU BNE,Australia,South Pacific Ocean,Large,River (Natural),-27.466667000000001,153.033332999999999
53690.0,Australia -- 53290,Port Kembla, ,AU PKL,Australia,Tasman Sea; South Pacific Ocean,Medium,Coastal (Breakwater),-34.483333000000002,150.916666999999990
53650.0,Australia -- 53290,Sydney, ,AU SYD,Australia,Tasman Sea; South Pacific Ocean,Large,Coastal (Natural),-33.866667000000000,151.199999999999989
53810.0,Australia -- 53290,Eden, ,AU QDN,Australia,Tasman Sea; South Pacific Ocean,Very Small,Coastal (Breakwater),-37.066667000000002,149.916666999999990
53840.0,Australia -- 53290,Welshpool,Port Wellshpool,AU WHL,Australia,Bass Strait; South Pacific Ocean,Very Small,Coastal (Natural),-38.700000000000003,146.466667000000001
53655.0,Australia -- 53290,Botany Bay,Port Botany,AU BTB,Australia,Tasman Sea; South Pacific Ocean,Small,Coastal (Natural),-34.000000000000000,151.233332999999988
53405.0,Australia -- 53290,Hay Point, ,AU HPT,Australia,Coral Sea; South Pacific Ocean,Small,Open Roadstead,-21.283332999999999,149.300000000000011
53440.0,Australia -- 53290,Port Alma, ,AU PTL,Australia,Coral Sea; South Pacific Ocean,Small,River (Natural),-23.583333000000000,150.849999999999994
41690.0,Albania -- 41650,Vlore, ,AL VOA,Albania,Adriatic Sea; Mediterranean Sea; North Atlantic Ocean,Very Small,Coastal (Natural),40.466667000000001,19.500000000000000
53460.0,Australia -- 53290,Bundaberg,Port Bundaberg,AU BDB,Australia,Coral Sea; South Pacific Ocean,Very Small,River (Natural),-24.866667000000000,152.349999999999994
53450.0,Australia -- 53290,Gladstone,Port Curtis,AU GLT,Australia,Coral Sea; South Pacific Ocean,Small,River (Natural),-23.850000000000001,151.250000000000000
54875.0,Tasmania -- 54700,Port Latta, ,AU PLA,Australia,Bass Strait; South Pacific Ocean,Very Small,Open Roadstead,-40.833333000000003,145.383332999999993
54870.0,Tasmania -- 54700,Stanley, ,AU STA,Australia,Bass Strait; South Pacific Ocean,Very Small,Coastal (Breakwater),-40.766666999999998,145.283332999999999
53340.0,Australia -- 53290,Cairns, ,AU CNS,Australia,Coral Sea; South Pacific Ocean,Small,River (Natural),-16.916667000000000,145.783332999999999
53380.0,Australia -- 53290,Townsville, ,AU TSV,Australia,Coral Sea; South Pacific Ocean,Small,Coastal (Breakwater),-19.266667000000002,146.816666999999995
53318.0,Australia -- 53290,Cape Flattery Harbor, ,AU CQP,Australia,Coral Sea; South Pacific Ocean,Small,Open Roadstead,-14.949999999999999,145.349999999999994
54920.0,Tasmania -- 54700,Devonport, ,AU DPO,Australia,Bass Strait; South Pacific Ocean,Small,River (Basins),-41.183332999999998,146.366667000000007
54810.0,Tasmania -- 54700,Port Huon, ,AU PHU,Australia,South Pacific Ocean,Very Small,River (Natural),-43.166666999999997,146.983332999999988
48288.0,Qatar -- 48285,Hamad, , ,Qatar,Persian Gulf; Indian Ocean,Small,Coastal (Breakwater),25.016666666999999,51.600000000000001
54880.0,Tasmania -- 54700,Burnie, ,AU BWT,Australia,Bass Strait; South Pacific Ocean,Small,Coastal (Breakwater),-41.049999999999997,145.949999999999989
53370.0,Australia -- 53290,Lucinda, ,AU LUC,Australia,Coral Sea; South Pacific Ocean,Very Small,Open Roadstead,-18.516667000000002,146.333333000000010
55350.0,New Zealand S Island -- 55260,Timaru, ,NZ TIU,New Zealand,South Pacific Ocean,Small,Coastal (Breakwater),-44.399999999999999,171.250000000000000
55320.0,New Zealand S Island -- 55260,Port Lyttelton,Lyttleton,NZ LYT,New Zealand,South Pacific Ocean,Very Small,Coastal (Breakwater),-43.600000000000001,172.716667000000001
55370.0,New Zealand S Island -- 55260,Otago Harbor,Cavensbourne; Oavensbourne,NZ ORR,New Zealand,South Pacific Ocean,Small,River (Basins),-45.816667000000002,170.633332999999993
20695.0,Norway -- 20620,Batsfjord, ,NO BJF,Norway,Barents Sea; Arctic Ocean,Small,Coastal (Natural),70.634722221999994,29.737222222000000
57320.0,New Caledonia -- 57260,Noumea, ,NC NOU,New Caledonia,Coral Sea; South Pacific Ocean,Small,Coastal (Natural),-22.283332999999999,166.433333000000005
55560.0,Fiji -- 55510,Savusavu Bay,Nakama,FJ SVU,Fiji,South Pacific Ocean,Very Small,Open Roadstead,-16.766667000000002,179.333333000000010
13610.0,Argentina -- 13310,San Lorenzo, ,ARSLO,Argentina,Rio de la Plata; South Atlantic Ocean,Very Small,River (Natural),-32.750000000000000,-60.733333000000002
57275.0,New Caledonia -- 57260,Baie De Kouaoua, ,NC KOU,New Caledonia,Coral Sea; South Pacific Ocean,Very Small,Open Roadstead,-21.383333000000000,165.816666999999995
57325.0,New Caledonia -- 57260,Baie Ugue, ,NC BUG,New Caledonia,Coral Sea; South Pacific Ocean,Very Small,Open Roadstead,-21.149999999999999,165.550000000000011
55600.0,Tonga -- 55575,Pangai, ,TO PAN,Tonga,South Pacific Ocean,Very Small,Coastal (Natural),-19.800000000000001,-174.349999999999994
48262.0,United Arab Emirates -- 48260,Al Fujayrah,Fujayrah Harbor, ,United Arab Emirates,Gulf of Oman; Indian Ocean,Small,Coastal (Breakwater),25.173055556000001,56.369166667000002
55556.0,Fiji -- 55510,Malai, , ,Fiji,South Pacific Ocean,Very Small,Coastal (Breakwater),-16.350000000000001,179.366667000000007
55530.0,Fiji -- 55510,Lautoka Harbor, ,FJ LTK,Fiji,South Pacific Ocean,Very Small,Coastal (Breakwater),-17.600000000000001,177.449999999999989
55540.0,Fiji -- 55510,Suva Harbor, ,FJ SUV,Fiji,South Pacific Ocean,Small,Coastal (Natural),-18.133333000000000,178.416666999999990
23095.0,Norway -- 20620,Orkanger,Thamshamm, ,Norway,Norwegian Sea; North Atlantic Ocean,Small,Coastal (Natural),63.316666669999996,9.850000000000000
55740.0,Cook Islands -- 55700,Avatiu,Avarua; Port Hutt,CK AVA,Cook Islands,South Pacific Ocean,Very Small,Coastal (Natural),-21.199999999999999,-159.783332999999999
13630.0,Argentina -- 13310,Rosario, ,ARROS,Argentina,Rio de la Plata; South Atlantic Ocean,Medium,River (Natural),-32.950000000000003,-60.633333000000000
55550.0,Fiji -- 55510,Levuka, , ,Fiji,South Pacific Ocean,Small,Coastal (Natural),-17.683333000000001,178.833333000000010
55610.0,Tonga -- 55575,Neiafu, ,TO NEI,Tonga,South Pacific Ocean,Very Small,Coastal (Natural),-18.649999999999999,-173.983332999999988
55650.0,Iles Wallis -- 55640,Mata-Utu, ,WF MAU,Wallis and Futuna,South Pacific Ocean,Very Small,Open Roadstead,-13.283333000000001,-176.133332999999993
56328.0,Midway Islands -- 56327,Midway Island, , ,Midway Islands,North Pacific Ocean,Very Small,Coastal (Breakwater),28.183333000000001,-177.366667000000007
55695.0,Niue -- 55685,Alofi, ,NU ALO,Niue,South Pacific Ocean,Very Small,Coastal (Natural),-19.033332999999999,-169.933333000000005
55680.0,American Samoa -- 55675,Pago Pago Harbor, ,AS PPG,American Samoa,South Pacific Ocean,Small,Coastal (Natural),-14.283333000000001,-170.666666999999990
55590.0,Tonga -- 55575,Nuku Alofa, ,TO TBU,Tonga,South Pacific Ocean,Very Small,Coastal (Natural),-21.133333000000000,-175.199999999999989
52720.0,Seram -- 52650,Ambon,Amboina,ID AMQ,Indonesia,Banda Sea; South Pacific Ocean,Small,Coastal (Natural),-3.683333000000000,128.166666999999990
53020.0,New Guinea West Coast - Irian Jaya -- 52900,Tg. Sorong,Kasim, ,Indonesia,South Pacific Ocean,Small,Open Roadstead,-0.883333000000000,131.233332999999988
45825.0,Gambia -- 45824,Banjul,Bathurst,GMBJL,The Gambia,North Atlantic Ocean,Very Small,River (Natural),13.449999999999999,-16.566666999999999
46205.0,Nigeria -- 46120,Bonny,Bonny Inshore Terminal,NGBON,Nigeria,Gulf of Guinea; North Atlantic Ocean,Medium,River (Natural),4.450000000000000,7.166667000000000
15330.0,Ecuador -- 15240,Esmeraldas, ,ECESM,Ecuador,North Pacific Ocean,Very Small,River (Natural),1.000000000000000,-79.650000000000006
15270.0,Ecuador -- 15240,Guayaquil, ,ECGYE,Ecuador,South Pacific Ocean,Small,River (Natural),-2.200000000000000,-79.883332999999993
14940.0,Peru -- 14830,Conchan Oil Terminal, ,PECON,Peru,South Pacific Ocean,Very Small,Open Roadstead,-12.166667000000000,-77.000000000000000
14760.0,Chile -- 14070,Iquique, ,CLIQQ,Chile,South Pacific Ocean,Small,Coastal (Breakwater),-20.199999999999999,-70.166667000000004
12025.0,Venezuela -- 11950,La Salina, ,VELSV,Venezuela,Caribbean Sea; North Atlantic Ocean,Small,Canal or Lake,10.366667000000000,-71.466667000000001
11960.0,Venezuela -- 11950,Maracaibo, ,VEMAR,Venezuela,Caribbean Sea; North Atlantic Ocean,Medium,Open Roadstead,10.633333000000000,-71.599999999999994
11230.0,Puerto Rico -- 11080,Arroyo, ,PRARR,Puerto Rico,Caribbean Sea; North Atlantic Ocean,Small,Open Roadstead,17.966667000000001,-66.066666999999995
10270.0,Cuba North Coast -- 10030,Bahia De Sagua De Tanamo,Cayo Mambi; Puerto Tanamo,CUSDT,Cuba,North Atlantic Ocean,Large,Open Roadstead,20.683333000000001,-75.333332999999996
46208.0,Nigeria -- 46120,Onne, ,NGONN,Nigeria,Gulf of Guinea; North Atlantic Ocean,Very Small,River (Natural),4.683333000000000,7.150000000000000
10230.0,Cuba North Coast -- 10030,Antilla, ,CUANT,Cuba,North Atlantic Ocean,Large,Coastal (Natural),20.833333000000000,-75.733333000000002
10260.0,Cuba North Coast -- 10030,Nicaro, ,CUICR,Cuba,North Atlantic Ocean,Small,Coastal (Natural),20.716667000000001,-75.549999999999997
11090.0,Puerto Rico -- 11080,Aguadilla, ,PRBQN,Puerto Rico,North Atlantic Ocean,Very Small,Open Roadstead,18.433333000000001,-67.150000000000006
11240.0,Puerto Rico -- 11080,Bahia De Jobos,Aguirre; Central Aguirre; Jobos Harbor,PRPJO,Puerto Rico,Caribbean Sea; North Atlantic Ocean,Very Small,Coastal (Breakwater),17.949999999999999,-66.183333000000005
11290.0,Puerto Rico -- 11080,Mayaguez, ,PRMAZ,Puerto Rico,North Atlantic Ocean,Small,Open Roadstead,18.199999999999999,-67.150000000000006
12034.0,Venezuela -- 11950,Bajo Grande, ,VEBJV,Venezuela,Caribbean Sea; North Atlantic Ocean,Very Small,Canal or Lake,10.516667000000000,-71.633332999999993
14671.0,Chile -- 14070,Caleta Patillos, ,CLCAL,Chile,South Pacific Ocean,Very Small,Coastal (Natural),-20.733332999999998,-70.200000000000003
14960.0,Peru -- 14830,Bahia De Ancon,Ancon,PEANC,Peru,South Pacific Ocean,Very Small,Open Roadstead,-11.750000000000000,-77.183333000000005
15200.0,Peru -- 14830,Caleta Lobitos,Puerto Lobitos,PELOB,Peru,South Pacific Ocean,Very Small,Open Roadstead,-4.450000000000000,-81.283332999999999
15290.0,Ecuador -- 15240,La Libertad, ,ECLLD,Ecuador,South Pacific Ocean,Very Small,Open Roadstead,-2.216667000000000,-80.916667000000004
11100.0,Puerto Rico -- 11080,Arecibo,Puerto Arecibo,PRARE,Puerto Rico,North Atlantic Ocean,Very Small,Coastal (Breakwater),18.483332999999998,-66.700000000000003
11250.0,Puerto Rico -- 11080,Las Mareas, ,PRLAM,Puerto Rico,Caribbean Sea; North Atlantic Ocean,Very Small,Open Roadstead,17.949999999999999,-66.166667000000004
12037.0,Venezuela -- 11950,El Tabiazo, ,VEETV,Venezuela,Caribbean Sea; North Atlantic Ocean,Very Small,Open Roadstead,10.766667000000000,-71.533332999999999
46207.0,Nigeria -- 46120,Okrika, ,NGOKR,Nigeria,Gulf of Guinea; North Atlantic Ocean,Very Small,River (Natural),4.716667000000000,7.083333000000000
14635.0,Chile -- 14070,Puerto Calderilla, ,CLCAA,Chile,South Pacific Ocean,Very Small,Coastal (Natural),-27.083333000000000,-70.866667000000007
46195.0,Nigeria -- 46120,Qua Iboe Oil Terminal,Kwa Ibo,NGQIB,Nigeria,Gulf of Guinea; North Atlantic Ocean,Very Small,Open Roadstead,4.233333000000000,8.033333000000001
14630.0,Chile -- 14070,Puerto Caldera, ,CLCLD,Chile,South Pacific Ocean,Very Small,Coastal (Natural),-27.050000000000001,-70.833332999999996
45835.0,Guinea Bissau -- 45833,Rio Cacheu, ,GWCAC,Guinea-Bissau,North Atlantic Ocean,Very Small,River (Natural),12.283333000000001,-16.233332999999998
15275.0,Ecuador -- 15240,Puerto Maritimo De Guayaquil,Puero Nuevo,ECPEV,Ecuador,South Pacific Ocean,Small,River (Natural),-2.283333000000000,-79.900000000000006
12032.0,Venezuela -- 11950,Punta De Palmas,Punta Palmas,VEPLV,Venezuela,Caribbean Sea; North Atlantic Ocean,Very Small,Canal or Lake,10.783333000000001,-71.583332999999996
14980.0,Peru -- 14830,Puerto De Huacho, ,PEHCO,Peru,South Pacific Ocean,Very Small,Open Roadstead,-11.116667000000000,-77.616667000000007
15140.0,Peru -- 14830,Puerto Bayovar,Bayovar,PEPUB,Peru,South Pacific Ocean,Very Small,Open Roadstead,-5.833333000000000,-81.049999999999997
15360.0,Colombia West Coast -- 15350,Tumaco, ,COTCO,Colombia,North Pacific Ocean,Very Small,Open Roadstead,1.816667000000000,-78.750000000000000
14950.0,Peru -- 14830,Puerto Del Callao, ,PECLL,Peru,South Pacific Ocean,Medium,Coastal (Breakwater),-12.050000000000001,-77.150000000000006
12035.0,Venezuela -- 11950,Puerto Miranda, ,VEMIV,Venezuela,Caribbean Sea; North Atlantic Ocean,Small,Canal or Lake,10.766667000000000,-71.566666999999995
15190.0,Peru -- 14830,Talara, ,PETYL,Peru,South Pacific Ocean,Small,Coastal (Natural),-4.583333000000000,-81.283332999999999
11110.0,Puerto Rico -- 11080,San Juan, ,PRSJU,Puerto Rico,North Atlantic Ocean,Small,Open Roadstead,18.466667000000001,-66.116667000000007
46310.0,Equatorial Guinea -- 46300,Serpentina Terminal, ,GQSER,Equatorial Guinea,Gulf of Guinea; North Atlantic Ocean,Very Small,Open Roadstead,3.800000000000000,8.083333000000000
14640.0,Chile -- 14070,Puerto Chanaral,Chanaral De Las Animas,CLCNR,Chile,South Pacific Ocean,Very Small,Coastal (Natural),-26.350000000000001,-70.650000000000006
15170.0,Peru -- 14830,Paita, ,PEPAI,Peru,South Pacific Ocean,Very Small,Open Roadstead,-5.083333000000000,-81.116667000000007
11280.0,Puerto Rico -- 11080,Playa De Guanica, ,PRGUX,Puerto Rico,Caribbean Sea; North Atlantic Ocean,Small,Open Roadstead,17.966667000000001,-66.916667000000004
15250.0,Ecuador -- 15240,Puerto Bolivar, ,ECPBO,Ecuador,South Pacific Ocean,Very Small,River (Natural),-3.266667000000000,-80.000000000000000
11260.0,Puerto Rico -- 11080,Playa De Ponce, ,PRPSE,Puerto Rico,Caribbean Sea; North Atlantic Ocean,Medium,Coastal (Breakwater),17.983332999999998,-66.616667000000007
11270.0,Puerto Rico -- 11080,Playa De Guayanilla, ,PRGUY,Puerto Rico,Caribbean Sea; North Atlantic Ocean,Medium,Coastal (Breakwater),18.016667000000002,-66.766666999999998
46210.0,Nigeria -- 46120,Port Harcourt,Harcourt,NGPHC,Nigeria,Gulf of Guinea; North Atlantic Ocean,Very Small,River (Natural),4.766667000000000,7.000000000000000
57820.0,China -- 57815,Qinzhou, ,CN QZH,China,Gulf of Tonkin; South China Sea; North Pacific Ocean,Very Small,Coastal (Natural),21.733332999999998,108.583332999999996
57650.0,Vietnam -- 57510,Da Nang,Tourane,VN DAD,Vietnam,South China Sea; North Pacific Ocean,Small,River (Natural),16.100000000000001,108.216667000000001
57770.0,China -- 57740,Zhanjiang,Fort Bayard; Hsi Ying; Tsamkong,CN ZNG,China,South China Sea; North Pacific Ocean,Small,River (Natural),21.199999999999999,110.400000000000006
57760.0,China -- 57740,Haikou,Hoihow,CN HIG,China,South China Sea; North Pacific Ocean,Very Small,Coastal (Natural),20.050000000000001,110.283332999999999
53160.0,New Guinea SE Coast -- 53140,Port Moresby, ,PG POM,Papua New Guinea,Coral Sea; South Pacific Ocean,Small,Open Roadstead,-9.466666999999999,147.133332999999993
56810.0,Bismarck Archipelago -- 56700,Rabaul, ,PG RAB,Papua New Guinea,Bismarck Sea; South Pacific Ocean,Small,Coastal (Natural),-4.200000000000000,152.183333000000005
57750.0,China -- 57740,Beihai,Pakho; Pakhoi,CN BIH,China,Gulf of Tonkin; South China Sea; North Pacific Ocean,Very Small,Open Roadstead,21.483332999999998,109.066666999999995
51440.0,East Timor -- 51430,Dili, ,TL DIL,Timor-Leste,Banda Sea; South Pacific Ocean,Small,Coastal (Natural),-8.533333000000001,125.583332999999996
57768.0,China -- 57740,Basuo,Dongfong,CN BSP,China,Gulf of Tonkin; South China Sea; North Pacific Ocean,Small,Coastal (Breakwater),19.100000000000001,108.616667000000007
57816.0,China -- 57815,Sanya, ,CN SYA,China,Gulf of Tonkin; South China Sea; North Pacific Ocean,Very Small,Open Roadstead,18.316666999999999,109.450000000000003
57817.0,China -- 57815,Yangpu, ,CN YPG,China,Gulf of Tonkin; South China Sea; North Pacific Ocean,Very Small,Coastal (Breakwater),19.733332999999998,109.183333000000005
57660.0,Vietnam -- 57510,Nghe Tinh,Ben Thuy,VN NGT,Vietnam,Gulf of Tonkin; South China Sea; North Pacific Ocean,Small,River (Natural),18.766667000000002,105.766666999999998
56760.0,Bismarck Archipelago -- 56700,Kavieng Harbor, ,PG KVG,Papua New Guinea,South Pacific Ocean,Small,Coastal (Natural),-2.583333000000000,150.800000000000011
57819.0,China -- 57815,Shui Dong, ,CN SDG,China,South China Sea; North Pacific Ocean,Very Small,Coastal (Breakwater),21.483332999999998,111.083332999999996
57710.0,Vietnam -- 57510,Cam Pha,Kamfa,VN CPH,Vietnam,Gulf of Tonkin; South China Sea; North Pacific Ocean,Very Small,Open Roadstead,21.033332999999999,107.366667000000007
53206.0,New Guinea SE Coast -- 53140,Oro Bay, ,PG ROR,Papua New Guinea,Solomon Sea; South Pacific Ocean,Very Small,Coastal (Natural),-8.883333000000000,148.483332999999988
53133.0,New Guinea West Coast - Irian Jaya -- 52900,Jayapura, , ,Indonesia,South Pacific Ocean,Small,Coastal (Natural),-2.533333333000000,140.716666666999998
51865.0,Indonesia - Borneo -- 51760,Tanah Merah, ,ID TAL,Indonesia,Makassar Strait; South Pacific Ocean,Very Small,Coastal (Natural),-1.816667000000000,116.166667000000004
46240.0,Nigeria -- 46120,Okwori Terminal,FPSO Sendje Berge,NG OKW,Nigeria,Gulf of Guinea; North Atlantic Ocean,Very Small,Open Roadstead,3.850000000000000,6.983333000000000
46238.0,Nigeria -- 46120,Okono Terminal,FSPO Mystras,NG OKN,Nigeria,Gulf of Guinea; North Atlantic Ocean,Very Small,Open Roadstead,3.983333000000000,7.300000000000000
46235.0,Nigeria -- 46120,Odudu Terminal, ,NG ODU,Nigeria,Gulf of Guinea; North Atlantic Ocean,Very Small,Open Roadstead,4.000000000000000,7.766667000000000
13815.0,Argentina -- 13310,Bahia Blanca, ,AR BHI,Argentina,South Atlantic Ocean,Very Small,Coastal (Natural),-38.783332999999999,-62.266666999999998
46206.0,Nigeria -- 46120,Bonny Offshore Terminal, ,NG BON,Nigeria,Gulf of Guinea; North Atlantic Ocean,Very Small,Open Roadstead,4.183333000000000,7.233333000000000
50517.0,Sumatera -- 50515,Jabung Batanghari Marine Terminal, ,ID JBT,Indonesia,Natuna Sea; South China Sea; South Pacific Ocean,Very Small,Open Roadstead,-0.916667000000000,104.066666999999995
57890.0,Taiwan -- 57880,Chi-Lung,Keelung,TW KEL,Taiwan,East China Sea; North Pacific Ocean,Large,Coastal (Natural),25.133333000000000,121.766666999999998
61340.0,Japan -- 61100,Ishinomaki Ko,Isinomaki,JP ISM,Japan,North Pacific Ocean,Very Small,Coastal (Natural),38.399999999999999,141.316666999999995
13580.0,Argentina -- 13310,Diamante, ,AR DME,Argentina,Rio de la Plata; South Atlantic Ocean,Very Small,River (Natural),-32.066667000000002,-60.649999999999999
13560.0,Argentina -- 13310,Santa Fe, ,AR SFN,Argentina,Rio de la Plata; South Atlantic Ocean,Small,River (Natural),-31.649999999999999,-60.700000000000003
12050.0,Venezuela -- 11950,Punta Cardon, ,VE PCN,Venezuela,Caribbean Sea; North Atlantic Ocean,Small,Open Roadstead,11.633333000000000,-70.233333000000002
11430.0,Antigua and Barbuda -- 11426,St Johns, ,AG SJO,Antigua and Barbuda,Caribbean Sea; North Atlantic Ocean,Medium,Open Roadstead,17.116667000000000,-61.850000000000001
51587.0,Malaysia -- 49820,Tanjung Pelepas, ,MY TPP,Malaysia,Strait of Malacca; Indian Ocean,Medium,River (Basins),1.350000000000000,103.549999999999997
50516.0,Sumatera -- 50515,Tanjung Balai Karimun, ,ID TJB,Indonesia,Strait of Malacca; Indian Ocean,Very Small,Coastal (Natural),0.983333000000000,103.433333000000005
57900.0,Taiwan -- 57880,Su-Ao,Su Ao Kang,TW SUO,Taiwan,East China Sea; North Pacific Ocean,Medium,Coastal (Breakwater),24.600000000000001,121.866667000000007
51910.0,Indonesia - Borneo -- 51760,Sampit, ,ID SMQ,Indonesia,Java Sea; South Pacific Ocean,Very Small,River (Natural),-2.516667000000000,113.000000000000000
41668.0,Albania -- 41650,Porto Romano,Romano,AL ROM,Albania,Adriatic Sea; Mediterranean Sea; North Atlantic Ocean,Medium,Coastal (Breakwater),41.383333333000003,19.416666667000001
51720.0,Sabah -- 51650,Pelabuhan Sandakan,Elopura,MY SDK,Malaysia,Sulu Sea; North Pacific Ocean,Small,Coastal (Natural),5.833333000000000,118.116667000000007
61170.0,Japan -- 61100,Muroran Ko, ,JP MUR,Japan,North Pacific Ocean,Medium,Coastal (Natural),42.350000000000001,140.966667000000001
51690.0,Sabah -- 51650,Kota Kinabalu,Jesselton,MY BKI,Malaysia,South China Sea; North Pacific Ocean,Medium,Coastal (Natural),5.983333000000000,116.066666999999995
53142.0,New Guinea SE Coast -- 53140,Kumul, ,PG KUL,Papua New Guinea,Gulf of Papua; Coral Sea; South Pacific Ocean,Very Small,Open Roadstead,-8.100000000000000,144.566666999999995
61356.0,Japan -- 61100,Hitachi,Hitaki Ko,JP HTC,Japan,North Pacific Ocean,Very Small,River (Basins),36.500000000000000,140.633332999999993
61310.0,Japan -- 61100,Kamaishi Ko, ,JP KIS,Japan,North Pacific Ocean,Small,Coastal (Natural),39.266666999999998,141.900000000000006
61280.0,Japan -- 61100,Hachinohe Ko, ,JP HHE,Japan,North Pacific Ocean,Small,Coastal (Breakwater),40.533332999999999,141.550000000000011
61355.0,Japan -- 61100,Onahama Ko,Iwaki,JP ONA,Japan,North Pacific Ocean,Small,Coastal (Breakwater),36.933332999999998,140.900000000000006
61385.0,Japan -- 61100,Kawasaki Ko, ,JP KWS,Japan,North Pacific Ocean,Large,Coastal (Breakwater),35.500000000000000,139.766667000000012
61390.0,Japan -- 61100,Yokohama Ko, ,JP YOK,Japan,North Pacific Ocean,Large,Coastal (Breakwater),35.450000000000003,139.583333000000010
53230.0,New Guinea NE Coast -- 53210,Lae, ,PG LAE,Papua New Guinea,Solomon Sea; South Pacific Ocean,Very Small,Open Roadstead,-6.733333000000000,147.000000000000000
53282.0,New Guinea NE Coast -- 53210,Vanimo, ,PG VAI,Papua New Guinea,South Pacific Ocean,Small,Coastal (Natural),-2.683333000000000,141.133332999999993
51920.0,Indonesia - Borneo -- 51760,Kumai, ,ID KUM,Indonesia,Java Sea; South Pacific Ocean,Very Small,River (Natural),-2.750000000000000,111.716667000000001
50180.0,Indonesia -- 50020,Blinyu,Belinjoe,ID BLI,Indonesia,Natuna Sea; South China Sea; South Pacific Ocean,Very Small,Coastal (Natural),-1.633333000000000,105.783332999999999
51890.0,Indonesia - Borneo -- 51760,Banjarmasin, ,ID BDJ,Indonesia,Java Sea; South Pacific Ocean,Very Small,River (Natural),-3.333333000000000,114.583332999999996
51586.0,Sarawak -- 51550,Tawa,Tawau,MY TWU,Malaysia,Celebes Sea; North Pacific Ocean,Very Small,Coastal (Natural),4.250000000000000,117.883332999999993
61160.0,Japan -- 61100,Kushiro Ko,Kusiro,JP KUH,Japan,North Pacific Ocean,Medium,Coastal (Breakwater),42.983333000000002,144.366667000000007
51941.0,Indonesia - Borneo -- 51760,Pontianak, ,ID PNK,Indonesia,Natuna Sea; South China Sea; South Pacific Ocean,Very Small,River (Natural),-0.016666999999900,109.333332999999996
53250.0,New Guinea NE Coast -- 53210,Madang, ,PG MAG,Papua New Guinea,Bismarck Sea; South Pacific Ocean,Very Small,Coastal (Natural),-5.216667000000000,145.816666999999995
56738.0,Bismarck Archipelago -- 56700,Wewak Harbor, ,PG WWK,Papua New Guinea,Bismarck Sea; South Pacific Ocean,Small,Open Roadstead,-3.566667000000000,143.633332999999993
51560.0,Sarawak -- 51550,Kuching, ,MY KCH,Malaysia,South China Sea; North Pacific Ocean,Small,River (Natural),1.566667000000000,110.349999999999994
51730.0,Sabah -- 51650,Lahad Datu, ,MY LDU,Malaysia,Celebes Sea; North Pacific Ocean,Very Small,Coastal (Natural),5.016667000000000,118.316666999999995
51585.0,Sarawak -- 51550,Bintulu Port, ,MY BTU,Malaysia,South China Sea; North Pacific Ocean,Small,Coastal (Breakwater),3.266667000000000,113.066666999999995
51840.0,Indonesia - Borneo -- 51760,Balikpapan, ,ID BPN,Indonesia,Makassar Strait; South Pacific Ocean,Small,Coastal (Natural),-1.250000000000000,116.816666999999995
51811.0,Indonesia - Borneo -- 51760,Bontang Lng Terminal, ,ID BXT,Indonesia,Makassar Strait; South Pacific Ocean,Very Small,Coastal (Natural),0.100000000000000,117.483333000000002
51820.0,Indonesia - Borneo -- 51760,Samarinda, ,ID SRI,Indonesia,Makassar Strait; South Pacific Ocean,Very Small,River (Natural),-0.516667000000000,117.116667000000007
51710.0,Sabah -- 51650,Kudat, ,MY KUD,Malaysia,South China Sea; North Pacific Ocean,Very Small,Open Roadstead,6.883333000000000,116.849999999999994
61120.0,Japan -- 61100,Abashiri Ko, ,JP ABA,Japan,Sea of Okhotsk; North Pacific Ocean,Small,Coastal (Breakwater),44.016666999999998,144.283332999999999
51860.0,Indonesia - Borneo -- 51760,Kota Baru, ,ID KBU,Indonesia,Makassar Strait; South Pacific Ocean,Very Small,Coastal (Natural),-3.233333000000000,116.216667000000001
45120.0,Egypt Mediterranean -- 45120,Al Arish,El Arish,EGAAC,Egypt,Mediterranean Sea; North Atlantic Ocean,Medium,Coastal (Breakwater),31.152045051000002,33.831078335000001
30930.0,Germany -- 30650,Helgoland,Helgoland Vorhafen,DEHGL,Germany,North Sea; North Atlantic Ocean, , ,54.172438358000001,7.895715237000000
12940.0,Brazil SE Coast -- 12700,Angra Dos Reis, ,BRADR,Brazil,South Atlantic Ocean,Small,Coastal (Natural),-23.016667000000002,-44.316667000000002
12890.0,Brazil SE Coast -- 12700,Macae,Macahe,BR MEA,Brazil,South Atlantic Ocean,Very Small,River (Natural),-22.366667000000000,-41.766666999999998
60323.0,South Korea -- 60315,Daesan Hang,Daesan,KR TSN,South Korea,Yellow Sea; North Pacific Ocean,Very Small,Open Roadstead,37.016666999999998,126.400000000000006
12960.0,Brazil SE Coast -- 12700,Sao Sebastiao, ,BR SSO,Brazil,South Atlantic Ocean,Small,Open Roadstead,-23.800000000000001,-45.399999999999999
12920.0,Brazil SE Coast -- 12700,Rio De Janeiro, ,BR RIO,Brazil,South Atlantic Ocean,Large,Coastal (Natural),-22.899999999999999,-43.166666999999997
12850.0,Brazil SE Coast -- 12700,Vitoria,Victoria,BRVIX,Brazil,South Atlantic Ocean,Medium,River (Natural),-20.316666999999999,-40.333333000000003
12855.0,Brazil SE Coast -- 12700,Tubarao, ,BRTUB,Brazil,South Atlantic Ocean,Large,Coastal (Breakwater),-20.283332999999999,-40.250000000000000
9511.0,Mexico East Coast -- 9350,Progreso,Terminal Remota,MX PGO,Mexico,Gulf of Mexico; North Atlantic Ocean,Very Small,Open Roadstead,21.283332999999999,-89.666667000000004
49457.0,India East Coast -- 49310,Krishnapatnam, ,INKRI,India,Bay of Bengal; Indian Ocean, , ,14.250000000000000,80.133333332999996
49455.0,India East Coast -- 49310,Kattupalli Port, ,INKRI,India,Bay of Bengal; Indian Ocean,Large, ,13.306944444000001,80.352222221999995
9510.0,Mexico East Coast -- 9350,Puerto Progreso, ,MXPGO,Mexico,Gulf of Mexico; North Atlantic Ocean, , ,21.350000000000001,-89.683333332999993
49970.0,Malaysia -- 49820,Melaka,Malacca,MY MEA,Malaysia,Strait of Malacca; Indian Ocean,Small,River (Natural),2.200000000000000,102.250000000000000
60320.0,South Korea -- 60315,Inchon,Chemulpo; Jinsen,KR INC,South Korea,Yellow Sea; North Pacific Ocean,Large,River (Basins),37.466667000000001,126.616667000000007
60430.0,South Korea -- 60315,Mukho,Mugho,KR MUK,South Korea,Sea of Japan; North Pacific Ocean,Very Small,Coastal (Breakwater),37.566667000000002,129.116667000000007
60431.0,South Korea -- 60315,Tonghae,Donghae,KR TGA,South Korea,Sea of Japan; North Pacific Ocean,Very Small,Coastal (Breakwater),37.533332999999999,129.150000000000006
60325.0,South Korea -- 60315,Pyeongtaek Hang, ,KR PTK,South Korea,Yellow Sea; North Pacific Ocean,Medium,River (Natural),37.000000000000000,126.799999999999997
60385.0,South Korea -- 60315,Chinae,Jinhae,KR CHF,South Korea,Korea Strait; North Pacific Ocean,Small,Coastal (Natural),35.133333000000000,128.650000000000006
60340.0,South Korea -- 60315,Mokpo,Moppo,KR MOK,South Korea,Yellow Sea; North Pacific Ocean,Medium,River (Natural),34.783332999999999,126.383332999999993
12950.0,Brazil SE Coast -- 12700,Gebig, , ,Brazil,South Atlantic Ocean,Small,Open Roadstead,-23.050000000000001,-44.216667000000001
12970.0,Brazil SE Coast -- 12700,Santos, ,BR SSZ,Brazil,South Atlantic Ocean,Large,Coastal (Natural),-23.949999999999999,-46.299999999999997
46140.0,Nigeria -- 46120,Koko, ,NG KOK,Nigeria,Bight of Benin; Gulf of Guinea; North Atlantic Ocean,Very Small,River (Natural),6.000000000000000,5.466667000000000
46135.0,Nigeria -- 46120,Escravos Oil Terminal, ,NG ESC,Nigeria,Bight of Benin; Gulf of Guinea; North Atlantic Ocean,Very Small,Open Roadstead,5.500000000000000,5.000000000000000
12935.0,Brazil SE Coast -- 12700,Guaiba Island Terminal,Sepetiba Terminal, ,Brazil,South Atlantic Ocean,Small,Coastal (Natural),-23.016667000000002,-44.033332999999999
12930.0,Brazil SE Coast -- 12700,Niteroi,Nictheroy,BR NTR,Brazil,South Atlantic Ocean,Small,Coastal (Natural),-22.883333000000000,-43.116667000000000
12820.0,Brazil SE Coast -- 12700,Portocel, , ,Brazil,South Atlantic Ocean,Small,Coastal (Breakwater),-19.850000000000001,-40.049999999999997
60400.0,South Korea -- 60315,Ulsan,Urusan,KR USN,South Korea,Korea Strait; North Pacific Ocean,Medium,River (Natural),35.450000000000003,129.400000000000006
60390.0,South Korea -- 60315,Busan,Busan; Pusan,KR PUS,South Korea,Korea Strait; North Pacific Ocean,Large,Coastal (Breakwater),35.100000000000001,129.033332999999999
60410.0,South Korea -- 60315,Pohang, ,KR KPO,South Korea,Sea of Japan; North Pacific Ocean,Small,Open Roadstead,36.049999999999997,129.383332999999993
60380.0,South Korea -- 60315,Masan, ,KR MAS,South Korea,Korea Strait; North Pacific Ocean,Medium,Coastal (Natural),35.183332999999998,128.566666999999995
15370.0,Colombia West Coast -- 15350,Buenaventura, ,COBUN,Colombia,North Pacific Ocean,Medium,Coastal (Natural),3.883333000000000,-77.066666999999995
23520.0,Norway -- 20620,Farsund, ,NO FAN,Norway,North Sea; North Atlantic Ocean,Very Small,Coastal (Natural),58.084666667000000,6.795333333000000
49450.0,India East Coast -- 49310,Chennai (Madras), ,IN MAA,India,Bay of Bengal; Indian Ocean,Large,Coastal (Breakwater),13.100000000000000,80.299999999999997
48970.0,India West Coast -- 48610,Marmagao, ,IN MRM,India,Arabian Sea; Indian Ocean,Medium,Coastal (Breakwater),15.417500000000000,73.795000000000002
14955.0,Peru -- 14830,La Pampilla Oil Terminal, ,PELPP,Peru,South Pacific Ocean,Small,Open Roadstead,-11.933332999999999,-77.133332999999993
49480.0,India East Coast -- 49310,Vishakhapatnam,Vizagapatam,IN NRP,India,Bay of Bengal; Indian Ocean,Medium,Coastal (Breakwater),17.683333000000001,83.299999999999997
49720.0,Andaman Islands -- 49710,Port Blair, ,IN IXZ,India,Andaman Sea; Indian Ocean,Small,Coastal (Natural),11.677777777999999,92.733333333000004
14970.0,Peru -- 14830,Chancay,Puerto De Chancay,PECHY,Peru,South Pacific Ocean,Very Small,Open Roadstead,-11.583333000000000,-77.250000000000000
49590.0,Bangladesh -- 49570,Chittagong, ,BD CGP,Bangladesh,Bay of Bengal; Indian Ocean,Medium,River (Natural),22.316666667000000,91.816666667000007
18055.0,United States W Coast -- 16000,Cherry Point, ,US CP4,United States,Alaska-Canada coastal waters; North Pacific Ocean,Very Small,Coastal (Natural),48.866667000000000,-122.750000000000000
18050.0,United States W Coast -- 16000,Bellingham, ,US BLI,United States,Alaska-Canada coastal waters; North Pacific Ocean,Small,Coastal (Natural),48.750000000000000,-122.500000000000000
18040.0,United States W Coast -- 16000,Anacortes, ,US OTS,United States,Alaska-Canada coastal waters; North Pacific Ocean,Small,Coastal (Natural),48.516666999999998,-122.616667000000007
48605.0,Pakistan -- 48580,Muhamamad Bin Qasim,Port Qasim,PK BQM,Pakistan,Arabian Sea; Indian Ocean,Small,Coastal (Natural),24.766667000000002,67.349999999999994
6860.0,United States E Coast -- 6585,Castine, ,USCAS,United States,North Atlantic Ocean,Very Small,Coastal (Natural),44.383333000000000,-68.733333000000002
61800.0,Japan -- 61100,Maizuru Ko, ,JP MAI,Japan,Sea of Japan; North Pacific Ocean,Small,Coastal (Natural),35.516666999999998,135.333333000000010
48600.0,Pakistan -- 48580,Karachi, ,PK KHI,Pakistan,Arabian Sea; Indian Ocean,Medium,Coastal (Natural),24.783332999999999,66.983333000000002
18235.0,Canada West Coast -- 18080,Port Mellon, ,CA PML,Canada,Alaska-Canada coastal waters; North Pacific Ocean,Very Small,Coastal (Natural),49.516666999999998,-123.483333000000002
49255.0,Sri Lanka -- 49210,Hambantota, ,LKHBA,Sri Lanka,Indian Ocean,Medium, ,6.116666667000000,81.133333332999996
61190.0,Japan -- 61100,Hakodate Ko, ,JP HKD,Japan,North Pacific Ocean,Medium,Coastal (Breakwater),41.783332999999999,140.716667000000001
61840.0,Japan -- 61100,Nanao Ko, ,JP NNO,Japan,Sea of Japan; North Pacific Ocean,Small,Coastal (Natural),37.049999999999997,136.983332999999988
49200.0,Maldive Islands -- 49190,Male, ,MV MCP,Maldives,Laccadive Sea; Indian Ocean,Very Small,Coastal (Natural),4.166666667000000,73.500000000000000
49240.0,Sri Lanka -- 49210,Colombo, ,LK CMB,Sri Lanka,Laccadive Sea; Indian Ocean,Medium,Coastal (Breakwater),6.950000000000000,79.849999999999994
61245.0,Japan -- 61100,Ishikari Bay New Port,Ishikariwan Ko,JP ISI,Japan,Sea of Japan; North Pacific Ocean,Medium,Coastal (Breakwater),43.216667000000001,141.283332999999999
49460.0,India East Coast -- 49310,Machilipatnam, , ,India,Bay of Bengal; Indian Ocean,Very Small,Open Roadstead,16.149999999999999,81.166667000000004
